회차,교시,분야,문제번호,문제
104회,1교시,발송배전,1,"6.6kV또는13.8kV급공장구내에설치된한시과전류보호계전기상호간의협조시간간격을제시하고,이간격을유지하기위한시간협조항목을설명하시오."
104회,1교시,발송배전,2,고압전동기용과전류계전기(50/51)를정정하는방법을설명하시오.
104회,1교시,발송배전,3,송전망에사용하는SPS(SpecialProtectionSystem)에대하여설명하시오.
104회,1교시,발송배전,4,대용량발전기에적용하는예방진단시스템을설명하시오.
104회,1교시,발송배전,5,"배전용에사용하는22.9kVCable에서CN/CV,CNCV-W,FRCNCO-W,TRCNCV-W의구조(형태)와특징을설명하시오."
104회,1교시,발송배전,6,수차발전기와화력용터빈발전기를비교설명하시오.
104회,1교시,발송배전,7,전력계통에서수전단전압과송전전력과의관계에대하여설명하시오.
104회,1교시,발송배전,8,ESS(EnergyStorageSystem)와UPS(UninterruptiblePowerSupply)를비교설명하시오.
104회,1교시,발송배전,9,저압지중배전계통구성방식에대하여설명하시오.
104회,1교시,발송배전,10,대용량화력의부하변동에따른발전기자기부하제어특성을설명하시오.
104회,1교시,발송배전,11,전력시스템의기본신뢰도지수에관하여설명하시오.
104회,1교시,발송배전,12,아래그림은대용량산업플랜트시스템이다.변압기TR2의유지보수시전동기M2전원공급을위한전동기절체방법5가지를설명하시오.
104회,1교시,발송배전,13,아래그림의다분기모선의F1점사고시모선보호용비율차동계전방식(Partialdifferentialprotection(87B))에대하여설명하시오. F1 87B1 87B2 N.OCB3N.CCB1 N.CCB2 Ⅰ1 Ⅰ Ⅰ2 BUS1 BUS2 P1+Q1 P2+Q2 T/L#1 T/L#2
104회,2교시,발송배전,1,신규로계통에연결할터빈발전기의동기가불일치할때(1)터빈발전기에발생할수있는손상을설명하시오.(2)이손상을방지하기위한동기투입조건을제시하시오.(3)비동기투입될경우동기조건별로각각예상되는계통운영상의문제점을설명하시오.
104회,2교시,발송배전,2,"가스터빈발전기100MW2기,스팀터빈발전기100MW1기로구성된복합화력발전소의주단선도(KeySingleLineDiagram)를설계하고,주요기기의용량선정사유와주요기기사양을설명하시오.(단,발전기전압22kV,발전기역률80%,정지형여자기사용,고압전동기전압6.6kV,저압전동기전압0.46kV,송전전압154kV사용)"
104회,2교시,발송배전,3,수력발전소에서조압수조(Surgetank)의기능과서징작용(Surging)및조압수조의종류와특징에대하여설명하시오.
104회,2교시,발송배전,4,전력계통에서주파수제어(AFC)와경제부하배분(ELD)과의협조제어방식에대하여설명하시오.
104회,2교시,발송배전,5,345kV변전소에서변압기1차측과전류계전기정정시다음사항을설명하시오.(1)여자돌입전류를고려한Digital계전기와Analog계전기에서정한시정정차이점(2)여자돌입전류메커니즘(Mechanism)및발생원인
104회,2교시,발송배전,6,다기계통을해석할경우상차각과전력편차를이용한안정도계산법을설명하시오.
104회,3교시,발송배전,1,대용량유연탄화력발전소를신규로건설하고자한다.타당성조사역무(workscope)내용을작업순서대로설명하시오.
104회,3교시,발송배전,2,우리나라의장기전력계통운영계획을수립하기위한일환으로전력계통신뢰도및품질유지를위하여검토해야할주요역무5가지이상을열거하고설명하시오.
104회,3교시,발송배전,3,화력발전소에서급수순환방법에의한보일러종류와특징에대하여설명하시오.
104회,3교시,발송배전,4,"자동부하전환개폐기(ALTS)의운영방법,적용기준,운전방식,설치시유의사항에대하여설명하시오."
104회,3교시,발송배전,5,대용량발전소의설계시검토되는다음사항을설명하시오.(1)동기임피던스와단락비관계의수식(2)단락비를크게하기위한동기기제작상고려사항(3)단락비를크게할경우계통특성에미치는영향
104회,3교시,발송배전,6,연가(Transposition)의목적을선로정수L과C를사용하여설명하시오.
104회,4교시,발송배전,1,전압무효전력제어에이용되는주요기기의종류와그역할을설명하시오.
104회,4교시,발송배전,2,낙차가작은수력발전소에서원통형(Tubular)수차와직결하여사용하는유도발전기의장ㆍ단점을설명하시오.
104회,4교시,발송배전,3,전력계통의부하모선에서의전압변동이그모선에접속된부하응답모델의소비전력에미치는영향에대하여설명하시오.
104회,4교시,발송배전,4,"HVDC(HighVoltageDirectCurrent)시스템구성설비중다음사항에대하여설명하시오.(1)필터설계시주의사항,최소용량,설치목적(2)시스템에서발생되는고조파가각종기기에미치는영향"
104회,4교시,발송배전,5,분산전원을연계할경우배전계통과송전계통의문제점및대책에대하여각각설명하시오.
104회,4교시,발송배전,6,그림과같이발전소G는1000kVA와2000kVA를갖는발전소로서발전소내에정격차단용량150MVA의차단기가사용되고있다.이발전소를10000kVA의주변압기를갖는인접한변전소S와연계해서운전하고자할경우발전기의차단기는절체하지않고연계선의한류리액터X를삽입하려고한다.전압변동을고려하여10%여유를둘경우의리액턴스X를구하시오.
107회,1교시,발송배전,1,"알루미늄(Al) 권선 변압기의 특정을 통 (Cu) 권선 변압기와 비교하여 설명하시오 ,"
107회,1교시,발송배전,2,"케이 블 의 단락전자력을 설명하고 아래 조건으로 케이블 단락전자력 [k g!m] 을 구하시오. (조건)(1) 케이 블 500mm 2 에서 케이블 바깔지 름 D = 47mm (2) 단락전류 파고값 I"", = 30 kA ("
107회,1교시,발송배전,3,"케이 블 배열에 따른 계수 K "" 0.866 3. 보호계전 기의 동작 협조곡선 작성 순서 및 유의사항에 대하여 설명하시오."
107회,1교시,발송배전,4,변압기용량 산정 시 K - Factor와의 관계 에 대하여 설명하시오.
107회,1교시,발송배전,5,화력발전소의 절탄기와 공기 예 열기에 대하여 설명 하시 오.
107회,1교시,발송배전,6,가공송전선의 진동과 도약을 감소시키는 방법을 설명하시오.
107회,1교시,발송배전,7,전력계통에서 전압 이 너무 높거나 낮을 경우 나타나는 현상을 전력공급자 측 면에서 설명하시오
107회,1교시,발송배전,8,배전선로의 전압강하에 대하여 전압강하율과 전압 변 통율로 설명하시오.
107회,1교시,발송배전,9,동기발전기의 유효전력을 일정하게 운전하는 조건을 벡터도로 설명하시오.
107회,1교시,발송배전,10,변압기의 여자돌입전류 발생 시 보호계전기 오통작 방지대책에 대하여 설명하시오.
107회,1교시,발송배전,11,애자섬락전압의 종류와 특 정을 설명하시오
107회,1교시,발송배전,12,지중케이블 접속 시 절연접속함 보호방식에 피뢰기 를 사용한 방식을 설명하시오
107회,1교시,발송배전,13,중성점 접지 계 통 에서 NGR(Neutral Ground Reactorl 설치목적과 적용개소에 대하여 설명하시오
107회,2교시,발송배전,1,동기발전기 전압조정방식의 종류를 들고 각각에 대하여 설명하시오.
107회,2교시,발송배전,2,케이블의 전기적 특성에서 손실과 전위경도에 대하여 설명하시오
107회,2교시,발송배전,3,초고압 송전선로 코로나 방전 시의 임계전압과 코로나 장해 및 방지대책에 대하여 셜명하시오.
107회,2교시,발송배전,4,"배전선로의 보호기기로 사용되는 자동 재폐로 차단기 (Recloser) 의 개요, 일반원리 및 동작순서에 대하여 설명하시오,"
107회,2교시,발송배전,5,전력계통의 안정도 향상대책에 대하여 설명하시오.
107회,2교시,발송배전,6,영상분 고조파가 아래 설비에 미치는 영향과 대책에 대하여 설명하시오. (1) 발전기 (2) 변압기 (3) 콘멘서 (4) 중성선케이블
107회,3교시,발송배전,1,전기방식(電氣防飯)에 대하여 설명하시오
107회,3교시,발송배전,2,연료전지의 종류 와 특정 동작원리에 대하여 설명하시오
107회,3교시,발송배전,3,무부하 운전 중 인 발전기 출력단자를 갑자기 3상 단락하였 을 때 나타나는 돌발 3상 단락전류에 대하여 설명하시오.
107회,3교시,발송배전,4,"초전도 한류기의 개요 및 동작특성, 구성도와 동작원리에 대하여 설명하시오"
107회,3교시,발송배전,5,유도장해의 원인과 대책에 대하여 설명하시오.
107회,3교시,발송배전,6,SVC(Static Var Compensator) 동작 원 리 와 제 어 방식 애 대 하여 설 명 하시 오.
107회,4교시,발송배전,1,고압 유도전동기 보호방식에 대하여 설명하시오 .
107회,4교시,발송배전,2,아래 그림과 같은 계통에서 F점의
107회,4교시,발송배전,3,"상 단락전류를 계산하고, 이때의 각 선로의 고장전류 분포를 구하시오. (단, 각 부분의 리액턴스는 그림에 주어진 바와 같고, 100 MVA , 66kV 기준임 ) B 50[%] 억 40[%] { F , 20[%] 3 수차 종류별 특정과 수차발전기의 비속 도 와 무구속속도에 대하여 설명 하시오."
107회,4교시,발송배전,4,전력계통의 전압 · 무효전력 제어방식에 대하여 설명하시오.
107회,4교시,발송배전,5,전위 강하법을 이용한 접지저항측정에서 측정값 오차가 최소가 되는 조건 (
107회,4교시,발송배전,6,1. 8 %)에 대하여 설명하시오 6 활선상태 전력케이블의 열화진단법에 대하여 설명하시오.
108회,1교시,발송배전,1,"부하의전압특성중일정임피던스모델을설명하고,관련식으로나타내시오."
108회,1교시,발송배전,2,"직류조류계산법을설명하고,직류조류계산의기본방정식(P=)을유도하시오."
108회,1교시,발송배전,3,국내345kV계통에적용하고있는보호계전방식과그특징을설명하시오.
108회,1교시,발송배전,4,"부하단에서의전력과전압의관계를나타낸Pr-Vr곡선을그리고,부하의역률에따른전압안정도를설명하시오."
108회,1교시,발송배전,5,화력또는원자력발전소를건설하기위한위치선정시고려해야할사항에대해설명하시오.
108회,1교시,발송배전,6,발․변전소에서는선로의접속이나분리를위해차단기및단로기를설치하고있다.이들의역할을설명하고조작시유의사항에대해설명하시오.
108회,1교시,발송배전,7,해수양수발전의특징및문제점에대해설명하시오.
108회,1교시,발송배전,8,"가공선으로사용되는전선은대표적으로경동연선,강심알루미늄선,내열강심알루미늄선,알루미늄피복강선등이있다.이들의특징을비교설명하시오."
108회,1교시,발송배전,9,공사감리업무수행시공사관리단계에서의검측업무기본수행방향및검측절차에대해설명하시오.
108회,1교시,발송배전,10,"배전선로에서송전거리를4배까지늘리고자할경우전압은몇배로승압하여야하는지설명하시오.(단,전선과전력,전력손실,역율은동일하며,승압전전압V1,승압후전압V2이다.)"
108회,1교시,발송배전,11,전력조류계산을통해서알수있는송전특성및계통의운용과계획적측면에대하여설명하시오.
108회,1교시,발송배전,12,고장전류중직류분에의한포화현상이발생할경우에변류기는과도적인현상이나타난다.이에대한특성에대하여설명하시오.
108회,1교시,발송배전,13,전기설비기술기준에서정하는발전기등의보호장치에서발전기및연료전지의보호장치에대해설명하시오.
108회,2교시,발송배전,1,"동기발전기의등가회로를나타내고,동기기의단락전류의시간적변화상황을설명하시오."
108회,2교시,발송배전,2,"전력계통에사고발생시발전기의가속을억제하기위한안정도향상대책이필요하다.발전기1기무한대계통에있어서안정도향상을위한대책을설명하고,구체적인예(방안)를제시하시오."
108회,2교시,발송배전,3,전력계통에서주파수변동은전력의변동과밀접한관계가있다.발전기출력․부하전력의주파수특성과주파수추종운전(Governorfree)에대해설명하시오.
108회,2교시,발송배전,4,"다음그림에보인계통에서1선지락,2선지락,2선단락사고가발생하였을경우각각의등가정상고장임피던스를구하시오.단,:고장점F에서의고장전상전압 :고장점F에서계통측을본배후의영상,정상,역상임피던스"
108회,2교시,발송배전,5,목재펠릿(WoodPellet)보일러시스템의안전장치항목및판정기준에대해설명하시오.
108회,2교시,발송배전,6,변전기기의내진대책에대하여아래순서로설명하시오.1)개요2)동적내진설계시고려사항3)내진대책중지진파의공진을피하는방법및부재를강화하는방법1-1
108회,3교시,발송배전,1,"다음피뢰설비에대한물음에답하시오.1)피뢰기의설치장소는가능한한피보호기기에근접해서설치하는것이유효하다는것을설명하시오.2)아래그림과같이파동임피던스Z1=300Ω,Z2=200Ω의"
108회,3교시,발송배전,2,개의선로접속점P에피뢰기를설치하였을때Z1의선로로부터파고E=400kV의전압파가내습하였다.선로Z2에의전압투과파의파고를75kV로억제하기위한피뢰기의저항(R)을계산하시오.EZ1 Z2R피뢰기 2.계통내에미소한외란이있었을때발전기의내부상차각이어떻게동요하는가를나타내는일반식을유도하시오.
108회,3교시,발송배전,3,전력계통의전압을규정값으로유지하기위한무효전력공급원에대하여설명하시오. P
108회,3교시,발송배전,4,화력발전에서사용되는미분탄연소방식의장단점및버너에분배하는방법에따른종류에대해설명하시오.
108회,3교시,발송배전,5,"해상풍력제어시스템의제어요소중정상한계내에서통제하고,유지해야할항목에대하여설명하시오."
108회,3교시,발송배전,6,직류송전(HVDC)변환설비의전류형과전압형에대하여설명하시오.
108회,4교시,발송배전,1,"발전기의등가회로를나타내고,발전기돌발3상단락전류에대하여설명하시오."
108회,4교시,발송배전,2,"장거리송전선로의송전용량결정시고려해야할조건을제시하고,송전용량을결정하기위한고유부하법과송전용량계수법에대해설명하시오."
108회,4교시,발송배전,3,"임의의송전선에대하여다음과같은(1)무부하시험,(2)단락시험을실시하므로써이송전선의특성임피던스 와전파정수 를구할수있음을설명하시오."
108회,4교시,발송배전,4,"4단자정수와인선로가병렬접속되어있을경우,이들을종합한합성4단자정수를구하시오."
108회,4교시,발송배전,5,"송전전력선주위에있는통신선사이에발생할수있는유도장해에대한대책으로차폐선을가설한다.이때의차폐계수에대한식을유도하고,차폐효과에대하여설명하시오."
108회,4교시,발송배전,6,EESS(ElectricalEnergyStorageSystem)에적용되는전지에대하여설명하시오.1)EESS의개요2)EESS개념적원리3)EESS운영에따른분류4)에너지저장장치용전지적용기술5)에너지저장시스템(EESS)으로서적용되는전지의종류3가지와각각의원리및장․단점1-1
110회,1교시,발송배전,1,정현파의실효값과평균값의의미를설명하시오.
110회,1교시,발송배전,2,동기발전기의병렬운전시기전력의크기(전압)가다를경우발생되는현상에대하여설명하시오.
110회,1교시,발송배전,3,플랜트전력계통의Insulationcoordinationstudy에대하여설명하시오.
110회,1교시,발송배전,4,무부하변압기1차차단장치가각상동시투입이되지않았을때의현상에대하여설명하시오.
110회,1교시,발송배전,5,변압기온도상승시험에대하여설명하시오.
110회,1교시,발송배전,6,"154[kV],100[MVA]기준임피던스가3+j9[%]인송전선로수전단에250+j50[MVA]의조류가흐르고수전단전압이154[kV]일때유효전력손실과무효전력손실을구하시오."
110회,1교시,발송배전,7,코로나임계전압과코로나방지대책을설명하시오.
110회,1교시,발송배전,8,전력케이블의손실에대하여설명하시오.
110회,1교시,발송배전,9,거리계전기의언더리치(Underreach)와오버리치(Overreach)에대하여설명하시오.
110회,1교시,발송배전,10,동수력학에서연속의정리와베르누이의정리를설명하시오.
110회,1교시,발송배전,11,"가스터빈과발전기,제어장치가하나의패키지형태인마이크로가스터빈(MGT)의특징을설명하시오."
110회,1교시,발송배전,12,수용가측면에서의Flicker대책을설명하시오.
110회,1교시,발송배전,13,캐비테이션(Cavitation)현상에대하여설명하시오.
110회,2교시,발송배전,1,6.6kV비접지선로에서1선지락사고시등가회로를그리고고장전류및영상전압산출식을유도하시오.
110회,2교시,발송배전,2,부하역율이진상및지상일경우동기기의전기자반작용에대하여각각설명하시오.
110회,2교시,발송배전,3,3상송전계통에서중성점잔류전압에대하여설명하시오.
110회,2교시,발송배전,4,전력퓨즈(PowerFuse)의시간-전류특성에대하여설명하시오.
110회,2교시,발송배전,5,신배전시스템의하나인FRIENDS(FlexibleReliableandIntelligentElectricalEnergyDeliverySystem)의특징과기술적과제에대해설명하시오.
110회,2교시,발송배전,6,화석연료사용에따른환경문제는국가적으로시급한대책마련이요구되고있다.화력발전소에서의공해방지대책에대하여설명하시오.
110회,3교시,발송배전,1,플랜트전력설비의ElectricalSystemStudy의하나인ArcFlashAnalysis에대하여설명하시오.
110회,3교시,발송배전,2,차단기의TripFree및AntiPumping에대하여설명하시오.
110회,3교시,발송배전,3,피뢰기설치위치와피뢰기의정격전압결정시고려할사항에대하여설명하시오.
110회,3교시,발송배전,4,변압기내부고장보호를위한기계식보호장치대하여설명하시오.
110회,3교시,발송배전,5,전력케이블의트리(Tree)현상에대하여설명하시오.
110회,3교시,발송배전,6,중성선에흐르는제3고조파전류로인한영향과대책에대하여설명하시오.
110회,4교시,발송배전,1,가공선과지중선이결합되는선로에진행파가진행시결합점의전위를구하는방법으로Bewley가고안한격자도(latticediagram)에대하여설명하시오.
110회,4교시,발송배전,2,분산형전원의전력계통연계시고려사항중FRT(FaultRideThrough)에대하여설명하시오.
110회,4교시,발송배전,3,"그림과같은계통의선로중앙에서1선지락고장이발생했을때영상,정상,역상대칭분회로및등가회로를그리고설명하시오."
110회,4교시,발송배전,4,배전선로에서부하율이좋으면손실(옴손)이적음을부하율(F)과손실계수(H)를이용하여설명하시오.
110회,4교시,발송배전,5,과도회복전압(TransientRecoveryVoltage)의특성과차단기에미치는영향을설명하시오.
110회,4교시,발송배전,6,"송전선에서무부하시험,단락시험을실시하여특성임피던스와전파정수를구하는방법을설명하시오."
111회,1교시,발송배전,1,우리나라전력계통에신규로연계될때요구되는풍력발전기(20MW이상)의형식과해당발전기의특성을설명하시오.
111회,1교시,발송배전,2,한류리액터의역할및전력계통에미치는영향을설명하시오.
111회,1교시,발송배전,3,송전선로에서연가(Transposition)의목적을설명하시오.
111회,1교시,발송배전,4,페란티현상(FerrantiPhenomenon)에대하여설명하시오.
111회,1교시,발송배전,5,송전계통에서사용되고있는재폐로보호방식을설명하시오.
111회,1교시,발송배전,6,변전소에서접지를하는목적과중요접지개소에대하여설명하시오.
111회,1교시,발송배전,7,양수발전소는저수지용량에따라운전시간이달라진다.운전시간에따른양수발전소의운전방식에대하여설명하시오.
111회,1교시,발송배전,8,석탄화력발전소에서집진장치의설치목적과종류에대하여설명하시오.
111회,1교시,발송배전,9,가공송전선로의지지물인철탑의기초공법중마이크로파일공법에대하여개념도를그리고설명하시오.
111회,1교시,발송배전,10,"초고압지중선로중154kV케이블(Cable)의접속방법중PMJ(Pre-moldedJoint)공법,TMJ(TapeMoldedJoint)공법,CSJ(ColdShrinkableJoint)공법을설명하시오."
111회,1교시,발송배전,11,전기력선밀도를이용하여대칭정전계의세기를구하기위한법칙에대하여설명하시오.
111회,1교시,발송배전,12,"자동검침시스템인AMR과,첨단검침인프라AMI에대하여설명하시오."
111회,1교시,발송배전,13,아래그림과같은발변전소의2중모선(DoubleBus)에서평상시No.1T/L은A모선에서No.2T/L은B모선에서공급하고모선연락용CB는개방되어있는경우다음의각물음에답하시오.1)B모선을점검하기위하여절체하는조작순서를쓰시오2)B모선을점검후원상복귀하는조작순서를쓰시오.
111회,2교시,발송배전,1,"아래그림을참고하여등면적법에대하여설명하시오.(단,가속·감속영역을과도안정도와연관하여설명할것)"
111회,2교시,발송배전,2,계통에서고장발생시고장전류저감을위한대책방안을설명하시오.
111회,2교시,발송배전,3,차단기의정격과동작책무에대하여설명하시오.
111회,2교시,발송배전,4,중수감속중수냉각형원자로에대하여설명하시오.
111회,2교시,발송배전,5,변위전류에대하여다음물음에답하시오.1)전도전류와변위전류의개념을설명하시오.2)전력용유입콘덴서에유전율이2인절연유에인가된전계가sin(V/m)일때콘덴서내부에서변위전류밀도(A/m2)를계산하시오.
111회,2교시,발송배전,6,"피뢰기에대하여다음물음에답하시오.1)피뢰기의방전내량에대하여설명하시오.2)피뢰기적용시고려사항을설명하시오.3)피뢰기설치장소를쓰고,그림에서피뢰기시설이의무화되어있는장소를도면을그리고⊗표시하시오."
111회,3교시,발송배전,1,전력계통신뢰도및전기품질유지기준에서운영예비력을구성하고있는주파수조정예비력과대기대체예비력의정의를설명하시오.
111회,3교시,발송배전,2,자동전압조절장치(AVR)의동작특성에관하여설명하시오.
111회,3교시,발송배전,3,원자력발전소의다중방호벽에의한안전개념에대하여설명하시오.
111회,3교시,발송배전,4,"전선경간을S(m),전선의최저점에서의수평장력을T(kg),전선의중량을w(kg/m)라할때전선지지점에고저차가없는경우의이도D(m)를구하시오."
111회,3교시,발송배전,5,"철탑인상공법의필요성을설명하고,HelperTower공법과Enclosing공법의특성을비교하여설명하시오."
111회,3교시,발송배전,6,"발전기의기본식을이용하여발전기b상이지락되었을경우,b상의지락전류및건전상의전압을구하시오."
111회,4교시,발송배전,1,"자동발전제어(AGC)의역할과동작특성을설명하시오.(단,조속기동작을포함하여서술한다.)"
111회,4교시,발송배전,2,"고전압직류(HVDC,HighVoltageDirectCurrent)변환설비중전류형(LCC,LineCommutatedConverter)과전압형(VSC,VoltageSourceConverter)의차이점을설명하시오."
111회,4교시,발송배전,3,"수차의종류중펠톤수차의구조,출력및효율에대하여설명하시오."
111회,4교시,발송배전,4,중거리송전선로의T형등가회로와벡터도(수전단전압을기준벡터로취한경우)를그리고이를이용하여송전단의전압및전류를유도하시오.
111회,4교시,발송배전,5,"변압기의등가회로를작성하려고한다.다음물음에답하시오.1)등가회로를작성하기위해단락시험과개방시험의회로도를작성하시오.(단,변압기는단상2400/240V,15kVA이다.)2)단락시험과개방시험으로구할수있는사항에대하여설명하시오.3)단락시험,무부하시험으로변압기효율을구하는식을간단히설명하시오.4)%임피던스와변압기고장시단락전류,변압기전압변동률과의관계에대하여수식을쓰고설명하시오."
111회,4교시,발송배전,6,"정전압송전에서전력원선도에대하여다음물음에답하시오.1)송,수전단전압이각각인3상1회선송전선에의해수전단의평형부하에공급할수있는최대유효전력을구하시오. (단,송전선각상임피던스는이고선로의정전용량은무시하며,이송전선로는정전압송전방식이다.)2)송전선의수전단전력원의방정식이으로표현되는전력계통에서무부하시수전단전압을일정하게유지하는데필요한조상기의종류,조상용량을원선도상에표시하시오.(단,P(kW),Q(kVar)이다.)"
112회,1교시,발송배전,1,지중케이블의 고장점 탐색 방법 중 머레이루프법(Murray Loop Method)에 대하여 설명하시오.
112회,1교시,발송배전,2,변압기 과부하 운전 시 온도영향 및 수명과의 관계를 설명하시오.
112회,1교시,발송배전,3,송전선로에서 발생되는 중성점 잔류전압에 대하여 설명하시오.
112회,1교시,발송배전,4,능동형 전기품질 보상기에 대하여 설명하시오.
112회,1교시,발송배전,5,대용량 유입식변압기의 기계적보호장치인 부흐홀쯔계전기와 충격압력계전기를 비교 설명하시오.
112회,1교시,발송배전,6,몰드(Mold) 변압기 제조방법에 대하여 설명하시오.
112회,1교시,발송배전,7,리튬이온축전지에 대하여 다음 내용을 설명하시오. 1) 양극재의 종류 2) 구성 및 원리 3) 장·단점
112회,1교시,발송배전,8,APR-1400 원자력발전소의 개요 및 특징에 대하여 설명하시오.
112회,1교시,발송배전,9,연선의 연입률(Pitch Ratio)에 대하여 설명하시오. 수험 번호 성 명
112회,1교시,발송배전,10,배압식 터빈에 대하여 설명하시오.
112회,1교시,발송배전,11,"아래 그림과 같이 3상 3선식과 3상 4선식 선로로 각각 평형 3상 부하에 전력을 공급할 때 전선로 내의 손실 비율을 구하시오. (단, 선로의 길이와 전선의 중량은 같고 3상 4선식의 경우 전력선과 중성선의 굵기도 같다.)"
112회,1교시,발송배전,12,"변압기의 1차, 2차측에서 본 %임피던스가 동일함(%Z 1 =%Z 2 )을 설명하시오."
112회,1교시,발송배전,13,변류기(CT)의 열적 과전류 강도와 기계적 과전류 강도에 대하여 설명하시오.
112회,2교시,발송배전,1,발전기 단자에서
112회,2교시,발송배전,2,상 단락사고 시 전류의 크기가
112회,2교시,발송배전,3,상 단락사고 전류크기의 86.6[%]가 됨을 설명하시오. 2. 전력용변압기의 OIP(Oil Impregnated Paper)부싱과 RIP(Resin Impregnated Paper) 부싱을 비교 설명하시오. 3. 가스절연개폐장치(GIS : Gas Insulated Switch Gear)의 장점을 설명하고 25.8kV GIS 제작 및 설치 후 시행하는 시험내용에 대하여 각각 설명하시오.
112회,2교시,발송배전,4,지중케이블 냉각방식에 대하여 설명하시오.
112회,2교시,발송배전,5,"전위, 전류의 진행파를 설명하고, 파동 임피던스(Surge Impedance) Z는 선로의 길이에 관계가 없고 전파속도(V)는 광속도와 같음을 설명하시오."
112회,2교시,발송배전,6,대용량 발전기의 진상운전 목적과 진상운전 시 고려할 사항에 대하여 설명하시오.
112회,3교시,발송배전,1,강제 순환식 보일러와 관류식 보일러의 특징 및 장·단점에 대하여 설명하시오.
112회,3교시,발송배전,2,1기 무한대 계통의 안정도 종류와 특징에 대하여 설명하시오.
112회,3교시,발송배전,3,대용량 유입식변압기의 유중가스를 이용한 상태진단 및 고장진단 방법에 대하여 설명하시오.
112회,3교시,발송배전,4,"증기터빈 발전기에서 모터링(Motoring)운전의 개념, 영향 및 방지대책에 대하여 설명하시오."
112회,3교시,발송배전,5,전력계통에서 계통전압이 너무 낮을 때와 높을 경우에 계통에 미치게 되는 영향을 설명하시오.
112회,3교시,발송배전,6,단권변압기(Auto Transformer)의 장 단점과 자기용량보다 더 큰 부하로 운전할 수 있음을 설명하시오.
112회,4교시,발송배전,1,"송전단 전압 V ̇ s = V s ∠ δ , 수전단 전압 V ̇ r = V r ∠0° 그리고 송전선로의 조건이 R≪ X 일 때 송·수전단의 무효전력을 구하시오. V ̇ s = V s ∠ δ P s + j Q s j X I ̇ V ̇ r = V r ∠0° P r + j Q r"
112회,4교시,발송배전,2,애자의 섬락전압(Flashover Voltage)에 대하여 설명하시오.
112회,4교시,발송배전,3,"전력계통에 설치하는 한류기(Current Limitter)의 동작원리, 설치효과 및 종류별 특성에 대하여 설명하시오."
112회,4교시,발송배전,4,화력발전소의 보일러 설계 시 고려하는 열부하율과 1000 MW급의 보일러 연소방식에 대하여 설명하시오. 수험 번호 성 명
112회,4교시,발송배전,5,"전압, 전류의 진행파에서 전압투과계수( ɼ e ), 전류투과계수( ɼ i ) 및 반사계수( β )를 유도 하고 아래의 관계식이 맞음을 설명하시오. [관계식] ɼ e - β = 1 ɼ i + β = 1"
112회,4교시,발송배전,6,분산형전원 배전계통 연계 기준에서 비정상 전압 혹은 비정상 주파수 발생 시 분산형 전원의 분리기준(시간)을 설명하시오.
113회,1교시,발송배전,1,수력발전소에서낙차의종류와손실수두에대하여설명하시오.
113회,1교시,발송배전,2,통합조류기(UPFC:UnifiedPowerFlowController)에대하여설명하시오.
113회,1교시,발송배전,3,부하의유효전력이일정한경우와부하의피상전력이일정한경우에역률개선용콘덴서의용량변화에대하여각각설명하시오.
113회,1교시,발송배전,4,관로내케이블설치시발생하는잼레이쇼(JamRatio)에대하여설명하시오.
113회,1교시,발송배전,5,갤로핑(Galloping)현상의원인및대책에대하여설명하시오.
113회,1교시,발송배전,6,가스터빈의열효율을P-V선도를이용하여설명하고이용가능한에너지면적을표시하시오.
113회,1교시,발송배전,7,변압기병렬운전조건과3상변압기의병렬운전가능또는불가능결선에대하여각각설명하시오.
113회,1교시,발송배전,8,지중송전의전력구감시시스템의주요기능및시스템구성에대하여설명하시오.
113회,1교시,발송배전,9,화력계통의경제부하배분중송전손실을고려할경우의협조방정식을구하시오.
113회,1교시,발송배전,10,피뢰기에관한다음의용어를설명하시오.1)정격전압2)제한전압3)방전전류4)상용주파방전개시전압5)충격방전개시전압2-1
113회,1교시,발송배전,11,태양광발전시스템에서바이패스다이오드(Bypassdiode)와역전류방지다이오드(Blockingdiode)에대하여설명하시오.
113회,1교시,발송배전,12,그림과같은회로에서전류을중첩의원리를이용하여구하시오.
113회,1교시,발송배전,13,"원자력발전에서감속재(Moderator)의역할,구비조건,종류에대하여각각설명하시오. 청렴은 건전한 국가 재정의 첫걸음"
113회,2교시,발송배전,1,초고압전력계통의전압․무효전력제어방식에대하여각각설명하시오.
113회,2교시,발송배전,2,"배전전력구의규모결정시고려사항및결정방법,접지시설방법에대하여각각설명하시오."
113회,2교시,발송배전,3,"대용량화력발전기와승압변압기의보호계전단선도를그리고,계전기(87G,40,32,24,51V)의보호목적과원리에대하여각각설명하시오.(단,중성점접지보호방식은접지변압기를사용하는것으로한다.)"
113회,2교시,발송배전,4,"에너지저장장치(ESS)와건물에너지관리시스템(BEMS)의개요및용도,의무적용대상에대하여각각설명하시오."
113회,2교시,발송배전,5,다음과그림과같은회로에서a상완전지락시지락전류와b상의전압를구하시오.
113회,2교시,발송배전,6,변압기1차측중성점이직접접지되어Y-△결선으로운전중인상태에서1차측한상이결상되었을때변압기에미치는영향에대하여설명하시오. 청렴은 건전한 국가 재정의 첫걸음
113회,3교시,발송배전,1,발․변전소에적용하고있는모선회로구성결정시고려사항과모선결선방식에대하여설명하시오.
113회,3교시,발송배전,2,"배전선로보호기기중아래사항에대하여설명하시오.1)선로용퓨즈(LineFuse)구성요소별적용시고려사항,설치위치2)자동재폐로차단기(Recloser)의원리,동작상태의분류및동작순서(순시동작2회,지연동작2회)"
113회,3교시,발송배전,3,"F1점에서3상단락고장이발생한경우,다음물음에답하시오.1)F1점에유입되는고장전류(kA)2)차단기C의차단용량(MVA)(단,모선전압은345kV이고,각부분의설비용량과임피던스는그림과같다.) ABC EFD200MVA10% Reactor100MVA5% 100MVA20% 50MVA10%Tr350MVA10% Tr4100MVA10%100MVA10%Tr2100MVA10% Tr1200MVA10% F1"
113회,3교시,발송배전,4,가공송전선로의이도측정법에대하여설명하시오.
113회,3교시,발송배전,5,고조파전류가콘덴서회로에미치는영향과대책에대하여설명하시오.
113회,3교시,발송배전,6,"발전기출력과주파수와의관계,속도조정률및조속기프리(GovernorFree)운전에대하여설명하시오. 청렴은 건전한 국가 재정의 첫걸음"
113회,4교시,발송배전,1,화력발전소의연료비특성을설명하시오.
113회,4교시,발송배전,2,전력계통에서주파수변동및부하변동의원인과특성에대하여각각설명하시오.
113회,4교시,발송배전,3,"그림과같은3권선변압기에서외부고장이발생했을때비율차동계전기용변류기를Y-Y결선과△-△결선으로나누어각각그리고,변압기권선,변류기,억제코일(RE),동작코일(OP)에흐르는전류를표시하고설명하시오.(단,변압기및변류기의변성비는1:1이고외부지락고장전류는300A이다.)"
113회,4교시,발송배전,4,가공배전선로에서지선의종류를장력유무와사용목적에따라각각설명하시오.
113회,4교시,발송배전,5,"디지털보호계전기의구성도를그리고목적,장단점,주요구성요소를각각설명하시오."
113회,4교시,발송배전,6,"대용량케이블계통에연계된화력발전소가계통에서분리되어단독운전할경우,계통전압및발전기운전상의문제점과대책에대하여각각설명하시오. 청렴은 건전한 국가 재정의 첫걸음"
114회,1교시,발송배전,1,"전력조류계산시,가우스-자이델법과뉴턴-랩슨법의특징을설명하시오."
114회,1교시,발송배전,2,현수애자련의전압분포및각애자에전압분담을균등하게하는방법을설명하시오.
114회,1교시,발송배전,3,풍력발전의출력제어방식에대하여설명하시오.
114회,1교시,발송배전,4,3상교류발전기무부하운전중발전기단자에서3상단락시시간경과에따른단락전류와리액턴스의관계를설명하시오.
114회,1교시,발송배전,5,전력계통고장파급방지시스템(SPS:SpecialProtectionSystem)의설치목적및기능에대하여설명하시오.
114회,1교시,발송배전,6,"차단기(CB),부하개폐기(LBS),단로기(DS)의동작특성을설명하시오."
114회,1교시,발송배전,7,송전용량과송전전압및송전거리와의관계를송전용량계수법을이용하여설명하시오.
114회,1교시,발송배전,8,중성점접지방식중소호리액터접지방식의원리에대하여설명하시오.
114회,1교시,발송배전,9,변압기의소음발생원인및저감대책에대하여설명하시오.
114회,1교시,발송배전,10,“전기설비기술기준및판단기준”에의한무인발전소시설의설치기준을쓰시오.
114회,1교시,발송배전,11,"3상,50Hz,6극,Y결선동기발전기가계자전류3A에서단자전압1,000V로운전중이다.이발전기를60Hz로운전할경우,발전기단자전압을구하시오.(단,동기속도와계자전류는50Hz로운전했을때와동일한것으로한다.)"
114회,1교시,발송배전,12,"전압과전류가각각,∠,∠로표현된경우복소전력를구하고복소전력의의미를설명하시오."
114회,1교시,발송배전,13,전력계통의경제운용중발전기의등증분연료비법칙에대하여설명하시오. 청렴은 건전한 국가 재정의 첫걸음
114회,2교시,발송배전,1,개방사이클가스터빈과밀폐사이클가스터빈에대하여설명하시오.
114회,2교시,발송배전,2,원자력발전의핵연료주기(NuclearFuelCycle)에대하여설명하시오.
114회,2교시,발송배전,3,"전력계통에투입되는태양광발전및풍력발전의용량이증가함에따라발생할수있는문제점,원인및전력계통측면에서의대책을설명하시오."
114회,2교시,발송배전,4,"전기저장장치(ESS)를배터리형과비배터리형으로구분하여종류별작동원리및특징,ESS의전력계통적용방안에대하여설명하시오."
114회,2교시,발송배전,5,변압기Y-Y결선방식의특징과송전선로에적용시문제점에대하여설명하시오.
114회,2교시,발송배전,6,"절연물의유전체손발생원인,유전체손의벡터도와수식,전기설비에의활용방안에대하여설명하시오. 청렴은 건전한 국가 재정의 첫걸음"
114회,3교시,발송배전,1,"풍력발전의특징,풍차의출력계수와주속비,적용시고려사항에대하여설명하시오."
114회,3교시,발송배전,2,수력발전소의종류를운용방법에따라분류하고설명하시오.
114회,3교시,발송배전,3,회피비용(AvoidCost)을정의하고분산형전원이수도권에설치될경우전력계통에서발생하는회피비용의종류에대하여설명하시오.
114회,3교시,발송배전,4,"HVDC와HVAC송전방식을기술성,환경성,경제성측면에서비교하고,전류형HVDC와전압형HVDC를비교설명하시오."
114회,3교시,발송배전,5,전력선이통신선에근접해있을경우발생되는유도장해에대하여다음을설명하시오.1)정전유도및전자유도2)전력선측과통신선측면에서의유도장해경감대책
114회,3교시,발송배전,6,중거리송전선로의특성과π형등가회로및벡터도를설명하시오. 청렴은 건전한 국가 재정의 첫걸음
114회,4교시,발송배전,1,동기발전기출력가능곡선(CapabilityCurve)을이용하여동기발전기의운전제한조건및운전시주의사항을설명하시오.
114회,4교시,발송배전,2,가압수형원자로(PWR)와비등수형원자로(BWR)에대하여설명하시오.
114회,4교시,발송배전,3,"태양광발전시스템설계절차를간단히설명하고,다음계산조건을이용하여태양광설치에필요한모듈수및최종설치용량을구하시오.<계산조건>1)설치예정용량:약500kW2)모듈정격용량:300W3）모듈개방전압:38V/모듈4)모듈개방전압온도계수:-0.4%/℃5)인버터최대허용전압:1,000V6)일사강도:1kW/㎡7)태양전지동작최저온도/표면온도:-20/25℃"
114회,4교시,발송배전,4,전력수요관리의유형을일부하변동곡선에적용하여설명하시오.
114회,4교시,발송배전,5,3상3선식송전선로에서의인덕턴스종류3가지에대하여설명하시오.
114회,4교시,발송배전,6,"배전계통의손실계수,부하율과손실계수와관계및분산손실계수에대하여설명하시오. 청렴은 건전한 국가 재정의 첫걸음"
115회,1교시,발송배전,1,Faraday의전자유도법칙(lawofelectromagneticinduction)을설명하시오.
115회,1교시,발송배전,2,가공전선의굵기결정시검토사항을설명하시오.
115회,1교시,발송배전,3,"60Hz정현파교류의파형을그리고,최대치와실효치의관계와의미를설명하시오."
115회,1교시,발송배전,4,"그림과같이,전원이제거된후두초기조건(즉,초기전류,초기전압V)에의하여동작하는회로가있다.시간≥일때이회로에흐르는전류를라고하자.전류로표시된미분방정식을구하시오."
115회,1교시,발송배전,5,"태양광발전시스템에서인버터의역할과인버터회로절연방식인아래의3가지방식을설명하시오.상용주파변압기절연방식,고주파변압기절연방식,트랜스리스(transless)방식2-1"
115회,1교시,발송배전,6,"변압기의Y-Δ,Δ-Y,Δ-Δ,Y-Y결선에서전압의각변위(angulardisplacement)에대하여설명하시오."
115회,1교시,발송배전,7,동기발전기의전기자반작용의영향과대책에대하여설명하시오.
115회,1교시,발송배전,8,"2대의발전기의증분연료비(incrementalfuelcost)가λ₁=df₁/dP₁=0.012P₁+8.0,λ₂=df₂/dP₂=0.008P₂+"
115회,1교시,발송배전,9,"6이고,총부하가400MW이다.선로손실을무시할때,발전비용이최소가되는최적발전출력P₁,P₂를구하시오.(단,f₁,f₂의단위는원/hour,P₁,P₂의단위는MW이다.)9.송전선로에서송전용량을산정할때선로의열적한계(thermallimit),전압강하한계(voltagedroplimit),정상상태안정도한계(steady-statestabilitylimit)를고려해야한다.이3가지한계에대하여설명하시오."
115회,1교시,발송배전,10,"3상송전선로의영상,정상,역상리액턴스를구하는방법을설명하시오."
115회,1교시,발송배전,11,"부하의역률을개선하면a)전력(유효전력,무효전력등),b)송전전류,c)임피던스의관점에서어떤점이달라지는지설명하시오."
115회,1교시,발송배전,12,"가공송전선로의미풍진동현상의발생원인,문제점및방지대책에대하여설명하시오."
115회,1교시,발송배전,13,발전기의전력(PG)-주파수(f)특성과부하의전력(PL)-주파수(f)특성에대하여설명하시오.
115회,2교시,발송배전,1,"전력계통의무효전력발생원과소비원을열거하고,무효전력의과부족시문제점과대책에대하여설명하시오."
115회,2교시,발송배전,2,"특성임피던스가각각ZΩ,ZΩ인두개의케이블이그림과같이연결되어있고,V의직류전압신호가좌측케이블을통하여우측으로전송되고있다.다음물음에답하시오.(a)케이블지점에서좌측으로반사되는전압을구하시오.(b)케이블지점에서우측케이블로전달되는전압를구하시오. 6600V"
115회,2교시,발송배전,3,"수차의비속도(Ns)를설명하고,수차(펠톤,프란시스,프로펠러,카플란,사류수차)별비속도의한계값과비속도측면에서본각수차의특징을설명하시오."
115회,2교시,발송배전,4,"3상평형회로의각상의선로임피던스가Z,각상의부하임피던스(Y결선)가Z이다.3상전원V,V,Vc에불평형전압이나타날때,다음경우에서상선로에흐르는선전류I를구하시오.(단,전원측과부하측은Y결선이다.)a)중성점이접지되어있고,접지임피던스가Zn인경우b)중성점이비접지인경우"
115회,2교시,발송배전,5,"전력계통에서경제급전(economicloaddispatch),안전도제약경제급전(securityconstrainedeconomicloaddispatch),최적조류계산(optimalpowerflow)의(a)목적,(b)필요성,(c)계산방법을비교설명하시오."
115회,2교시,발송배전,6,"발전용보일러의종류및표준석탄화력에주로쓰이는관류형보일러방식의원리,구성및장·단점에대하여설명하시오."
115회,3교시,발송배전,1,"다음은전력원선도에관한설명이다.각각의물음에답하시오.(1)전력원선도상의P손실,Q손실을나타내고전력원선도로부터파악할수있는사항을간략히설명하시오.(2)일정역률(cos)의부하를증가시키는경우에정전압을유지하기위한수전단의조상설비운용방법을설명하시오."
115회,3교시,발송배전,2,"디젤엔진,가스엔진,가스터빈을사용한열병합발전시스템의구성도를그려서설명하고,이들원동기를적용한열병합발전시스템의특징을비교표로나타내시오."
115회,3교시,발송배전,3,가공선로에설치되어있는가공지선의전자유도장해차폐효과를설명하시오.
115회,3교시,발송배전,4,전원이제거된후에내부에너지에의하여동작하는직렬회로를흐르는전류는시정수가ms인지수꼴로감쇠하는형태를나타낸다.저항값을Ω만큼증가시켰더니시정수가절반이되었다고한다.회로의을구하시오. 국가기술자격기술사시험문제
115회,3교시,발송배전,5,"아래와같은배전계통의고장점'A'에서3상단락전류(I3s)와1선지락전류(Ig)를대칭좌표법으로구하시오.(단,소수점둘째자리에서반올림한다.) ․전원측(계통)임피던스:11%(100MVA기준)․주변압기의임피던스:9.5%(자기용량에서)․3상단락의고장저항은무시하며,1선지락의고장저항값은7.5Ω․정상및역상임피던스(ACSR95mm²):5.8+j8.41(%/km)․영상임피던스(ACSR95-58mm²):14.02+j32.36(%/km) 3Φ 30000kVA 154/22.9kVACSR95mm2×3 9km ACSR58mm2×1NA"
115회,3교시,발송배전,6,원자력발전의안전성확보를위한심층방어개념과원자로사고예방대책에대하여설명하시오. 기술사제115회 제3교시(시험시간:100분)분야전기·전자자격종목발송배전기술사수험번호성명 A
115회,4교시,발송배전,1,"발전기를전력계통에병입하여운전하고자할때발전기의병렬운전조건을제시하고,계통병입절차및동기검정방법을설명하시오."
115회,4교시,발송배전,2,"케이블DC내전압시험과비교해서AC내전압시험의일종인VLF(verylowfrequency)시험의필요성을설명하고,VLF내전압시험,VLFTD(tan)시험,VLFPD(부분방전)시험법에대하여각각설명하시오."
115회,4교시,발송배전,3,"발전기단락비의의미를설명하고,장거리송전선로에서발전기가자기여자(selfexcitation)현상을일으키지않을조건을설명하시오."
115회,4교시,발송배전,4,케이블에전기적고장이발생한경우사고점탐지법을3가지들고설명하시오.
115회,4교시,발송배전,5,"전력계통의과도안정도해석에서다음을설명하시오.a)2회선중1선로의고장시,일정시간후고장난1회선이차단되었을경우등면적법으로안정도를판별하는방법b)임계고장제거시간(criticalclearingtime)"
115회,4교시,발송배전,6,"양수발전소의효율은70%수준이다.그럼에도불구하고양수발전소를운용하는이유를설명하고,양수발전소의경제적운용(최적양수(pumping)및발전(generation))방법에대하여설명하시오."
117회,1교시,발송배전,1,발전기 축전류의 발생 원인과 방지 대책에 대하여 설명하시오.
117회,1교시,발송배전,2,"154kV 가공송전선로 설계 시 적용되는 표준절연간격, 최소절연간격 및 이상시 절연 간격에 대하여 설명하시오."
117회,1교시,발송배전,3,지중송전케이블의 시스 와전류손실과 시스 순환전류손실에 대하여 설명하시오.
117회,1교시,발송배전,4,동수력학에서 베르누이의 정리(Bernoulli’s Theorem)를 설명하시오.
117회,1교시,발송배전,5,몰드 변압기의 공장검사 시험항목에 대하여 설명하시오.
117회,1교시,발송배전,6,전력용 변압기의 무부하손실과 부하손실에 대하여 설명하시오.
117회,1교시,발송배전,7,부하 시 전압조정기(OLTC : On Load Tap Changer)에 대하여 설명하시오.
117회,1교시,발송배전,8,"계통의 고장 계산에서 기준전력을 100MVA로 할때 22.9kV와 154kV의 기준전류, 기준 임피던스를 구하시오."
117회,1교시,발송배전,9,"신에너지 및 재생에너지 개발·이용·보급 촉진법에 의한 신에너지와 재생에너지의 종류를 분류하고, 신재생에너지의 일반적인 장점에 대하여 설명하시오. 수험 번호 성 명"
117회,1교시,발송배전,10,분산형전원의 계통연계 시 고려사항을 설명하시오.
117회,1교시,발송배전,11,전력케이블의 열화 검출 방법 중 정전 진단 방법을 설명하시오.
117회,1교시,발송배전,12,지중선로 사고 탐색법 중 머레이 루프법을 설명하시오.
117회,1교시,발송배전,13,고조파 전류에 의한 장해를 설명하시오.
117회,2교시,발송배전,1,다음은 전력계통에서 준수해야 할 ‘전력계통 신뢰도 및 전기품질 유지기준’ 항목이다. 각각에 대하여 설명하시오. (1) 전압조정 목표 (
117회,2교시,발송배전,2,전압유지 범위 (
117회,2교시,발송배전,3,"신재생발전기의 무효전력 출력 2. 한류리액터로 사용되는 건식 공심리액터의 구조적 특징을 설명하고, 현장적용 시 유의사항을 전기적, 자계적 측면에서 각각 설명하시오. 3. 교류(AC) 지중송전선로를 채용하는 이유와 장·단점을 가공송전선로와 비교하여 설명하시오."
117회,2교시,발송배전,4,"수차에서 발생하는 캐비테이션(Cavitation)에 대하여 개념, 문제점, 방지대책에 대하여 설명하시오."
117회,2교시,발송배전,5,"동기발전기의 동작원리와 구조를 설명하고, 회전계자형을 채택하는 이유에 대하여 설명하시오 ."
117회,2교시,발송배전,6,"시각 동기 위상측정장치(Phasor Measurement Unit, PMU)의 특징과 전력계통에서 활용할 수 있는 방안에 대하여 설명하시오."
117회,3교시,발송배전,1,"화력발전소에서는 주말기동정지, 일일기동정지 등에 따른 설비 운전의 신축성을 주기 위하여 터빈 바이패스(By-pass) 계통을 채용한다. (1) 터빈 바이패스 계통도를 나타내고, ("
117회,3교시,발송배전,2,"터빈 바이패스 운전의 목적, ("
117회,3교시,발송배전,3,보일러 형식별 터빈 바이패스 운전의 특징을 설명하시오. 2. 3상
117회,3교시,발송배전,4,"선식 배전선로에서 중성선 단선 시 각 상에 발생하는 이상전압을 밀만의 정리를 이용하여 구하시오. (계산조건 : 각 상의 전압     ∠       ∠         ∠    각 상의 부하 임피던스     Ω      Ω      Ω 선로의 임피던스는 무시한다) 3. 접촉전압(Touch Voltage), 보폭전압(Step Voltage)에 대하여 설명하고 접촉전압 및 보폭전압 저감 방안을 설명하시오. 4. 3단계 거리계전기의 정정 시 설비의 오·부동작을 방지하기 위하여 고려되는 분류효과에 대하여 설명하시오."
117회,3교시,발송배전,5,전압 안정도를 P-V곡선을 이용하여 설명하시오.
117회,3교시,발송배전,6,전력계통의 단락전류 억제대책을 설명하시오.
117회,4교시,발송배전,1,"복도체 가공송전선로의 서브스판 진동(Subspan Oscillation)에 대해서 설명하고,"
117회,4교시,발송배전,2,도체 송전선로보다 4도체 송전선로가 서브스판 진동에 더 취약한 이유를 설명하시오. 2. 그림과 같은
117회,4교시,발송배전,3,"상 배전선이 있다. 변전소 A의 전압을 3300V, 중간점 B의 부하를 50A (지상역률 80%), 말단의 부하를 50A(지상역률 80%)라고 한다. 지금 AB간의 선로 길이를 2km, BC간의 선로 길이를"
117회,4교시,발송배전,4,"km라 하고 선로의 임피던스는 r=0.9[ Ω /km], x=0.4[ Ω /km]라 할 때 다음 사항을 구하시오. (1) B, C점의 전압 (2) C점에 전력용 콘덴서를 설치해서 진상 전류를 40A 흐르게 할 때 B, C점의 전압 (3) 전력용 콘덴서 설치 전후의 선로 손실 A 4km B 3300V 50A cos θ = 0.8 50A cos θ = 0.8 C 2km 수험 번호 성 명 3. 발전소 건설을 위한 타당성 조사 방법에 대하여 설명하시오. 4. 원방감시 제어 시스템(Supervisory Control And Data Acquisition, SCADA)의 전력계통 상태 추정에 대하여 설명하시오."
117회,4교시,발송배전,5,콘덴서 개폐에 따른 계통상의 문제점을 설명하시오.
117회,4교시,발송배전,6,"지중에 매설된 금속 구조물의 전기적인 부식현상을 방지하기 위해서는 전기방식 설비를 설치하고, 주기적으로 관대지전위차(管對地電位差)를 측정하여 관리한다. 관대지전위차에 대해서 설명하고, 측정목적과 측정방법 및 평가기준에 대하여 설명 하시오."
118회,1교시,발송배전,1,발전기후비보호방식의종류별동작개념및특성을비교설명하시오.
118회,1교시,발송배전,2,"변압기절연내력(DielectricStrength)을정의하고,변압기제작후절연내력을검증하기위한시험에대하여설명하시오."
118회,1교시,발송배전,3,기력발전소의열효율에영향을미치는요소들에대하여설명하시오.
118회,1교시,발송배전,4,철탑계탑공법(鐵塔繼塔工法)의개요및특징에대하여설명하시오.
118회,1교시,발송배전,5,지중케이블냉각방식의종류와특징에대하여설명하시오.
118회,1교시,발송배전,6,피뢰기정격전압의정의와정격전압결정시고려사항에대하여설명하시오.
118회,1교시,발송배전,7,전력계통의특성해석을위한부하응답모델에대하여설명하시오.
118회,1교시,발송배전,8,3전류계법으로단상전력을측정하는방법을설명하시오.
118회,1교시,발송배전,9,전력수급비상시시행하는순환단전방법및제외대상시설에대하여설명하시오.
118회,1교시,발송배전,10,우리나라에서실시하고있는중장기배전계획의절차를설명하시오.
118회,1교시,발송배전,11,태양광발전시스템에서독립형과계통연계형을비교설명하시오.
118회,1교시,발송배전,12,"파형율(FormFactor)과파고율(CrestFactor)에대하여설명하고,아래파형에대한파형율과파고율을구하시오. <구형파(Squarewave)>"
118회,1교시,발송배전,13,"전력계통을망방정식보다모선방정식으로표현하는이유를설명하고,다음계통에대하여3단자모선방정식의어드미턴스Y11,Y12,Y13를구하시오.(단,계통내부에는기전력이포함되지않고,충전커패시턴스,전력콘덴서등은부하로취급) #2모선#1모선#3모선"
118회,2교시,발송배전,1,동기발전기의병렬운전조건이일치하지않을때발생하는문제점에대하여설명하시오.
118회,2교시,발송배전,2,"전력구풍냉시스템송풍방식의종류,특징및적용기준을설명하시오."
118회,2교시,발송배전,3,해저케이블경과지조사시포설루트의필요조건및조사항목을설명하시오.
118회,2교시,발송배전,4,전력품질의정의와평가지표에대하여설명하시오.
118회,2교시,발송배전,5,"다음과같은연료비특성을가진2대의발전기로구성된계통이있다. 원 원부하이50[MW]일때,다음조건에서연료비를비교하시오.1),가균등하게부하을분담할경우2),가경제부하배분출력으로부하을분담할경우"
118회,2교시,발송배전,6,"우리나라의일반적인배전계통배전전압을22.9[kV-Y]3상4선식다중접지방식으로선정한기술적,경제적이유에대하여설명하시오."
118회,3교시,발송배전,1,"수차의전기식조속기와기계식조속기를비교하고,조속기의속도조정률과속도변동률에대하여설명하시오."
118회,3교시,발송배전,2,"345[kV]및154[kV]변압기중성점피뢰기의정격전압을선정하고,발전기무부하운전중주변압기(22/345[kV],Δ-Y결선,중성점비접지)의2차(고압)측에서1선지락발생시중성점에설치된피뢰기의건전성을판정하시오."
118회,3교시,발송배전,3,"초전도자기에너지저장설비(SMES)의기본구성,동작원리,특징및적용에대하여설명하시오."
118회,3교시,발송배전,4,전선로나변전소에사용되는애자의염진해대책에대하여설명하시오.
118회,3교시,발송배전,5,"국내에적용중인‘FACTS(FlexibleACTransmissionSystem)’설비에대하여보상대상,제어목적,동작원리및특징을각각설명하시오."
118회,3교시,발송배전,6,"사선상태에서고전압회전기기(발전기,전동기)의고정자권선절연진단방법에대하여설명하시오."
118회,4교시,발송배전,1,"연료전지중고체산화물연료전지(SOFC,SolidOxideFuelCell)의특성과장·단점을설명하시오."
118회,4교시,발송배전,2,"345[kV]및154[kV]모선과송전선에적용되는계기용변압기의설치,결선방식및용도에대하여설명하시오."
118회,4교시,발송배전,3,유입식변압기의유중가스를이용한상태진단및고장진단방법에대하여설명하시오.
118회,4교시,발송배전,4,"1일부하변동과발전소운용의특징및기저부하,중간부하,첨두부하담당발전소의요구조건에대하여각각설명하시오."
118회,4교시,발송배전,5,"ATS(AutomaticTransferSwitch)와CTTS(ClosedTransitionTransferSwitch)를비교하고,「분산형전원배전계통연계기술기준」에따라비상발전기를계통에연결하기위한동기화방법을설명하시오."
118회,4교시,발송배전,6,"22.9[kV]3상4선식계통에서3상단락전류Is,1선지락고장전류Ig를구하시오.(단,주변압기자기용량은3상50[MVA]이고,100[MVA]기준정격전류(In)및1[]당고장저항값의%Impedance는각각2500[A],20[%]로계산할것)<계산조건>1)계통의%Impedance(100[MVA]기준):15[%]2)주변압기%Impedance(자기용량에서):2.5[%]3)선로의정상%Impedance(100[MVA]기준):30[%]4)선로의영상%Impedance(100[MVA]기준):45[%]5)1선지락시고장저항값:5[]"
119회,1교시,발송배전,1,투자율(Permeability)과유전율(Permittivity)에대하여설명하시오.
119회,1교시,발송배전,2,전력계통운용의자동화를위한제어방식중부하주파수제어(LFC:LoadFrequencyControl)에대하여설명하시오.
119회,1교시,발송배전,3,소규모신재생발전설비의증가로인하여전력시장에서발생하는부작용을해소하기위하여도입된‘소규모전력중개사업’에대하여설명하시오.
119회,1교시,발송배전,4,22.9kV-Y다중접지배전선로에서중성선의역할3가지를설명하시오.
119회,1교시,발송배전,5,종합고조파왜형률(THD:TotalHarmonicsDistortion)과등가방해전류(EDC:EquivalentDisturbingCurrent)를설명하시오.
119회,1교시,발송배전,6,"변압기의실측효율및규약효율에대하여정의하고,최대효율조건을설명하시오."
119회,1교시,발송배전,7,가공송전선로에서사용되는스페이서댐퍼(SpacerDamper)유지보수에사용되는공법중스페이서지그(SpacerJig)공법을설명하시오.
119회,1교시,발송배전,8,"R=1Ω의저항을그림과같이무한히연결할때,ab간의합성저항을구하시오."
119회,1교시,발송배전,9,"6600/220V인두대의단상변압기A,B가있다.A변압기의용량은30kVA로서2차로환산한저항값과리액턴스의값은Ω Ω이고,B변압기의용량은20kVA로서2차로환산한저항값과리액턴스의값은ΩΩ이다.이두변압기를병렬운전하여40kVA의부하를연결한경우,각변압기의분담부하(kVA)를구하시오."
119회,1교시,발송배전,10,"송전선로의4단자정수가[ABCD]이고,송전단측에는변압기,수전단측에는변압기가각각접속되었을경우합성4단자정수를구하시오."
119회,1교시,발송배전,11,"풍력발전의풍력에너지(이론출력),출력계수,주속비의정의및관계식을설명하시오."
119회,1교시,발송배전,12,"운영예비력중주파수제어예비력,1차예비력,2차예비력,3차예비력을각각설명하시오."
119회,1교시,발송배전,13,원자력발전에관한다음용어를설명하시오.1)붕괴열2)전자볼트(eV:ElectronVolt)3)α선(AlphaRadiation)
119회,2교시,발송배전,1,원자로의보호대책에대하여설명하시오.
119회,2교시,발송배전,2,지중송전선로케이블포설공법인장경간와이어포설공법을캐터필러(Caterpillar)와롤러(Roller)를이용한방식과비교하여설명하시오.
119회,2교시,발송배전,3,무효전력-전압제어에대하여전압특성을중심으로설명하고무효전력발생원의종류에대하여설명하시오.
119회,2교시,발송배전,4,"집단에너지사업과구역전기사업을각각설명하고,1)법적인측면,2)열공급측면,3)전기공급측면,4)전기판매측면에서비교하여설명하시오."
119회,2교시,발송배전,5,전력계통의공급신뢰도향상대책에대하여설명하시오.
119회,2교시,발송배전,6,"다음과같은조건일때원통형동기발전기의벡터도를그리고,전기자저항을고려한출력식에대하여설명하시오. 상의내부유기기전력 상의단자전압전기자전류 전기자권선저항전기자권선동기리액턴스 역률각tan전기자권선임피던스각 부하각1-1"
119회,3교시,발송배전,1,"발전기자기여자현상의정의및방지대책을기술하고,송전전압345kV"
119회,3교시,발송배전,2,"회선,선로길이250km,선로의작용정전용량0.01μF/km라고할때,이선로에자기여자를일으키지않고충전하기위한발전기최소용량(kVA)을산정하시오.(단,발전기의단락비는1.1,포화율은0.12이다.)2.최근정보화기기및컴퓨터등극히짧은시간에나타나는파형변화와전압변화에민감한기기들의보급증가에따른전력품질문제가대두되고있다.전력품질의정의와전력품질의정도를나타내는평가지표및대책에대하여설명하시오."
119회,3교시,발송배전,3,"에너지저장방식을역학적,열적,전자기적,화학적방식으로구분하여저장원리를설명하시오."
119회,3교시,발송배전,4,전력거래및운영에있어서다음용어를설명하시오.1)발전원가2)발전단가3)정산단가4)구입단가5)판매단가6)균등화발전원가
119회,3교시,발송배전,5,배전선로에서손실경감대책에대하여설명하시오.
119회,3교시,발송배전,6,현재사용중인HSTACIR(High-strengthSuperThermal-resistantAluminumalloyConductorsINVARReinforced)을대체하여송전용량을증대시킬수있는신소재전선의종류및구조와특성을설명하시오.
119회,4교시,발송배전,1,"가공배전선로의무정전공법중공사용개폐기공법,바이패스케이블공법,이동용변압기차공법에대하여설명하시오."
119회,4교시,발송배전,2,"수력발전설비의수차(WaterTurbine)에서발생하는공동현상(CavitationPhenomena)과화력발전설비에서발생하는비등현상(EbullitionPhenomena)을정의하고,상평형선도(TypicalPhaseDiagram)를이용하여공통점과차이점을설명하시오."
119회,4교시,발송배전,3,"다음그림과같이3상교류발전기의b,c상이단락했을경우흐르게될고장전류및각상에나타나는전압을구하시오."
119회,4교시,발송배전,4,"ESS(EnergyStorageSystem)의활용용도를발전,송·배전,수용가측면에서설명하고,ESS시장을BTM(Behindthemeter)과FTM(Infrontofthemeter)으로구분하여비교하시오."
119회,4교시,발송배전,5,"전압변동률cossin가됨을증명하시오.(단,저항강하리액턴스강하)"
119회,4교시,발송배전,6,"현재국내에서건설중인500kVHVDC(HighVoltageDirectCurrent)가공및지중송전선로의개념에대하여설명하고,지중송전선로구간의전력구부대설비구성에대하여설명하시오."
120회,1교시,발송배전,1,배전선로전압강하율및전압변동률에대하여설명하시오.
120회,1교시,발송배전,2,허용인체통과전류의안전한계에대하여설명하시오.
120회,1교시,발송배전,3,애자의건조섬락전압과주수섬락전압에대하여설명하시오.
120회,1교시,발송배전,4,"표준충격전압파형을그리고,파두장및파미장,파두준도에대하여설명하시오."
120회,1교시,발송배전,5,"태양광또는풍력등을이용한신재생에너지발전과관련된아래의약어를설명하고,약어간의연관사항을설명하시오.1)RPS2)REC3)SMP4)1)～3)약어간의연관사항"
120회,1교시,발송배전,6,"전력계통의안정도에서동기화력(SynchronizingPower)을설명하고,1기무한대계통에서전력-상차각을이용한안정도판별에대하여설명하시오."
120회,1교시,발송배전,7,화력발전기운영변동비의대부분은연료비이다.가동단계별전력생산비용구성요소에대하여설명하시오.
120회,1교시,발송배전,8,가공송전선로에서전선벌어짐현상(BirdCage)의발생원인과원인별방지대책을설명하시오.
120회,1교시,발송배전,9,수력발전에서조압수조(SurgeTank)의기능과종류에대하여설명하시오.
120회,1교시,발송배전,10,절연재료에전압을인가하여어느값에도달하게되면급격하게대전류가흘러도체와같이되는현상을절연파괴라고한다.다음물음에답하시오.1)기체의절연파괴를파센의법칙으로설명하시오.2)고체의절연파괴를열적파괴와전자적파괴로나눠서설명하시오.
120회,1교시,발송배전,11,태양광발전시스템에서인버터의단독운전방지를위한수동적검출방식과능동적검출방식에대하여설명하시오.
120회,1교시,발송배전,12,"수차의공동현상(Cavitation)발생원인및영향,방지대책에대하여설명하시오."
120회,1교시,발송배전,13,"정격출력240MW수차발전기가60MW의출력으로60Hz전력계통에접속되어운전하고있다.계통의주파수가59.5Hz로갑자기낮아졌다면이발전기의출력을구하시오.(단,이수차발전기의속도조정률은4%이고직선특성을갖는다.)"
120회,2교시,발송배전,1,배전계통에사용하는보호기기의다음사항에대하여설명하시오.1)T-C특성곡선(Time-CurrentCharacteristicCurve)2)Pick-Up배수3)T-C특성곡선과Pick-Up배수의상호관계
120회,2교시,발송배전,2,스마트그리드를전력계통의운영측면과산업적측면에서기존의전력망과비교하여설명하시오.
120회,2교시,발송배전,3,송전선로에서발생하는유도장해의원인과대책을설명하시오.
120회,2교시,발송배전,4,전력계통의부하변동에따른다음사항에대하여설명하시오.1)발전기의출력분담2)부하추종예비력에대하여정의한후이것이부족할경우전력생산비용의상승이유
120회,2교시,발송배전,5,"터빈발전기의가능출력곡선을나타내고,전압제어를위한무효전력공급원으로서의발전기를설명하시오."
120회,2교시,발송배전,6,"화력발전소의열효율향상을위한열회수장치의종류를나열하고,설치효과에대하여설명하시오."
120회,3교시,발송배전,1,배전계통에서플리커(Flicker)와고조파의원인및대책에대하여설명하시오.
120회,3교시,발송배전,2,고압및저압배전선로구성방식과특성에대하여각각설명하시오.
120회,3교시,발송배전,3,"아래사항에대하여설명하시오.1)장거리무부하송전선을시송전할경우1상당충전용량크기(:1상당충전용량,:송전전압,전류,:수전전압,전류)2)1상분의등가회로가아래그림과같이표현되는무부하지중송전선로에지금mH,F일때이선로의수전단전압은송전단에비해몇%상승하는지구하시오.(단,전원의주파수는60Hz이다.)"
120회,3교시,발송배전,4,"동기조상기,전력용콘덴서(StaticCondenser),분로리액터를비교하여설명하시오."
120회,3교시,발송배전,5,수요관리(DemandSideManagement)를효율향상측면과부하관리측면에서설명하시오.
120회,3교시,발송배전,6,"최대출력200MW,평균부하율85%로운전하고있는화력발전소가있다.이발전소에서15일간에1.6×104kL의중유를소비하였다고하면이발전소의발전단열효율및연료소비율은각각얼마인지구하시오.(단,중유의발열량은10000kcal/L라고한다.)"
120회,4교시,발송배전,1,배전선로에서역률개선에따른효과에대하여설명하시오.
120회,4교시,발송배전,2,아래의22.9㎸배전선로보호장치정정기준에대하여설명하시오.1)변전소계전기(Relay)2)자동재폐로차단기(Recloser)3)선로용휴즈(Fuse)
120회,4교시,발송배전,3,수변전설비에서접지설계시고려할사항을설명하시오.
120회,4교시,발송배전,4,부하전류와수전단전압과의관계인I-V곡선과송전전력과수전단전압과의관계인P-V곡선을이용하여안정운전영역과최대송전가능점을표기하고그이유를설명하시오.
120회,4교시,발송배전,5,"차단기의트립(Trip)방식은제어전원에따라직류트립방식,교류트립방식,CTD(CondenserTripDevice)방식으로나눌수있다.각각의트립방식을회로도를그려서설명하시오."
120회,4교시,발송배전,6,"다음그림과같은바깥반지름R(m)과안반지름r(m)의두개의동심원통을양전극A,B로하고B를접지해서A,B사이에V(V)의전압을인가하면A,B의단위길이마다각각균등하게+q(C/m),-q(C/m)의전하가생긴다.이를이용한실제송전선에서의코로나임계전압(kV)을유도하고,코로나장해와대책을설명하시오.(단,실제송전선의전선은평행하고,≪이다.) +q-qrR xPO 동심원통전극 AB ℓ"
121회,1교시,발송배전,1,"부유식(Floating)해상풍력발전시스템의형식을분류하고,장·단점을설명하시오."
121회,1교시,발송배전,2,"석탄가스화발전소에서연료열량을Q0,가스터빈입력열량을Q1,가스터빈출구열량을Q2,증기터빈입력열량을Q3,증기터빈출구열량을Q4라고할때,석탄가스화계의효율까지고려한전체열효율을계산하시오."
121회,1교시,발송배전,3,입축형수차발전기의추력베어링설치위치에따른종류를열거하고설명하시오.
121회,1교시,발송배전,4,최근초전도현상을응용한154kV급초전도한류기가계통에운용되고있다.초전도체가초전도상태를유지하기위해서필요한3가지임계값을설명하시오.
121회,1교시,발송배전,5,"기본파에3고조파가유입된경우고조파에의한역률저하현상을수식으로설명하시오.(단,3고조파전류()는기본파전류()의로한다.)"
121회,1교시,발송배전,6,전력시장운영규칙에따른국내풍력발전기의순시전압저하시유지성능에대하여설명하시오.
121회,1교시,발송배전,7,태양광발전량이늘어나면서나타날수있는덕커브(DuckCurve)현상에대하여설명하시오.
121회,1교시,발송배전,8,고장파급방지장치(SPS:SpecialProtectionSystem)에의한부하차단의목적을P-V곡선을이용하여간단히설명하시오.
121회,1교시,발송배전,9,"배전계통에사용하는스포트네트워크방식(SpotNetworkSystem)에대해간략하게설명하고,그장·단점에대하여설명하시오."
121회,1교시,발송배전,10,전압강하를보상하기위해배전계통에서사용하고있는전압조정방법들에대하여설명하시오.
121회,1교시,발송배전,11,단락전류에견딜수있는고압케이블의도체단면적(최소치)을구하기위해적용해야할사항을설명하시오.
121회,1교시,발송배전,12,계기용변류기(CurrentTransformer)를이용하여영상전류를얻기위한방법들의회로도를그리고간단히설명하시오.
121회,1교시,발송배전,13,발전기의여자설비를제어하는전력계통안정화장치(PSS:PowerSystemStabilizer)의설치목적과동작원리를설명하시오.
121회,2교시,발송배전,1,해수염도차발전(SGE:SalinityGradientEnergy)에대하여설명하시오.
121회,2교시,발송배전,2,전류형초고압직류송전방식(HVDC)에서다음사항을설명하시오. 1)BacktoBack과PointtoPoint방식비교 2)전류실패(CommutationFailure)현상 3)필터(Filter)설치목적
121회,2교시,발송배전,3,"배전계통에서사용하는고압차단기를소호매질에따라분류하고,차단기별동작원리와특징에대하여설명하시오."
121회,2교시,발송배전,4,"마이크로그리드의정의,특징,기대효과,구성요소에대하여설명하시오."
121회,2교시,발송배전,5,SSR(SubSynchronousResonance)에대하여다음사항을설명하시오. 1)개념 2)원인및문제점 3)대책 4)국내발생가능성
121회,2교시,발송배전,6,"절연레벨에따른절연방법을설명하고,우리나라계통에서저감절연채택이가능한이유에대하여피뢰기제한전압을중심으로설명하시오."
121회,3교시,발송배전,1,"화력발전소의스위치야드송·수전계통도를그리고,스위치야드의형식및설치되는변압기특징을설명하시오. (단,송전용스위치야드는전압이345kV또는154kV로구성되고,수전용스위치야드는154kV로구성된다.)"
121회,3교시,발송배전,2,수차의성능이나특성을나타내는수차의비속도(특유속도)에대하여다음사항을설명하시오.1)수차종류에따른Ns(비속도)의한계값2)비속도와낙차와의관계 3)NSNHPm․kW임을증명
121회,3교시,발송배전,3,전력계통고장계산시X/RRatio가나타내는의미와그크기에따라보호기기선정시어떠한영향이나타나는지설명하시오.
121회,3교시,발송배전,4,배전계획은전력회사가배전계통제반업무와자원배분에대한최적의스케줄을찾아내는중요한의사결정절차라고할수있다.배전설비의신설및보강등을위한중장기배전계획의목적과절차에대하여설명하시오.
121회,3교시,발송배전,5,"발전소나변전소의주접지망(MainMesh)설계시설계순서를나열하고,그내용을설명하시오."
121회,3교시,발송배전,6,"유입변압기를보호하기위한기계적보호장치를열거하고,동작원리,동작설정값및발생신호(경보,트립)에대하여설명하시오."
121회,4교시,발송배전,1,"다음그림의자기유지(SelfHolding)유접점시퀀스회로를무접점논리회로로바꾸고,발전소에서에너지절약및3상유도전동기돌입전류를제한하기위하여적용되는정지형(SoftStarter)제어기와가변속(VVVF)제어기에대하여설명하시오."
121회,4교시,발송배전,2,전력계통의절연은이상전압의크기에의해결정된다.전력계통에서발생하는내·외부이상전압의원인을열거하고각각설명하시오.
121회,4교시,발송배전,3,고조파가전력용변압기에미치는영향과대책에대하여설명하시오.
121회,4교시,발송배전,4,배전손실은배전용변전소로부터공급된전력이수용지점에이르는동안발생하는전기적특성에의한손실(TechnicalLoss)과전력량관리상손실(Non-TechnicalLoss)로구분할수있다.각손실에대한발생요소와해당배전손실을줄일수있는방안에대하여설명하시오.
121회,4교시,발송배전,5,"계통운영시스템(EMS:EnergyManagementSystem)의용어중다음사항에대하여설명하시오. 1)조류계산의목적과각모선에서의기지값,미지값 2)상태추정(StateEstimation) 3)안전도제약경제급전(SecurityConstrainedEconomicDispatch)"
121회,4교시,발송배전,6,우리나라전력계통운영의문제점중다음사항에대한원인및대책을각각설명하시오.1)고장전류증가2)전압안정도취약 3)과도안정도취약
122회,1교시,발송배전,1,화력발전소에사용되는다음의용어에대하여각각설명하시오. 1)증분연료비(IncrementalFuelCostofGeneration) 2)등증분연료비운전(OperationforEqualIncrementalFuelCost)
122회,1교시,발송배전,2,기력발전에사용되는추기복수식터빈과추기배압식터빈에대하여각각설명하시오.
122회,1교시,발송배전,3,가변속양수발전에대하여설명하시오.
122회,1교시,발송배전,4,AMI(AdvancedMeteringInfrastructure)연계BTM(BehindTheMeter)서비스에대하여설명하시오.
122회,1교시,발송배전,5,부하의특성과동작을특정짓는부하모델중부하응답모델에대하여설명하시오.
122회,1교시,발송배전,6,직류조류계산법에대하여설명하시오.
122회,1교시,발송배전,7,"저압뱅킹배전방식에서일어나는캐스케이딩현상을설명하고,그대책에대하여설명하시오."
122회,1교시,발송배전,8,"직류선로에서의전압강하율,전압변동율,전력손실율에대하여설명하시오."
122회,1교시,발송배전,9,"2기계통에서발전소MW,발전소MW로경제운용하고있다. 발전소의증분송전손실이MW일때의발전소의페널티계수(PenaltyFactor)를구하시오. (단,원MWh] 원MWh]이다.)"
122회,1교시,발송배전,10,변압기의효율은철손과동손이같아지는부하일때최고효율로된다는것을증명하시오.
122회,1교시,발송배전,11,"송전선로의선간전압을2배로높였을경우동일전선,동일전력,동일손실하에서의송전거리는어떻게되는지설명하시오."
122회,1교시,발송배전,12,다음의보호계전관련용어에대하여설명하시오. 1)오차2)정동작3)정부동작4)오동작 5)오부동작6)페일세이프(FailSafe)
122회,1교시,발송배전,13,소호환(ArcingRing)또는소호각(ArcingHorn)을설치하는이유를설명하시오.
122회,2교시,발송배전,1,"직접접지계통,고저항접지계통,비접지계통에서의지락과전류계전기결선방법에대하여각각설명하시오."
122회,2교시,발송배전,2,"전력설비충전부에서의ArcFlash분석및평가절차,경감대책에대하여각각설명하시오."
122회,2교시,발송배전,3,"모선계통의Y행렬을구하고,중간에있는모선③을소거하였을때의축약된등가Y를구하시오. (단,그림의숫자는단위법으로나타낸어드미턴스값이다.)"
122회,2교시,발송배전,4,전력계통에접속하여운전중인대용량발전원이전력계통으로부터갑자기탈락하는경우에나타나는현상과발·변전기기에미치는영향및정전범위축소를위한대책에대하여설명하시오.
122회,2교시,발송배전,5,"어느변전소에서지상역률80%인부하6000kW에전력을공급하고있었는데,새로이지상역률60%의부하가1200kW더늘어나게되어서콘덴서를설치하고자한다.아래의각경우에대하여콘덴서용량(kvar)을구하시오. 1)부하증가후역률을80%로유지할경우 2)부하증가후변전소의용량(kVA)을그대로유지하고자할경우 3)부하증가후역률을90%로유지할경우"
122회,2교시,발송배전,6,아래그림과같은계통에서기기의A점에서완전지락이발생하였을경우1)이기기의외함에인체가접촉하고있지않을경우이외함의대지전압은몇V로되는지구하시오.2)이기기의외함에인체가접촉하였을경우인체에는몇mA의전류가흐르는지구하시오.3)인체접촉시인체에흐르는전류를10mA이하로하려면기기의외함에시공된접지공사의접지저항(Ω)의값을얼마의것으로바꾸어주어야하는지구하시오.
122회,3교시,발송배전,1,발전기의고정자권선과회전자권선의과부하보호방법에대하여각각설명하시오.
122회,3교시,발송배전,2,전력계통에서주파수변동은전력의변동과밀접한관계가있다.발전기출력·부하전력의주파수특성과주파수추종운전(GovernorFree)에대하여설명하시오.
122회,3교시,발송배전,3,전력계통에연계되는대규모발전소의절연협조(InsulationCoordination)에대하여설명하시오.
122회,3교시,발송배전,4,발전기가능출력곡선에대하여설명하고발전기의운전한계를결정하는요인중열적제한요인에대하여설명하시오.
122회,3교시,발송배전,5,"3φ3W식및3φ4W식선로로평형3상부하에전력을공급시선로내의손실비는얼마인지구하시오. (단,선로의길이와전선의총중량은같고,4선식의경우전력선과중성선의굵기는동일함.)"
122회,3교시,발송배전,6,배전선로용피뢰기의성능및시험과피뢰기설치기준을각각설명하시오.
122회,4교시,발송배전,1,IGCC(IntegratedGasificationCombinedCycle)와IGFC(IntegratedGasificationFuelCellCombinedCycle)에대하여설명하시오.
122회,4교시,발송배전,2,전력계통의안정도향상대책에대하여설명하시오.
122회,4교시,발송배전,3,"전력계통에서철심포화현상으로발생하는공진현상,공진종류,공진조건및대책을각각설명하시오."
122회,4교시,발송배전,4,"용량100kVA,6600/105V인변압기의철손이1kW,전부하동손이1.25kW이다.이변압기의효율이최고로될때의부하는몇kW인지구하고,또이변압기가무부하로18시간,역률100%의1/2부하로4시간,역률80%의전부하로2시간운전된다고할때이변압기의전일효율을구하시오. (단,부하전압은일정하다.)"
122회,4교시,발송배전,5,교류단상2선식배전선로의말단에단일부하가집중되어있을경우아래사항에대하여설명하시오.1)등가회로및벡터도(를기준벡터로)2)전압강하와전압강하율의관계식유도3)부하전력과무효전력을사용하여전압강하율표현
122회,4교시,발송배전,6,배전계통에서발생하는순시전압강하에대하여설명하시오.
123회,1교시,발송배전,1,분산형전원의계통연계및운영에있어서다음용어를각각설명하시오.1)연계점2)접속설비3)접속점4)공통연결점5)분산형전원연결점
123회,1교시,발송배전,2,"ANSIstandard에따른변류기의규격인C200과C100의의미를설명하고,변류기의2차임피던스가1.5(Ω)일때상기변류기중규격을선정하고,선정방법을설명하시오."
123회,1교시,발송배전,3,HVDC시스템과관련하여다음사항에대하여각각설명하시오.1)전류형HVDC시스템2)전압형HVDC시스템3)각시스템의장단점
123회,1교시,발송배전,4,열병합발전시스템의에너지효율을평가하기위하여사용되는아래평가지표에대하여각각설명하시오.1)발전효율2)부하율3)배열이용율4)종합효율5)열병합의존율
123회,1교시,발송배전,5,복합사이클(CombinedCycle)발전플랜트의기본개념과특징에대하여설명하시오.
123회,1교시,발송배전,6,"단거리송전선로에서송수전양단전압을조상설비를이용하여일정하게유지하고있을때에대한전력원선도를그리고,송전단위상각이36.8도이고수전단위상각이0도일때송수전전력(pu)및손실(pu)을각각구하시오.(단,송전단전압은1.05(pu),수전단전압은1.0(pu)로유지되는것으로하며선로임피던스pu이다.)"
123회,1교시,발송배전,7,"두설비의사고발생률과평균정전시간이각각λ1S1과λ2S2라할때,두설비를직렬및병렬로운전하는경우,직렬설비의사고발생률과평균정전시간(λS,SS),병렬설비의사고발생률과평균정전시간(λP,SP)을구하시오."
123회,1교시,발송배전,8,"접지전극을병렬로접지할때집합계수η의의미를설명하고,그림과같이반경이r(m)인반구형전극을d(m)간격으로이격하여설치할경우η를반경r과간격d의함수로나타내고그특성을설명하시오."
123회,1교시,발송배전,9,"전력계통안정도에서미소신호안정도(SmallSignalStability)의정의,발생원인,주요해석법,대책에대하여각각설명하시오."
123회,1교시,발송배전,10,"변압기에서다음사항을각각설명하시오.1)안정권선의사용목적및용량2)임피던스전압과%임피던스의개념,이것이변압기에미치는영향"
123회,1교시,발송배전,11,플레밍의법칙을발전기및전동기원리와연계하여설명하시오.
123회,1교시,발송배전,12,신재생에너지와관련하여다음사항을각각설명하시오.1)FIT및RPS의목적과차이점2)태양광발전에서한국형FIT제도
123회,1교시,발송배전,13,"송전계통의전력전송능력을향상시키기위해사용되는다음의FACTS(FlexibleACTransmissionSystem)기기들의동작원리,적용방법및효과를각각설명하시오.1)STATCOM(StaticCompensator)2)TCSC(ThyristorControlledSeriesCapacitor)3)UPFC(UnifiedPowerFlowController) ※ ."
123회,2교시,발송배전,1,"부하관리를공급관리및수요관리측면에서설명하시오.또한,부하관리와관련된부하제어의종류에대해서각각설명하시오."
123회,2교시,발송배전,2,풍력발전기의종류와풍력발전설비의설치에관한기준사항들을설명하시오.
123회,2교시,발송배전,3,"변압기여자전류및여자돌입전류를설명하고,변압기여자돌입전류로인한비율차동계전기의오동작방지대책에대하여설명하시오."
123회,2교시,발송배전,4,"배터리형에너지저장장치(BatteryEnergyStorageSystem)에대하여다음을설명하시오.1)용어:StateofCharge,C-rate,CycleLife,DepthofDischarge2)구성요소:PCS,BMS,PMS3)활용용도에따른분류"
123회,2교시,발송배전,5,지락전류검출방식에대해설명하시오.
123회,2교시,발송배전,6,"신재생에너지의급격한증가에따라최근전력계통의계통관성(SystemInertia)영향과재생에너지원수용능력(HostingCapacity)문제가대두되고있다.다음을설명하시오.1)계통관성의정의,특성및시사점2)재생에너지원수용능력개념과수용능력향상방안 ※ ."
123회,3교시,발송배전,1,단거리송전선로의단락고장을차단하는경우에발생하는근거리선로고장(SLF:ShortLineFault)의차단장애현상과차단시나타나는영점추이현상을설명하시오.
123회,3교시,발송배전,2,"경수감속가압수형원자로(PressurizedWaterReactor,PWR)와중수감속가압중수형원자로(CanadianDeuteriumNaturalUraniumReactor,CANDU)에대하여설명하시오."
123회,3교시,발송배전,3,송전선의1선지락사고시송전선과병행가설된통신선이받는전자유도장해와관련된다음사항들을설명하시오.1)전자유도전압의크기2)전자유도영향과경감대책3)차폐선설치에따른차폐효과
123회,3교시,발송배전,4,다음의모선보호계전방식들중
123회,3교시,발송배전,5,개를선택하여특징과장단점에대하여설명하시오.1)(전류)비율차동방식2)리니어커플러(LinearCoupler)방식3)전압차동방식4)위상비교방식5)방향비교방식6)차폐모선방식2-1 5.직류배전을위한반도체변압기기술에대하여설명하시오.
123회,3교시,발송배전,6,"분산형전원을특고압전력계통에연계할때,연계변압기의결선및접지방식에따라분산형전원이전력계통에미치는영향이달라진다.이와관련하여다음사항을각각설명하시오.1)전력계통에지락고장발생시연계변압기의특고압측(전력계통측)유효접지여부에따른전압및보호협조특성2)연계변압기의결선방식(전력계통측-분산형전원측)이(a)GroundedY-△결선방식과(b)△-GroundedY결선방식인경우각각계통에미치는영향 (a) GY-△ 결선방식 (b) △-GY 결선방식2–2※ ."
123회,4교시,발송배전,1,배전케이블의열화원인과열화형태및열화진단방법에대하여설명하시오.
123회,4교시,발송배전,2,가스터빈의특징과장·단점및동작원리에대하여설명하시오.
123회,4교시,발송배전,3,"아래그림은변압기명판의일부이다.변압기TAP위치가2에설정되어있으며,변압기내부고장보호방식으로비율차동계전기를설치하려고한다.다음물음에답하시오.삼상변압기3상내철형옥외용유입자냉식연속정격정격용량10,000kVA주파수60Hz정격전압1차22,900V2차6,600VBIL1차/2차150/kVIMP(75℃)6.5%TAP위치결선전압(V)13-4F23,90023-5R22, , , ,900 1)비율차동계전기가포함된변류기의3상결선도를그리시오.2)2차측전압이6300V일때,TAP을한단계조정해서2차전압을높이고자할경우TAP의위치와TAP조정후2차전압을구하시오.3)TAP전압앞에표기되어있는기호(F와R)의의미와무기호의의미에대하여설명하시오."
123회,4교시,발송배전,4,전력계통운영보조서비스(AncillaryService)의의미와종류를설명하시오.
123회,4교시,발송배전,5,기존교류전력계통에500kVHVDC(HighVoltageDirectCurrent)가도입될경우전력계통안정성측면에서고려해야할기술적사항과안정도판별법에대하여설명하시오.
123회,4교시,발송배전,6,변압기무부하시험및단락시험을설명하고이를통한변압기정수와전압변동률을설명하시오. ※ .
124회,1교시,발송배전,1,태양광모듈구성시설치하는바이패스와블로킹(Blocking)소자의설치목적및회로구성에대하여각각설명하시오.
124회,1교시,발송배전,2,한국형RE100제도의필요성및주요이행방법을설명하시오.
124회,1교시,발송배전,3,균등화발전비용(LCOE:LevelizedCostofEnergy)을정의하고계산방법에대하여설명하시오.
124회,1교시,발송배전,4,가공송전용연선과관련된다음사항을각각설명하시오.1)연정(Pitch)2)연선의바깥지름과소선의지름과의관계3)연선의연입률4)연입률의크기에따른특성비교
124회,1교시,발송배전,5,가공송전선로에서코로나발생에영향을미치는요인및대책에대하여설명하시오.
124회,1교시,발송배전,6,"자연순환보일러(NaturalCirculationBoiler)의원리,순환비(CirculationRatio),순환력증가방법에대하여설명하시오."
124회,1교시,발송배전,7,핵융합(NuclearFusion)과핵분열(NuclearFission)을이용한발전원리와특징을각각비교하여설명하시오.
124회,1교시,발송배전,8,원거리대규모해상풍력발전소의계통연계를위한해상및육상전력망구성방법의종류및특징을각각설명하시오.
124회,1교시,발송배전,9,"아래그림에서거리계전방식적용시A모선에서고장점을바라본임피던스ZA와B모선에서고장점을바라본임피던스ZB를구하고,각임피던스를근거로분류효과에대하여설명하시오."
124회,1교시,발송배전,10,분산형전원연계선로의전압보상을위한배전용SVR(StepVoltageRegulator)에사용되는특수변압기의기능과장·단점에대하여설명하시오.
124회,1교시,발송배전,11,"지중배전선로경과지에사용하는지중선로표지기의설치목적,설치장소및종류에대하여설명하시오."
124회,1교시,발송배전,12,수력발전에서사용하는흡출관(DraftTube)의기능과베르누이정리를이용한원리에대하여설명하시오.
124회,1교시,발송배전,13,"한전에서운영중인22.9kV배전계통에대한다음사항을설명하시오. 1)회선의정의및회선의연계기준 2)1회선당운전용량과기준최대긍장(일반과대용량배전선로구분) 3)일반및대용량배전선로의기준전선(가공,지중구분) ※ ."
124회,2교시,발송배전,1,"가상발전소(VPP,VirtualPowerPlant)의개념,종류,운영효과를각각설명하시오."
124회,2교시,발송배전,2,"배전계통에서사용하는자동부하절환개폐기(ALTS)의적용기준,운영방법,개폐기제어기능,부하측고장시조작순서에대하여설명하시오."
124회,2교시,발송배전,3,"원자력발전소와화력발전소에대한다음내용을각각설명하시오.1)원자력발전소와화력발전소의출력밀도,증기조건,사용연료,방사능대책을비교2)원자력발전소의안전설계개념"
124회,2교시,발송배전,4,"대용량변압기의열화및이상진단방법으로사용되는유중가스분석법과SFRA(SweepFrequencyResponseAnalyzer,기계적변형진단)시험에대하여다음사항을설명하시오.1)유중가스분석법의목적,이상상태의종류에따른가스발생유형,판단방법2)SFRA의시험원리,목적및판단방법,측정시기"
124회,2교시,발송배전,5,배전지중케이블열화와관련한다음사항을설명하시오.1)지중케이블의열화형태2)VLF(VeryLowFrequeny)진단법을채용하는이유와VLF진단항목의종류3)DC내전압시험과VLF진단법의차이점
124회,2교시,발송배전,6,"전력계통의무효전력발생원과소비원을기술하고,무효전력과부족시발생하는문제점과대책에대하여설명하시오. ※ ."
124회,3교시,발송배전,1,"신재생에너지등변동성이높은에너지원의계통연결증가에따른문제점및대책,계통운영측면에서대응방안을설명하시오."
124회,3교시,발송배전,2,전력계통에서단락시고장전류를줄이는방안에대하여설명하시오.
124회,3교시,발송배전,3,"수차발전기의회전속도결정방법을설명하고,다음조건을이용하여수차발전기회전수를결정하시오.(계산조건)유효낙차110m,사용수량20.3m3/sec,수차효율87%,주파수60Hz 비속도()의한계값(m·kW)"
124회,3교시,발송배전,4,"석탄화력발전소에옥내저탄장이있는경우운탄설비의구성요소와기능에대하여설명하고,컨베이어에설치되는보호,감시및안전장치에대하여설명하시오."
124회,3교시,발송배전,5,에너지저장장치(ESS)의종류및전력계통에ESS적용을통해얻을수있는효과를설명하시오.
124회,3교시,발송배전,6,"K-Factor변압기에대하여설명하고,K-Factor와변압기고조파저감계수(THDF:TransformerHarmonicsDeratingFactor)의관계를설명하시오. ※ ."
124회,4교시,발송배전,1,"수요반응(DemandResponse)의정의및종류를기술하고,발전측면,송배전측면,판매측면,소비자측면에서기대효과를설명하시오."
124회,4교시,발송배전,2,해저케이블의보호방안을연안구간과항로구간으로구분하여설명하시오.
124회,4교시,발송배전,3,"정격주파수60Hz계통에서발전기A(정격출력40MW,속도조정율2%),발전기B(정격출력30MW,속도조정율3%),발전기C(정격출력20MW,속도조정율4%)가병렬운전하여90MW의부하에전력을공급하고있다.이때갑자기부하가75MW로감소하는경우각발전기의출력과계통주파수를구하시오."
124회,4교시,발송배전,4,화력발전소에서미세먼지저감을위해사용하는집진기에대하여다음내용을각각설명하시오.1)관속식집진기의원리2)저온전기집진기와고온전기집진기의설치위치를그림으로표현하고특징을비교
124회,4교시,발송배전,5,"대용량터빈발전기의용량에따른냉각방식을구분하고,수소냉각방식의채용이유및수소냉각방식채용에따른안전상의대책을설명하시오."
124회,4교시,발송배전,6,최근발생한텍사스정전사태의현황과원인및국내전력수급계획에대한시사점을기술하시오. ※ .
125회,1교시,발송배전,1,계기용변류기(CT)에대한다음항목을설명하시오.1)정격부담및소비부담2)부담임피던스
125회,1교시,발송배전,2,전력케이블의허용전류에영향을미치는요소에대하여설명하시오.
125회,1교시,발송배전,3,전력구종합감시시스템의구성설비및관리항목을설명하시오.
125회,1교시,발송배전,4,수차종류별무구속속도의범위와무구속속도에영향을미치는요소를설명하시오.
125회,1교시,발송배전,5,예비력결정방법중LOLP(LossofLoadProbability)에대하여설명하시오.
125회,1교시,발송배전,6,기력발전에서열효율에영향을미치는요소를설명하시오.
125회,1교시,발송배전,7,송전선로설계시경제적인송전전압결정방법에대하여설명하시오.
125회,1교시,발송배전,8,한국전기설비규정(KEC)에서정하는TN-C-S접지방법에대하여설명하시오.
125회,1교시,발송배전,9,배전선로의손실경감대책을설명하시오.
125회,1교시,발송배전,10,"전력계통의조류계산시ZIP모델(Z:Impedance,I:Current,P:Power)을사용할경우각모델에서전압변동에따른유효,무효전력의변동에대하여설명하시오."
125회,1교시,발송배전,11,"전력의공급신뢰도및품질을나타내는지표①SAIFI,②SAIDI,③SARFI%V,④THD,⑤TDD를설명하시오."
125회,1교시,발송배전,12,정지형무효전력보상장치인STATCOM과SVC를비교하여설명하시오.
125회,1교시,발송배전,13,전력계통의연계운전시주파수제어방식에대하여설명하시오. ※ .
125회,2교시,발송배전,1,가스터빈발전방식에서개방형사이클과밀폐형사이클을비교하여설명하시오.
125회,2교시,발송배전,2,"상교류동기발전기를전력회사의계통에병입시켜병렬로운전하고자한다.다음물음에답하시오.1)계통병입을위한투입조건2)동기투입조건이만족될경우램프L1,L2,L3의상태3)병입발전기의기전력의크기가계통전압의크기와다를경우발생하는현상4)병입발전기의위상이계통전압의위상과다를경우발생하는현상"
125회,2교시,발송배전,3,IEC61850에따른디지털변전소의구성방법및주요장치에대하여설명하시오.
125회,2교시,발송배전,4,역률개선효과를관련수식을이용하여설명하시오.
125회,2교시,발송배전,5,도서지역전력공급용22.9kV해저케이블에대한다음사항을설명하시오.1)케이블의종류및규격2)케이블의사용조건및최고허용온도3)해저케이블의단면도를작도하여주요구조설명(광유니트포함)4)국내적용현황
125회,2교시,발송배전,6,"그림과같은4모선계통의행렬을구한다음,중간에있는모선③을소거하였을때의축약된등가를구하여등가3모선계통에대한등가계통도를작성하시오.(단,그림의숫자는단위법으로나타낸어드미턴스값이다.) ※ ."
125회,3교시,발송배전,1,화력발전소건설계획시환경적으로고려해야할사항과관련대책을설명하시오.
125회,3교시,발송배전,2,예비력의종류와공급신뢰도의향상대책에대하여설명하시오.
125회,3교시,발송배전,3,원자력발전소의안전대책에대하여설명하시오.
125회,3교시,발송배전,4,"전원측단락용량800MVA,154kV모선에20MVA기준1-2차간Zps=8%,2-3차간Zst=12%,1-3차간Zpt=10%인3권선변압기가있다.이변압기의2차권선에지상역률80%,10MVA의부하를접속하고,3차권선에지상역률60%,5MVA의부하와4MVA의콘덴서를접속하였을때변압기의2차측과3차측의전압변동률을구하시오."
125회,3교시,발송배전,5,전력계통의blackout(대정전)발생원인을P-곡선및P-V곡선을그려서설명하고대정전의예방대책을설명하시오.
125회,3교시,발송배전,6,"전력용변압기의등가회로를이용하여임피던스전압을설명하고,%Z가전력계통에미치는영향을설명하시오. ※ ."
125회,4교시,발송배전,1,"전기에너지저장기술에대하여①역학에너지,②열에너지,③전자기에너지,④화학에너지로구분하여설명하시오."
125회,4교시,발송배전,2,"그림과같이중성점이으로접지된무부하발전기의a상이고장점저항를통하여지락되었을때,발전기기본식을이용하여지락전류를구하시오.(단,으로한다.)≠"
125회,4교시,발송배전,3,"SF6가스절연변전소(GIS)에대하여①주요구성설비②특징(장,단점)③설비진단방법을설명하시오."
125회,4교시,발송배전,4,SpotNetwork배전방식에대한다음물음에답하시오.1)SpotNetwork배전방식의특징2)단선결선도를작성하여운전방법3)SpotNetwork배전방식을구성하는주요기기4)NetworkProtector의동작책무
125회,4교시,발송배전,5,초전도기술에대한다음물음에답하시오.1)초전도의정의및특징2)초전도기술의응용분야5가지3)초전도기술의적용효과
125회,4교시,발송배전,6,계통전압이정격전압보다낮거나높을경우전력계통에미치는영향을설명하시오. ※ .
126회,1교시,발송배전,1,다음SMR(SmallModularReactor)의특징에대하여각각설명하시오.1)수냉각SMR2)소듐냉각고속로SMR3)용융염료SMR
126회,1교시,발송배전,2,"동기발전기에서Motoring의원인,영향및보호방식을설명하고,원동기의입력없이발전기가동기속도의전동기로운전되는데필요한전력을증기터빈,수차터빈,디젤터빈및가스터빈으로구분하여설명하시오."
126회,1교시,발송배전,3,"원자력발전소에서사용하는감속재의역할,구비조건및종류를설명하시오."
126회,1교시,발송배전,4,전력계산방법에대한다음물음에답하시오.1)교류전력의벡터적표현방법인복소전력에대하여설명하시오.2)어떤부하에sinV의전압을가했을때cosA의전류가흘렀다.이회로의유효전력(W)과무효전력(var)을구하시오.
126회,1교시,발송배전,5,"전기자반작용현상을발전기와전동기로구분하여설명하고,동기조상기의원리를전기자반작용현상을들어설명하시오."
126회,1교시,발송배전,6,태양광등분산형전원을배전계통에연계운전시배전계통의고장으로인한분산형전원의분리및재병입에대하여설명하시오.
126회,1교시,발송배전,7,예비전원설비(KDS316020)에따른발전기의용량산정식을일반부하와소방부하(PG법)로나누어설명하시오.
126회,1교시,발송배전,8,대규모발전력탈락시전력계통의주파수하락에응동하여최저주파수를향상시킬목적으로운용되는주파수조정용ESS의구성과제어모드에대하여설명하시오.
126회,1교시,발송배전,9,"보호계전기중거리계전기의언더리치및오버리치개념을설명하고,변류비300/5A,30VA5P"
126회,1교시,발송배전,10,등급(Class)인CT의등가회로와포화특성에대하여설명하시오.10.전원내부임피던스및부하임피던스가아래와같을경우각각의최대전력전달조건과최대전력을구하시오. 전원내부임피던스부하임피던스1) 2) 3)
126회,1교시,발송배전,11,"소규모전력중개사업의필요성,거래흐름도및활성화방안에대하여설명하시오."
126회,1교시,발송배전,12,"단상변압기75kVA3대를델타결선하여225kVA의부하에전력을공급하고있다.이중2대는임피던스전압이2.8%,1대는임피던스전압이3%일경우,각단상변압기의부하분담을계산하시오."
126회,1교시,발송배전,13,"화력발전소와원자력발전소의동기속도를설명하고,동기속도가다른이유와화력발전소에서재생사이클을설명하시오. ※ ."
126회,2교시,발송배전,1,중·장기배전계통계획의목적과절차에대하여설명하시오.
126회,2교시,발송배전,2,345kV이상전력용변압기에대한다음사항을설명하시오.1)변압기의구조및장·단점2)
126회,2교시,발송배전,3,"권선등가회로를2권선등가회로로환산하는방법3)변압기의보호방식4)변압기의절연시험종류및원리(5가지이상)3.에너지전환에대비한섹터커플링의개념,기술및활용방안에대하여설명하시오."
126회,2교시,발송배전,4,"발전기의출력과주파수의관계를설명하고,속도조정률및조속기프리운전에대하여설명하시오."
126회,2교시,발송배전,5,열병합발전의효율표시방법에대하여설명하시오.
126회,2교시,발송배전,6,"비접지보호에사용하는GPT의개요와CLR의사용목적을설명하고,22.9kV에사용하는CLR의크기(Ω)와용량(kW)을구하시오. ※ ."
126회,3교시,발송배전,1,"고품질의전력을공급하고,경제적이고효율적인배전계통운용을위한합리적인기술개발과투자평가항목인배전계통의9개주요운용지표에대하여설명하시오."
126회,3교시,발송배전,2,"그림과같은직렬어드미턴스의선로에Tap비가1:1.1인LRT접속시의행렬을구하고형등가회로를작성하시오.(단,LRT의누설리액턴스는11%이고,그림에서어드미턴스의단위는pu이다.)LRT-j12.51:1.1①②①②-j12.5 ⇒"
126회,3교시,발송배전,3,대용량초고압변전소접지망설계시IEEE의접지설계흐름도와고려사항을설명하시오.
126회,3교시,발송배전,4,"전력계통에서전력공급을원활하게하기위하여유연성(Flexibility)이필요한이유에대하여설명하고,유연자원(FlexibleResource)을①발전설비,②전력망설비,③에너지저장장치(ESS)측면으로구분하여설명하시오."
126회,3교시,발송배전,5,고조파전류가콘덴서회로에미치는영향에대한다음사항을설명하시오.1)직·병렬공진현상및영향2)콘덴서단자전압에미치는영향3)고조파장해방지대책
126회,3교시,발송배전,6,HVDC운영시고려하여야할다음의기술적사항에대하여설명하시오.1)SCR(ShortCircuitRatio)정의및운영기준2)UIF(UnitInteractionFactor)정의및운영기준 ※ .
126회,4교시,발송배전,1,"전력계통에서FACTS(FlexibleACTransmissionSystem)의역할에대하여설명하고,STATCOM(StaticCompensator)의개념,시스템구조및원리,기능에대하여설명하시오."
126회,4교시,발송배전,2,고장용량이3500MVA(∞)인전원에
126회,4교시,발송배전,3,"상변압기(용량35MVA,3상154/6.6kV,,)의2차측주차단기(정격42kAsymrms,1초정격)에설치된변류기(4000/5A,C200)에순시과전류계전기(코일임피던스2Ω,CT2차전류60A정정)와강반한시과전류계전기(계전기전류60A에서1초동작하는시간지연곡선에정정)가연결되어있다.CT2차측의전선은0.1Ω/m,거리30m이고고장직전의전압은6.9kV이다.2차측모선에발생한3상단락고장전류를차단기가성공적으로차단가능한지여부를판별하시오.3.전력계통에서고장발생시파급영향을최소화하기위한아래의보호시스템에대하여설명하시오.1)SPS(SpecialProtectionSystem)의개념,설치목적에따른동작기법2)UFR(UnderFrequencyRelay)의개념,국내운영기준2–1"
126회,4교시,발송배전,4,"단락방향계전방식을90°진상전류법으로설명하고,계전기의최대토크각을설명하시오.(단,선로의임피던스각은70°이다.)"
126회,4교시,발송배전,5,"전력계통을보호하기위한차단기의각종정격을설명하고,단락전류의비대칭계수에대하여설명하시오."
126회,4교시,발송배전,6,"전기품질과관련한다음사항을설명하시오.1)플리커의시감도곡선,불유쾌한계곡선,크기,기준,경감대책2)순간전압강하발생원인,영향,경감대책 ※ ."
127회,1교시,발송배전,1,"유전율(Permittivity,ε)과투자율(Permeability,μ)을비교하여설명하시오."
127회,1교시,발송배전,2,다음의용어를설명하시오.(1)뇌충격전압파(2)트래킹(3)유전체손(4)유전체역률
127회,1교시,발송배전,3,신재생발전기를계통에연계하기위한조건중무효전력공급능력과LVRT(LowVoltageRideThrough)에대하여설명하시오.
127회,1교시,발송배전,4,"전력계통의단락용량증가에대한원인,문제점및대책에대하여설명하시오."
127회,1교시,발송배전,5,동기발전기의계통병입조건과동기검정기를이용한계통병입절차에대하여설명하시오.
127회,1교시,발송배전,6,"가공송전선로에서발생하는진동의종류를구분하고,갤러핑(Galloping)현상에대하여설명하시오."
127회,1교시,발송배전,7,유입변압기와몰드변압기를비교하여설명하시오.
127회,1교시,발송배전,8,"%임피던스와%저항강하및%리액턴스강하의관계식을유도하고,%Z=5%,X/R=7인변압기에역율0.8(지상)의부하가연결되어있을때전압변동률(%)을구하시오."
127회,1교시,발송배전,9,배전선로에서사용되는COS(CutOutSwitch)의종류를용단과정에따라분류하고적용시고려해야할사항에대하여설명하시오.
127회,1교시,발송배전,10,전력계통보호에서재폐로계전기의동작순서와재폐로시간에대하여설명하시오.
127회,1교시,발송배전,11,전력계통에서양수발전소의필요성과물의이용방식에따른종류를설명하시오.
127회,1교시,발송배전,12,최근재생에너지확대에따른제주지역의재생에너지출력제어에대한문제점과해결방안에대하여설명하시오.
127회,1교시,발송배전,13,"초내열알루미늄피복인바심알루미늄합금연선(STACIR/AW)의특성을설명하고,강심알루미늄연선(ACSR)A480(R)과A480(C)의차이및용도를설명하시오. ※ ."
127회,2교시,발송배전,1,"스마트한전력수요관리를위한수요반응(DR,DemandResponse)의종류를설명하고에너지공급자효율향상의무화제도(EERS,EnergyEfficiencyResourceStandard)에대하여설명하시오."
127회,2교시,발송배전,2,"수소에너지제조기술,저장기술및이용기술을설명하고,수소생산방식별종류를설명하시오."
127회,2교시,발송배전,3,"가상발전소(VPP,VirtualPowerPlant)의필수구성요소,시스템구성및종류에대하여설명하시오."
127회,2교시,발송배전,4,"분산전원의연계위치,용량및역률이배전계통의전압변동에미치는영향에대하여설명하시오."
127회,2교시,발송배전,5,지중송전선로의케이블고장점탐지방법을5가지설명하시오.
127회,2교시,발송배전,6,"다음회로에대한영상,정상및역상임피던스를구하고,각각의등가회로를작성하시오. ※ ."
127회,3교시,발송배전,1,전력설비건설사업관리의감리업무와관련한다음사항을설명하시오.(1)안전관리에대한감리원의역할과업무내용(2)품질관리에대한중점품질관리대상과방법(3)통합감리기준
127회,3교시,발송배전,2,전력케이블에적용하는단절연을설명하고유전율이다른물질(유전율)로단절연이적용된경우에대하여설명하시오.
127회,3교시,발송배전,3,"전력계통에설치되는직렬리액터,분로(병렬)리액터,한류리액터및소호리액터의사용목적과특징에대하여각각설명하시오."
127회,3교시,발송배전,4,발전기회전자권선의층간단락확인방법을운전중인경우와정지중인경우로구분하여설명하시오.
127회,3교시,발송배전,5,육상풍력과해상풍력개발시환경친화적풍력발전이되기위해고려해야할사항과환경훼손을최소화하기위한방안에대하여설명하시오.
127회,3교시,발송배전,6,"발전소에서발전전압을송전전압으로승압하기위하여설치하는주변압기에대한다음사항을설명하고주변압기의적정용량을산정하시오.(1)발전기의역률변동에따른발전기와주변압기사이의무효전력흐름(2)주변압기용량산정기준과산정시고려해야할사항(3)다음조건에서주변압기의적정용량을산정하시오.[조건]①터빈보증출력:854MW②발전기정격:22kV±5%,950MVA,역률범위:지상0.9∼진상0.95③소내부하(소내보조변압기입력):52MVA(지상역률0.85)④주변압기누설리액턴스:14%± 7.5%,철손및동손:0.3%(전부하시) ※ ."
127회,4교시,발송배전,1,향후확대될신재생에너지전원에따른안정적전력계통을위해정부에서추진하고있는「전력계통혁신방안」에대한기존전력계통의특징과전력계통혁신추진방안에대하여설명하시오.
127회,4교시,발송배전,2,계통에연계되어운전되는발전기의기술규격결정시고려되어야할항목과각항목이계통운용에미치는영향에대하여설명하시오.
127회,4교시,발송배전,3,한국전기설비규정에서정하는저압전로의계통접지방식을보호도체및중성선의접속방식에따라구분하여설명하시오.
127회,4교시,발송배전,4,"전기공급약관에서정하는고조파에대한허용치를설명하고,3상이평형인상태에서이평형전류에포함된제"
127회,4교시,발송배전,5,고조파전류가역상분임을증명하시오.5.V2G(VehicleToGrid)기술에대하여설명하시오.
127회,4교시,발송배전,6,전력계통에서차단기투입및차단시발생하는개폐서지(SwitchingSurge)의종류및대책에대하여설명하시오. ※ .
128회,1교시,발송배전,1,"3권선변압기(Y-Y-△)에서다음3가지경우의영상(zerophasesequence)등가회로를각각그리시오.(단,3권선변압기의등가회로의임피던스는Zp,Zs,Zt의기호를사용) 1)변압기중성점비접지 2)"
128회,1교시,발송배전,2,"차측중성점접지 3)1,2차측중성점접지 2.MVDC(Medium-VoltageDirectCurrent)의정의,구성,특징에대하여설명하시오."
128회,1교시,발송배전,3,"태양광발전소의‘인버터효율’과이를대표하는최대효율,유로효율,CEC(CaliforniaEnergyCommission)효율을설명하시오."
128회,1교시,발송배전,4,"대용량화력발전소의증기터빈과발전기의진동원인및영향을쓰고,진동방지를위한설계시고려사항을설명하시오."
128회,1교시,발송배전,5,전력조류계산시모선의종류및모선별기지량과미지량을설명하시오.
128회,1교시,발송배전,6,송전이용요금산정방법중총괄비용법(Embeddedcostmethod)과한계비용법(Marginalcostmethod)에대하여설명하시오.
128회,1교시,발송배전,7,전력계통에서고조파와역률관계를설명하시오.
128회,1교시,발송배전,8,해저케이블은입상주에서부터양륙지점을거쳐해저구간에포설된케이블을말한다.해저케이블의고장점탐지기법에대하여설명하시오.
128회,1교시,발송배전,9,변압기병렬운전조건과그조건이충족되지않았을때의문제점을단상변압기와3상변압기로나누어설명하시오.
128회,1교시,발송배전,10,그림과같은회로에서직렬및병렬공진시고조파전류가콘덴서회로에미치는영향에대하여설명하시오.
128회,1교시,발송배전,11,발전기의유효전력()-주파수(ｆ)특성과부하의유효전력()-주파수(ｆ)특성에대하여설명하시오.
128회,1교시,발송배전,12,안정도를증진시키는방법중속응여자방식(QuickResponseExcitationSystem)에대하여설명하시오.
128회,1교시,발송배전,13,"60[Hz]계통에서정격출력450[MW]의발전기가400[MW]로조속기프리운전중계통주파수가0.15[Hz]저하하였을때의발전기출력[MW]과계통용량을4000[MW]라고하였을경우발전기의계통특성정수()를구하시오.(단,터빈의속도조정률은4[%]이고그특성은직선으로가정한다.)"
128회,2교시,발송배전,1,"R-L직렬회로에서t=0인순간에스위치를닫아서정현파교류기전력sin[V]을인가한경우와직류전압을인가한경우각각의경우에대하여회로에흐르는전류를구하고,과도해를비교하여설명하시오."
128회,2교시,발송배전,2,"HVDC(HighVoltageDirectCurrent)에대하여다음각항목을설명하시오.1)경제적,기술적관점에서의AC송전과비교한DC송전의장점2)HVDC케이블종류3)전류형HVDC와전압형HVDC의주요특징"
128회,2교시,발송배전,3,우리나라의배전계통을22.9[kV-y]3상
128회,2교시,발송배전,4,"선식다중접지방식으로선정한이유를기술적,경제적측면에서설명하시오.4.수용가의비접지계통에적용하는3상접지변압기(GroundingTransformer,GTR)의사용목적,종류,동작원리에대하여설명하시오."
128회,2교시,발송배전,5,다음그림과같은2기모델계통의손실방정식을유도하시오.
128회,2교시,발송배전,6,"전력계통의무효전력을이용한전압조정방법,무효전력과부족시발생하는문제점과대책에대해설명하시오."
128회,3교시,발송배전,1,수용가특고압수전설비정전작업시고려해야할사항중다음의각항목을설명하시오.1)정전작업시안전조치2)정전작업상태유지절차3)정전작업순서4)정전작업시조치사항5)중대재해처벌등에관한법률(중대재해처벌법)
128회,3교시,발송배전,2,전력용케이블절연재료의열화요인및개선대책에대하여설명하시오.
128회,3교시,발송배전,3,"우리나라해상풍력발전소의필요성,발전량,출력조절방법,장·단점에대하여설명하시오."
128회,3교시,발송배전,4,가공송전접지와관련하여다음각항목에대하여설명하시오.1)접지저항측정시61.8%법칙2)대지고유저항의특성및접지저항의과도특성3)봉상전극및선상전극의접지저항관계2-1
128회,3교시,발송배전,5,"보호계전기용CT를Y결선시,다음각항목을회로도및벡터도를이용하여설명하시오.(단,CT비는1:1로가정)1)정상결선시2)CT2차1상개방시3)CT2차1상(또는2상)역결선시4)CT2차2상개방시"
128회,3교시,발송배전,6,"수전설비에서비상발전기(3상4선식,380/220[V])가기동후중성선이개방된상태로ATS가절체되었을경우부하에미치는영향에대하여설명하시오."
128회,4교시,발송배전,1,"돌극형(Salientpole)동기발전기(Synchronousmachine)에서,1)횡축,직축동기리액턴스를설명하시오.2)등가회로의벡터도를그리고,출력방정식(P(유효분),Q(무효분))을유도하시오.(단,권선저항등은무시가능)3)전력-상차각곡선(P-)을그리시오.4)돌극기에서의Reluctancetorque를설명하시오.5)안정도측면에서원통형동기발전기와비교하시오."
128회,4교시,발송배전,2,우리나라의지정학적요건및전력수요의특수성을반영하여안정적이고경제적인전력공급을위한발전소를건설하는경우발전방식별주요고려사항을설명하시오.
128회,4교시,발송배전,3,"산업통상자원부에서고시한‘전력계통신뢰도및전기품질유지기준’에서정한상정고장의정의,목적,종류및전기품질유지기준에대하여설명하시오."
128회,4교시,발송배전,4,변전소에서차단기의개폐조작에따른차단기의가혹차단현상에대하여종류별개념및그대책을설명하시오.
128회,4교시,발송배전,5,우리나라전력계통의변전소에적용하고있는전압별(765/345/154/22.9kV)모선구성방식을설명하시오.
128회,4교시,발송배전,6,"전력에너지를저장할수있는슈퍼커패시터의종류,특징및스마트그리드에서의활용가능성에대하여설명하시오."
129회,1교시,발송배전,1,"우리나라의22.9kV-y배전선로의일반선로와대용량배전선로를비교하고,대용량배전방식적용기준에대하여설명하시오."
129회,1교시,발송배전,2,"낙차50[m]의상부저수지에매초30[m3]수량을4시간연속해서양수하여발전할경우아래항목을구하시오.(단,낙차손실은고저차의4[%],펌프,전동기의종합효율은75[%],수차,발전기의종합효율은80[%]라고한다.)(1)양수용전력량(2)조정지용량(3)발전전력량(4)양수발전효율"
129회,1교시,발송배전,3,직류조류(DCPowerflow)계산법에대하여설명하고AC법(교류법)과DC법(직류법)을비교하여설명하시오.
129회,1교시,발송배전,4,전력계통의신뢰도를나타내는다음지표들을설명하시오.(1)LOLP(LossofLoadProbability)(2)LOLE(LossofLoadExpectation)(3)SAIFI(SystemAverageInterruptionFrequencyIndex)(4)SAIDI(SystemAverageInterruptionDurationIndex)
129회,1교시,발송배전,5,"배전선로에대하여아래내용을설명하시오.(1)직류배전선로의전압강하율,전압변동률및전력손실률(2)교류배전선로의전압변동률"
129회,1교시,발송배전,6,"역률0.6(지상),용량50[kVA]의부하가연결되어있는배전선로의말단에용량이40[kVar]인커패시터를병렬로연결할때설치전의전력손실을기준으로설치후의선로의손실은몇[%]가되는지구하시오.(단,부하전압은일정하다고가정한다.)"
129회,1교시,발송배전,7,동기발전기에대하여아래내용을설명하시오.(1)병렬운전조건및그조건이맞지않을경우나타나는현상(2)동기발전기에서회전계자형을사용하는이유(3)전기자권선을Y결선하는이유3-2
129회,1교시,발송배전,8,가공송전선의이도측정방법4가지를설명하시오.
129회,1교시,발송배전,9,154/22.9kV변압기2차측중성점에설치하는NGR(NeutralGroundReactor)에대하여아래내용을설명하시오.(1)설치목적(2)적용개소(3)설치효과(4)보호방식개요도및DS(DisconnectingSwitch)접지방식
129회,1교시,발송배전,10,전력계통안정화장치(PSS:PowerSystemStabilizer)에대하여설명하시오.
129회,1교시,발송배전,11,"HVDC의전류실패(轉流失敗,CommutationFailure)원인과방지대책을설명하시오."
129회,1교시,발송배전,12,가공송전철탑의수평하중경간과수직하중경간에대하여설명하시오.
129회,1교시,발송배전,13,동기발전기의관성정수H[MW·sec/MVA]의정의를설명하고전력계통에태양광발전비중이증가할경우관성정수의변화와이변화가전력계통안정도에미치는영향을설명하시오.
129회,2교시,발송배전,1,우리나라22.9kV-y배전계통에서사용하는지중배전케이블의절연열화원인과진단법에대하여설명하시오.
129회,2교시,발송배전,2,"태양광발전의보급확대에따른배전계통운영자(DSO:DistributionSystemOperator)의출현배경,정의및역할에대하여설명하시오."
129회,2교시,발송배전,3,"P-V곡선및Q-V곡선을이용하여전압안정도를해석하고,전압안정도향상대책을설명하시오."
129회,2교시,발송배전,4,가공송전선로의애자에대하여다음을설명하시오.(1)애자의전기적특성(2)애자의구비조건(3)시험섬락전압(FlashoverVoltage)종류및유중파괴전압(4)애자련개수결정기준
129회,2교시,발송배전,5,"배전부하의부하율(F),분산부하율(f),손실계수(H)및분산손실계수(h)에대하여설명하고말단일수록큰부하분포의분산부하율(f)과분산손실계수(h)를유도하시오."
129회,2교시,발송배전,6,수력발전소에대하여다음을설명하시오.(1)흡출관(DraftTube)(2)토마계수(ThomaFactor)와캐비테이션과의관계(베르누이의정리를이용하여설명)
129회,3교시,발송배전,1,재생에너지등분산형전원의증가에따른전력계통의신뢰도확보를위하여수립된분산형전원의배전계통연계기술기준에대하여다음을설명하시오.(1)동기화변수제한범위(2)전압과주파수의비정상상태운전지속시간및분리시간(3)전기품질(4)순시전압변동
129회,3교시,발송배전,2,"배전용변압기(154/22.9kV)의이행전압을설명하고,이행전압발생시절연파괴가될수있는전압을구하시오."
129회,3교시,발송배전,3,배전계획에있어다음변압기사항에대하여설명하시오.(1)배전용변압기의최대수용전력(2)배전용변압기적정용량산출시고려사항(3)배전용변압기위치선정방법
129회,3교시,발송배전,4,가스터빈발전방식의개방형사이클과밀폐형사이클에대하여설명하시오.
129회,3교시,발송배전,5,60Hz기기를50Hz에서운전할경우변압기와전동기의변화에대하여설명하시오.
129회,3교시,발송배전,6,"선간전압154[kV]단거리3상송전선로에서다음을설명하시오.(단,변압기를포함한일반회로정수는저항을무시하며A=0.7,C=j1.7× [℧]기타의4단자정수는공식에의거한다.)(1)4단자정수B,D의계산값및A,B,C,D의물리적의미(2)무부하시송전단에154[kV]를인가하였을때수전단선간전압Vr[kV]및송전단전류Is[A](3)무부하시수전단선간전압을154[kV]로유지하는데필요한조상기의용량[MVA]"
129회,4교시,발송배전,1,"자동발전제어(AGC:AutomaticGenerationControl)에대하여설명하고,계통의운전상태(정상상태,비상상태,복구상태)에따른AGC운용방법을설명하시오."
129회,4교시,발송배전,2,한국형RE100제도(K-RE100)에대하여다음을설명하시오.(1)개요(2)필요성(3)이행수단
129회,4교시,발송배전,3,전력계통에서사용하는단권변압기에대하여다음을설명하시오.(1)결선구조(2)용량과권선분비(3)특징(4)국내응용사례
129회,4교시,발송배전,4,특고압배전계통의정전사고원인및전력공급신뢰도향상을위한정전사고예방대책에대하여설명하시오.
129회,4교시,발송배전,5,"전력계통의주파수제어필요성,변동원인및제어방식을설명하시오."
129회,4교시,발송배전,6,"발·변전소의접지설계FlowChart를작성하고접지의목적,설계시고려사항을설명하시오."
130회,1교시,발송배전,1,우리나라22.9kV-y배전선로의보호협조와관련하여다음을설명하시오.1)보호협조방법3가지2)배전용리클로져의구간협조장치(SequenceCoordinationAccessory)3)IEC-VI(VeryInverse)보호협조커브의장점
130회,1교시,발송배전,2,석탄화력발전소의대기오염물질과저감대책에대하여설명하시오.
130회,1교시,발송배전,3,"아래그림과같은L만의회로와,C만의회로에서전압(sin)을가하였을때,다음을설명하시오.1)각회로의전압,전류의위상관계및특징2)각회로의전압,전류의실효치의비 <L만의회로> <C만의회로>"
130회,1교시,발송배전,4,변위전류및변위전류가포함된맥스웰방정식(암페어법칙)을설명하시오.
130회,1교시,발송배전,5,"동기발전기에서전기자코일에유도되는기전력의크기를계산하시오.(단,자속밀도,전기자도체의유효길이,도체의이동속도,평균자속밀도,최대자속밀도)"
130회,1교시,발송배전,6,"초전도현상을설명하고,퀜치(Quench)현상과마이스너효과(Meissnereffect)에대하여설명하시오."
130회,1교시,발송배전,7,가공송전선로의활선상태에서불량현수애자검출방법에대하여설명하시오.
130회,1교시,발송배전,8,변압기의변압비측정방법및판정기준에대하여설명하시오.
130회,1교시,발송배전,9,"다음변압기의2차환산등가회로및벡터도를참조하여최대전압변동률과%임피던스의크기가같음을증명하시오.(단, 는정격부하시의역률각)"
130회,1교시,발송배전,10,전력용변압기2대의병렬운전에대하여다음을설명하시오.1)변압기병렬운전조건2)변압기병렬운전가능및불가능결선방법과그이유3)변압기병렬운전시부하분담율
130회,1교시,발송배전,11,배전계통의역률이개선될경우설비용량의여유가증가함을벡터도를이용하여설명하시오.
130회,1교시,발송배전,12,국내전력계통의全계통정전시복구절차에대하여다음을설명하시오.1)全계통정전시복구절차2)황색차단기의의미3)자체기동발전소의의미및발전원
130회,1교시,발송배전,13,전력계통운영보조서비스(AncillaryService)의의미와종류에대하여설명하시오.
130회,2교시,발송배전,1,가변속양수발전소에대하여다음을설명하시오.1)가변속양수발전소의특징2)가변속양수발전소의종류및장단점비교
130회,2교시,발송배전,2,"예비전원설비(자가발전설비)용량선정기준및방법을설명하고,아래조건에대한자가발전설비용량을계산하시오.(단,KDS31.60.20:2021개정기준)조건,Gp:발전기용량(kVA) ∑P(전동기이외부하의입력용량합계(kVA)): -부하집계(고조파발생부하제외):500kW(부하효율80%, 역률0.8이라고한다.) -부하집계(UPS는미적용되었으며,기타고조파발생부하) :100kVA(고조파저감장치를설치하였으며,가중치λ =1.25, 고조파발생부하의효율=1로본다.) ∑Pm(전동기부하집계(kW)):1,000kW -PL(전동기부하중기동용량이가장큰전동기부하용량(kW)) :100kW(리액터기동방식,기동계수는1.5적용) -전동기의kW당입력용량계수는1.3 K(발전기허용전압강하계수):1.2적용3-1"
130회,2교시,발송배전,3,계통을구성하는각종기기및전력설비의절연강도를선정하는전력계통절연협조(InsulationCoordination)에대하여설명하시오.
130회,2교시,발송배전,4,"다음과같은분산형전원이한전계통과연결되어운영되고있다.이계통의고장점에대한단락용량을계산하시오.1)분산형전원이연결되기전의단락용량2),모두회전기인경우단락용량3)은회전기,는인버터인경우단락용량 (단,기준용량은100[MVA]이며,선로임피던스()는고장점에서까지만고려한다.)자기용량기준100[MVA]기준×"
130회,2교시,발송배전,5,R-L-C회로의직렬공진과병렬공진을설명하시오.
130회,2교시,발송배전,6,파일럿계전방식중표시선계전방식(전류순환식및전압반향식)및반송파계전방식(방향비교방식및위상비교방식)의적용및동작원리에대하여설명하시오.
130회,3교시,발송배전,1,"열병합발전의장점및다음그림에표시된주요기기를이용하여중대형열병합복합발전기(GT+ST)의계절별운전방식에대하여설명하시오. (단,HTR:열교환기,Condenser:복수기,HRSG:배열회수보일러,Deaerator:탈기기,FeedwaterTank:급수저장탱크)"
130회,3교시,발송배전,2,"조속기의속도조정률과속도변동률에대하여설명하고,정격출력40,000[kW]의수차발전기가60[Hz]의전력계통에접속되어전부하,정격주파수로운전중에있을때,이계통에접속되어있던일부의부하가갑자기차단되어주파수가60.2[Hz]로상승하였을때발전기출력[kW]을계산하시오.(단,수차발전기의속도조정률은4[%]라하고조속기특성은직선이라고한다.)"
130회,3교시,발송배전,3,해상풍력발전소의건설이활성화됨에따라해저케이블의적용도빈번해지고있다.154kVAC해저케이블에대하여다음을설명하시오.1)구조및특징2)해저케이블보호공법에서매설및비매설공법에대하여비교설명
130회,3교시,발송배전,4,"대지고유저항률측정방법에대하여다음을설명하시오.1)2전극법(TwoElectrodeMethod,Two-pointMethod)2)Wenner의4전극법3)Schlumberger-Palmer법4)간이측정법"
130회,3교시,발송배전,5,"배전계통의전력손실경감대책에대하여다음을설명하시오.1)비기술적손실의정의,종류및감소방안2)기술적손실의정의,종류및감소방안"
130회,3교시,발송배전,6,전력계통의전압안정도에대하여다음을설명하시오.1)모델계통활용P-V곡선유도및해석2)I-V곡선및Q-V곡선에의한전압안정도해석3)전압안정도향상대책2-2
130회,4교시,발송배전,1,"그림과같이전긍장의중간지점A까지즉OA간에는전부하의2/3가분포되고,AB간에는1/3부하가각각균등한분포로걸쳐있고,B점의전압강하가1,320V일때O점으로부터긍장[]되는22.9kV-y배전선로에대하여다음을구하시오.(단,3상4선식선로이며,역률은균일하게0.9)1)ACSR-OC160가공선로10,000[kVA]부하가걸려있을때의긍장(단,ACSR-OC160의)2)ACSR-OC240가공선로15,000[kVA]부하가걸려있을때의긍장(단,ACSR-OC240의)"
130회,4교시,발송배전,2,비선형부하가연결된배전계통에서중성선의과부하발생원인및역률저하현상에대하여설명하시오.
130회,4교시,발송배전,3,"장거리대용량송전선로에직렬보상설비를적용시직렬보상의효과,인접한발전기에서발생할수있는문제점과해결방안에대하여설명하시오."
130회,4교시,발송배전,4,우리나라전력계통에연계된신재생발전에대하여다음을설명하시오.1)신재생발전기의특성2)신재생발전기의증가가전력계통에미치는영향3)계통연계기술기준
130회,4교시,발송배전,5,분산형전원을특고압전력계통에연계시다음사항을설명하시오.1)변압기결선및접지방식에따른전압및보호특성2)연계변압기결선방식의종류및계통에미치는영향(장단점)
130회,4교시,발송배전,6,"신재생발전기의송전계통연계시FRT(FaultRideThrough)의의미와기준에대하여설명하시오.1)FRT(FaultRideThrough)의의미2)계통연계유지기준3)무효전력공급능력기준4)유효,무효제어능력기준2-2"
131회,1교시,발송배전,1,유도전동기의자기여자현상과그대책에대하여설명하시오.
131회,1교시,발송배전,2,한국전기설비규정(KEC)에서정하는아래내용을설명하시오.1)전압구분2)전선의식별3)수용가설비에서의전압강하
131회,1교시,발송배전,3,"배전선로에정격용량15[kVA],철손110[W],전부하동손225[W]인변압기가있을때,부하역률85[%]에서부하효율과최대효율을구하시오.(단,주어진값이외는무시한다.)"
131회,1교시,발송배전,4,"대기압에서토리첼리의정리식을유도하고,수조낙차의유효높이20m에서수압관으로흐르는분출속도()와유량(Q)을구하시오.(단,유속계수는0.96이고,수압관출구단면적은5[m2]으로한다.)"
131회,1교시,발송배전,5,"원자력발전에서냉각재(Coolant)의역할,구비조건,종류에대하여설명하시오."
131회,1교시,발송배전,6,"석탄가스화복합발전(IGCC,IntegratedGasificationCombinedCycle)에대하여설명하고,기존석탄화력발전과구별되는특징을설명하시오."
131회,1교시,발송배전,7,송변전계통에사용되는전력용3권선변압기의결선을Y-Y-△로하는이유를설명하시오.
131회,1교시,발송배전,8,"전력계통에서송전용량을산정할때,열적한계(ThermalLimit),전압안정도한계(VoltageStabilityLimit),과도안정도한계(TransientStabilityLimit)를설명하시오."
131회,1교시,발송배전,9,단권변압기의구조와권수비및용량에대하여설명하시오.
131회,1교시,발송배전,10,"분산전원의연계위치,용량및역률에따라배전계통의전압변동에미치는영향에대하여각각설명하시오."
131회,1교시,발송배전,11,전력조류계산의목적과조류계산의기본알고리즘을설명하시오.
131회,1교시,발송배전,12,"송전계통의유효전력은송전단전압(E)과수전단전압(V)의위상차(δ)에관계되고,무효전력(Q)은송전계통의전압강하에관계됨을벡터도와수식을이용하여설명하시오.(단,R+jX는발전기내부리액턴스까지포함한송전계통의임피던스이며,R≪X가성립한다.)"
131회,1교시,발송배전,13,"다음그림과같은계통에서Vs=1.0[pu],Vr=0.95[pu],선로의R+jX=0.5+j20[Ω]이며,부하가1.0[pu],지상역률80[%]일때조상설비용량[MVA]을구하시오.(단,154[kV],100[MVA]를기준으로한다.)"
131회,2교시,발송배전,1,"해외에화력발전소를신규건설시,타당성조사의업무수행사항및경제성분석방법을설명하시오."
131회,2교시,발송배전,2,초전도체의특성및종류와초전도기술의전력응용에대하여설명하시오.
131회,2교시,발송배전,3,"전력계통유효접지방식의개념및장,단점을설명하시오."
131회,2교시,발송배전,4,배전선로보호와관련하여다음을설명하시오.1)자동재폐로차단기(Recloser)기능2)자동재폐로차단기(Recloser)의4가지동작유형3)자동재폐로차단기(Recloser)와변전소차단기(CircuitBreaker)의보호협조
131회,2교시,발송배전,5,송전선로의진행파에대하여다음을설명하시오.1)진행파의전파원리2)가공선로와지중선로의파동임피던스(SurgeImpedance)및전파속도비교
131회,2교시,발송배전,6,전력계통의경제운영에대하여다음을설명하시오.1)전력계통경제운영의목적및운영계획시고려사항2)발전기의증분연료비와등증분연료비의법칙3)송전손실을고려할경우경제출력배분식(협조방정식)유도1-1
131회,3교시,발송배전,1,"전력계통에사용되는에너지관리시스템(EMS:EnergyManagementSystem)의개념,계층구조및주요기능을설명하시오."
131회,3교시,발송배전,2,"소형모듈원자로(SmallModularReactor)의종류와특징,적용분야에대하여설명하시오."
131회,3교시,발송배전,3,배전용변전소의적정용량산정및위치선정에대하여설명하시오.
131회,3교시,발송배전,4,에너지저장장치(ESS:EnergyStorageSystem)에대하여다음을설명하시오.1)분산전원에서에너지저장의필요성2)용도에따른에너지저장장치분류3)수퍼캐패시터(SuperCapacitor)의에너지저장원리와종류
131회,3교시,발송배전,5,초고압전력용변압기의중성점접지방식에따른절연방식4가지를설명하시오.
131회,3교시,발송배전,6,"배전선로에서손실계수와부하율의관계에대하여설명하고,송전단에가까울수록커지는부하분포(선형증가)일경우분산부하율과분산손실계수를구하시오. 선로전류분포부하전류분포부하전류분포io iR=0ir Ir IR=0 Io"
131회,4교시,발송배전,1,"수차의비속도(특유속도)에대하여다음을설명하시오.1)개념및비속도관계식유도(유량,출력,회전수의관계) (단,러너의유량은Q(m3/s),러너의지름은D(m),유효낙차는H(m),러너의주변속도는v(m/s)이며,유속계수cv는1.0로가정한다.)2)각수차종류별비속도범위와수차선정시비속도응용방법"
131회,4교시,발송배전,2,「분산형전원배전계통연계기술기준」에서전력계통이상시다음조건에따른분산형전원분리및재병입방법에대하여설명하시오.1)전력계통의고장2)전력계통재폐로와의협조3)전압4)주파수5)전력계통에의재병입(reconnection)
131회,4교시,발송배전,3,대용량전원이전력계통에서갑자기탈락시계통에나타나는현상과사고파급을최소화하기위한대책을설명하시오.
131회,4교시,발송배전,4,"아래와같이연계운전중인A,B전력계통의계통정수가표와같은경우,다음을구하시오.1)연계운전정지중A계통에서300[MW]의부하가차단된경우주파수변화△F[Hz]2)양계통이연계운전중인상태이다.A계통에서1000[MW]의전원이탈락된경우주파수변화△F[Hz]와연계선조류변화△PT[MW] 계통구분A계통B계통계통용량[MW]12,0005,000계통정수[%MW/Hz]108"
131회,4교시,발송배전,5,전력원선도에관한다음을설명하시오.1)전력원선도개념2)전력원선도로부터파악할수있는사항3)일정역률의부하를증가시키는경우에정전압을유지하기위한수전단의조상설비운용방법
131회,4교시,발송배전,6,"배전선로의전압강하에대하여설명하고,직류와교류배전선로의전압변동률에대하여수식을이용하여설명하시오."
132회,1교시,발송배전,1,전력계통의주파수를일정하게유지할필요성에대하여다음사항을설명하시오.1)수용가측면2)계통운영측면
132회,1교시,발송배전,2,"서지흡수기(SurgeAbsorber)설치대상,설치위치및정격사항에대하여설명하시오."
132회,1교시,발송배전,3,기력발전에서적용하는열효율향상기기에대하여다음사항을설명하시오.1)기기의종류2)장치선도를그리고설치위치를표시
132회,1교시,발송배전,4,ANSIstandard에서변류기C200의의미를설명하고변류기2차임피던스가1.5[Ω]일때변류기를선정하시오.
132회,1교시,발송배전,5,코로나임계전압의정의와방지대책에대하여설명하시오.
132회,1교시,발송배전,6,발전기의속도조정율과속도변동율을설명하시오.
132회,1교시,발송배전,7,"변압기에대하여다음사항을설명하시오.1)변압기효율의종류(실측효율,규약효율,전일효율)와관계식2)부하율을고려할때최고효율의조건2-1"
132회,1교시,발송배전,8,전력계통에서무효전력과전압의관계를벡터도를이용하여설명하시오.
132회,1교시,발송배전,9,원자력발전의감속재와냉각재의구비요건을설명하시오.
132회,1교시,발송배전,10,배전자동화시스템의주요기능에대하여설명하시오.
132회,1교시,발송배전,11,고조파가전력용변압기에미치는영향과대책에대하여설명하시오.
132회,1교시,발송배전,12,전력조류계산에대하여다음사항을설명하시오.1)목적2)계산방법3)모선의종류및각모선의기지량과미지량
132회,1교시,발송배전,13,고압유도전동기의보호방식에대하여설명하시오.
132회,2교시,발송배전,1,초고압변전소설계시환경적고려사항을설명하고GIS변전소에사용하는가스절연개폐장치(GIS)및SF6가스의특징을설명하시오.
132회,2교시,발송배전,2,"부하관리와부하제어에대하여다음사항을설명하시오.1)부하관리의개념과종류2)직접부하제어의개요,종류및제어시스템"
132회,2교시,발송배전,3,신재생에너지등분산형전원의특징과연계운전에따른문제점및대책을설명하시오.
132회,2교시,발송배전,4,"아래그림에서나타낸바와같이무부하상태에있는발전기의a상지락시접지저항을라고할때,a상의고장전류의크기와개방단자인b,c상의단자전압,를구하시오."
132회,2교시,발송배전,5,HVDC변환설비에대하여다음사항을설명하시오.1)개요2)전류형변환기의종류별주요특징3)전압형변환기의주요특징
132회,2교시,발송배전,6,"전력선이통신선에근접해있을경우통신선에전압및전류가유도되어정전유도,전자유도가발생하게된다.정전유도와전자유도에대하여다음사항을각각설명하시오.1)개념2)유도전압계산식3)특징4)경감대책"
132회,3교시,발송배전,1,전압제어를위한무효전력공급원의종류별특징을설명하시오.
132회,3교시,발송배전,2,에너지저장기술중다음사항에대하여각각의원리및특징을설명하시오.1)SMES(SuperconductingMagneticEnergyStorage)2)BESS(BatteryEnergyStorageSystem)3)CAES(CompressedAirEnergyStorage)4)FlyWheel저장5)양수발전
132회,3교시,발송배전,3,발전기가능출력곡선에대하여다음사항을설명하시오.1)정의2)운전영역및한계곡선3)출력한계를결정하는요인
132회,3교시,발송배전,4,154㎸변압기의주보호방식과후비보호방식에대하여각각보호계전기결선도를그리고설명하시오.
132회,3교시,발송배전,5,전철변전소에대하여다음사항을설명하시오.1)수전전압2)전원특성및구비조건3)위치선정시고려사항4)전철변전소설치간격①결정요소②단축시장·단점
132회,3교시,발송배전,6,고압및특고압지중케이블의절연열화원인과활선상태에서의진단방법에대하여설명하시오.
132회,4교시,발송배전,1,변압기의병렬운전에대하여다음사항을설명하시오.1)병렬운전조건2)병렬운전조건이다를경우의문제점3)병렬운전시고려사항
132회,4교시,발송배전,2,해상풍력발전에대하여다음사항을설명하시오.1)필요성2)시스템구성도및원리3)문제점4)출력조정방법
132회,4교시,발송배전,3,"복합화력발전의종류,배열회수방식의원리및특징에대하여설명하시오."
132회,4교시,발송배전,4,배전계통의전압조정을위한LDC(LineDropCompensator)방식에대하여설명하시오.
132회,4교시,발송배전,5,변압기의α-Factor가변압기에미치는영향과대책에대하여설명하시오.
132회,4교시,발송배전,6,전력계통사고파급의원인과대책에대하여설명하시오.
133회,1교시,발송배전,1,전류와자계와의관계를나타내는암페어의주회적분법칙에대하여설명하시오.
133회,1교시,발송배전,2,"수차발전기와터빈발전기의아래항목에대한차이점을비교하여설명하시오.(회전수와극수,회전자구조,발전기형식,단락비,출력특성)"
133회,1교시,발송배전,3,항력형풍차와양력형풍차의동작원리를비교하여설명하시오.
133회,1교시,발송배전,4,증기사이클과가스터빈사이클을조합하는복합발전에대하여구성도를그리고특징에대하여설명하시오.
133회,1교시,발송배전,5,송전선로철탑에적용하는매설지선에대하여설명하시오.
133회,1교시,발송배전,6,송전선로의송전용량을산정할때고려할전압강하한계(voltagedroplimit)와정상상태안정도한계(steady-statestabilitylimit)에대하여설명하시오.
133회,1교시,발송배전,7,3상송전계통에서중성점잔류전압에대하여설명하시오.
133회,1교시,발송배전,8,변압기손실중무부하손과부하손에대하여관계식을이용하여설명하시오.
133회,1교시,발송배전,9,계통접지에있어유효접지의의미와장·단점에대하여설명하시오.
133회,1교시,발송배전,10,변압기의내부고장보호를위해비율차동계전기를사용할경우고려사항에대하여설명하시오.
133회,1교시,발송배전,11,피뢰기를피보호기기에근접하여설치하는이유에대하여설명하시오.
133회,1교시,발송배전,12,전력계통의전압무효전력의조정방법에대하여설명하시오.
133회,1교시,발송배전,13,"한국전기설비규정(KEC)에서배선규격을결정하는요소중전선의단면적결정요소에대하여설명하고,전선의허용전류선정시고려사항에대하여설명하시오."
133회,2교시,발송배전,1,전력계통신뢰도확보를위해수립된분산형전원배전계통연계기술기준에서Hybrid분산형전원의ESS충·방전에대하여설명하시오.
133회,2교시,발송배전,2,최근수명연한이도래한일부석탄화력발전소폐지의대안으로천연LNG발전소건설이증가되고있다.LNG발전소의특징에대하여설명하시오.
133회,2교시,발송배전,3,한국전기설비규정(KEC)에따른다음설비에대한보호장치시설기준을설명하시오.1)발전기등(연료전지와상용전원의축전지포함)2)특고압용변압기3)조상설비
133회,2교시,발송배전,4,"변압기의병렬운전조건에대하여설명하고,조건과다를경우발생하는현상에대하여설명하시오."
133회,2교시,발송배전,5,지중전선로의전식(electrolyticcorrosion)의발생원인과전기방식(electrolyticprotection)에대하여설명하시오.
133회,2교시,발송배전,6,"차단기의정격이란정해진조건하에서그차단기를사용할수있는한도,즉성능보증한계를말한다.차단기의정격과동작책무에대하여설명하시오."
133회,3교시,발송배전,1,분산형전원은안정적인계통운영및전력수급을위하여전압변동억제및주파수제어등의기능을수행할수있도록협조하여야한다.분산형전원배전계통연계기술기준에따른분산형전원의계통지원기능에대하여설명하시오.
133회,3교시,발송배전,2,송전선보호를위한반송전류차동계전방식(CarrierCurrentDifferentialRelaying)의적용에대하여설명하시오.
133회,3교시,발송배전,3,"전력계통에는전압및역률개선목적으로콘덴서를설치하는데,콘덴서회로에고조파전류유입시전력설비에미치는영향과대책에대하여설명하시오."
133회,3교시,발송배전,4,"전기공급신뢰도와품질을평가하는지표인SAIFI(SystemAverageInterruptionFrequencyIndex),SAIDI(SystemAverageInterruptionDurationIndex)에대하여설명하고순간정전및순간저전압에의한피해를저감하기위한전원측및부하측대책을각각설명하시오."
133회,3교시,발송배전,5,"낙차변동을무시할수있을경우,수·화력계통의최적경제운용에대하여설명하시오."
133회,3교시,발송배전,6,500kVHVDC와관련하여아래사항에대하여설명하시오.1)전류형(LCC)와전압형(VSC)HVDC비교2)전류형HVDC원리3)전류형HVDC의전압제어방법4)국내HVDC사업현황1-1
133회,4교시,발송배전,1,발전기의전기자권선및계자권선보호계전방식에대하여설명하시오.
133회,4교시,발송배전,2,"증가하는전력수요에맞추어대규모전력망확장이필요하나건설시장기간이소요되고,입지선정등의문제로인해건설에어려움이있다.전력망건설을회피할수있는그리드기술에대하여설명하시오."
133회,4교시,발송배전,3,송전계통보호장치의구비조건과백업방식(BackupMethod)에대하여설명하시오.
133회,4교시,발송배전,4,배전계통에서OLS(OpenLoopSystem)와CLS(ClosedLoopSystem)에대하여설명하시오.
133회,4교시,발송배전,5,다음과같은모델계통에서송전손실과증분송전손실을구하시오.
133회,4교시,발송배전,6,"석탄은여러이점으로화력발전용연료로서그이용이확대되고있다.이러한화력발전의연료이용의고도화,다양화및깨끗한석탄이용기술(CleanCoalTechnology)측면에서석탄을활용한대표적인발전방식에대하여설명하시오. ∠ ∠∙ Grjx"
134회,1교시,발송배전,1,전력계통에서준수해야할「전력계통신뢰도및전기품질유지기준」에따른다음항목에대하여설명하시오.1)계통주파수조정및유지범위2)전압조정목표3)전압유지범위
134회,1교시,발송배전,2,주파수조정용발전소의다음항목에대하여설명하시오.1)구비조건2)화력이수력보다유리한점3)화력이수력보다불리한점4)소요조정용량결정시고려사항
134회,1교시,발송배전,3,단권변압기의다음항목에대하여설명하시오.1)결선도2)용량및권수비3)장점
134회,1교시,발송배전,4,"두설비를직렬과병렬로운전할때,사고발생률과평균정전시간을구하시오.(단,두설비의사고발생률과평균정전시간은각각,과,)1)직렬설비의사고발생률과평균정전시간(,)2)병렬설비의사고발생률과평균정전시간(,)"
134회,1교시,발송배전,5,"무효전력보상장치인STATCOM(StaticSynchronousCompensator)의다음항목에대하여설명하시오.1)제어원리2)동기조상기,SVC대비장점3)적용효과"
134회,1교시,발송배전,6,"가공송전선로철탑기초의종류3가지를쓰고,각각의장단점을설명하시오."
134회,1교시,발송배전,7,철공진의종류와방지대책을설명하시오.
134회,1교시,발송배전,8,전력계통의저주파진동에대하여설명하시오.
134회,1교시,발송배전,9,한국전기설비규정(KEC)에따른풍력발전기운전중발생하는이상상태의종류및영향에대하여설명하시오.
134회,1교시,발송배전,10,전기설비기술기준에따른풍력터빈의구조중풍력발전기터빈의시설조건을10가지쓰시오.
134회,1교시,발송배전,11,지중송전선로에서발생할수있는프리스네이크(FreeSnake)현상과이를방지하기위한스네이크(Snake)포설방식에대하여설명하시오.
134회,1교시,발송배전,12,가공송전선에서발생할수있는부식에대하여설명하시오.
134회,1교시,발송배전,13,배전선로분할및연계의다음항목에대하여설명하시오.1)배전선로의분할및연계의정의2)연계개폐기설치기준및고려사항3)3분할3연계에대한배전선로구성도2-2
134회,2교시,발송배전,1,발전기의가능출력곡선과발전기출력한계를결정하는요인에대하여설명하시오.
134회,2교시,발송배전,2,배전선로지선(支線)의다음항목에대하여설명하시오.1)설치목적2)사용목적에따른형태별분류3)장력방향에따른형태별분류
134회,2교시,발송배전,3,피뢰기의다음항목에대하여설명하시오.1)구비조건2)정격전압3)제한전압
134회,2교시,발송배전,4,"변전소Mesh접지설계의다음항목에대하여설명하시오.1)최대허용보폭전압과최대허용접촉전압의의미(등가회로,수식)2)최대대지전위상승(GPR:GroundPotentialRise)3)최대대지전위상승(GPR)이최대허용보폭전압이나최대허용접촉전압보다클경우대책"
134회,2교시,발송배전,5,연료전지의다음항목에대하여설명하시오.1)구성요소2)발전원리3)종류별특징
134회,2교시,발송배전,6,변압기여자돌입전류의영향과비율차동계전기(RDFR:RatioDifferentialRelay)의오동작방지대책에대하여설명하시오.
134회,3교시,발송배전,1,수차발전기의다음항목에대하여설명하시오.1)무구속속도2)최대속도3)무부하속도
134회,3교시,발송배전,2,과도안정도향상대책에대하여설명하시오.
134회,3교시,발송배전,3,"가스절연개폐장치(GIS)진단방법과전력설비의예방보전방법(TBM,CBM)에대한개념을설명하시오."
134회,3교시,발송배전,4,직류송전시스템(HVDC)의특징에대하여설명하시오.
134회,3교시,발송배전,5,배전계통에서플리커(Flicker)와고조파의원인및대책에대하여설명하시오.
134회,3교시,발송배전,6,신재생발전기송전계통연계기술기준에따른다음항목에대하여설명하시오.1)계통연계유지기준2)무효전력공급능력3)유효·무효전력제어능력
134회,4교시,발송배전,1,신도시에전력을공급하기위하여배전선로를신설할경우고려사항에대하여설명하시오.
134회,4교시,발송배전,2,최근발생하고있는ESS(EnergyStorageSystem)화재사고원인및안전강화대책에대하여설명하시오.
134회,4교시,발송배전,3,과도회복전압(TRV:TransientRecoveryVoltage)에대하여설명하시오.
134회,4교시,발송배전,4,"아래의계통에서1선지락,2선지락,3상단락순으로계통의안정도가더가혹하게나빠짐을고장임피던스와전력전송공식을이용하여설명하시오.(단,고장시영상및역상임피던스는1보다작음)"
134회,4교시,발송배전,5,콘덴서의개폐서지에대하여설명하시오.
134회,4교시,발송배전,6,"배전선로개폐장치의다음항목에대하여설명하시오.1)차단장치와개폐장치의정의2)개폐장치의설치목적3)가스절연부하개폐기(G/S),자동선로구분개폐기(S/E),고장구간자동개폐기(ASS),자동부하전환개폐기(ALTS)의배전선로적용사항"
135회,1교시,발송배전,1,3개의전류계로단상전력과역률을측정하는방법을설명하시오.1)등가회로2)벡터도3)계산식
135회,1교시,발송배전,2,"전류형HVDC의일반적인구성도를그리고,주요설비의명칭및역할을설명하시오."
135회,1교시,발송배전,3,전력조류(powerflow)계산에대하여아래사항을설명하시오.1)정의및목적2)모선의종류3)가우스-자이델법과뉴톤-랍슨법의특징비교
135회,1교시,발송배전,4,단단법(stepbystepmethod)에의한과도안정도계산에대하여다음사항을설명하시오.1)정의2)동요방정식(SwingEquation)해석3)고장계산
135회,1교시,발송배전,5,전력계통에서전압불평형률에대하여설명하시오.1)정의2)계산식3)허용기준(전력계통신뢰도및전기품질유지기준)
135회,1교시,발송배전,6,개방사이클가스터빈과밀폐사이클가스터빈을설명하시오.
135회,1교시,발송배전,7,교류계통에서도체의실효저항을설명하시오.
135회,1교시,발송배전,8,"22.9kV배전선로에설치되는보호기기의구성도를그리고,리클로저의기능을설명하시오."
135회,1교시,발송배전,9,수차의캐비테이션(Cavitation)에대하여다음사항을설명하시오.1)정의2)장해및방지대책3)토마계수
135회,1교시,발송배전,10,가변속양수발전과일반양수발전을비교하여설명하시오.
135회,1교시,발송배전,11,화력발전에서증기터빈을증기사용조건에따라분류하고설명하시오.
135회,1교시,발송배전,12,가압수형원자로(PWR)와비등수형원자로(BWR)의계통구성및특징을설명하시오.
135회,1교시,발송배전,13,발전기의다음사항을설명하시오.1)출력과주파수관계2)속도조정률과조속기프리운전2-2
135회,2교시,발송배전,1,열병합발전에대하여다음각항목을설명하시오.1)정의2)필요성3)사용원동기
135회,2교시,발송배전,2,10차전력수급기본계획에서재생에너지의발전비중확대와일부지역보급집중에따른문제점및대책에대하여설명하시오.
135회,2교시,발송배전,3,풍력발전에서계통에연계하는이중여자유도형발전기의계통구성과운전방식을설명하시오.
135회,2교시,발송배전,4,"수전설비에서비상발전기(3상4선식,380/220V)기동후중성선이개방된상태로ATS가절체될경우부하의전압과전류의변화를설명하시오."
135회,2교시,발송배전,5,고압지중배전계통의구성에대하여설명하시오.
135회,2교시,발송배전,6,전자유도장해에대한정의와차폐선의효과를설명하시오.
135회,3교시,발송배전,1,풍력발전의출력제어방식을풍속의크기에따라구분하여설명하시오.
135회,3교시,발송배전,2,발전제약완화용ESS의구성과제어모드에대하여설명하시오.
135회,3교시,발송배전,3,배전선로에서부하분포형태에따른부하율과분산손실계수를설명하시오.
135회,3교시,발송배전,4,주파수·유효전력제어의다음사항을설명하시오.1)발전기와부하의주파수특성및제어원리2)연계계통의주파수제어방식3)주파수제어와경제부하배분과협조
135회,3교시,발송배전,5,"차동기공진(SSR)및계통안정화장치(PSS)에대하여다음을설명하시오.1)차동기공진(SSR)의개념2)SSR의발생원인,영향과대책3)계통안정화장치(PSS)의설치목적,동작원리및적용되는발전소최소용량"
135회,3교시,발송배전,6,직류송전방식과교류송전방식에대하여다음을설명하시오.1)직류송전방식과교류송전방식비교2)교류송전방식의선로충전에의한장해1-1
135회,4교시,발송배전,1,전력계통의공급신뢰도향상대책에대하여설명하시오.
135회,4교시,발송배전,2,"보호계전기중거리계전기에대하여다음사항을설명하시오.1)보호원리2)언더리치및오버리치개념3)보호범위및정정계산식유도4)고장점(아크)저항대책(Mho형)5)계전기임피던스(Ω)계산(소숫점세자리까지계산)(단,1차측임피던스1.0Ω,PT비345kV/110V,CT비4000/5이다.)"
135회,4교시,발송배전,3,유입식변압기의냉각방식별국제규격표기(IEC/ANSI)와냉각방식을설명하시오.
135회,4교시,발송배전,4,현재까지개발되어사용중인풍력발전기들의종류는다양하다.그러나일반적으로Type1∼4로분류하는데Type별특징및장·단점을설명하시오.
135회,4교시,발송배전,5,"열전현상을이용한발전기에대하여다음사항을설명하시오.1)Seeback현상과펠티에효과2)열전기발전기의정의,원리3)열전기발전기의구조및발생전력4)열전기발전기의향후전망"
135회,4교시,발송배전,6,분산전원의계통연계시다음사항을설명하시오.1)연계위치에따른전압변동2)분산전원의용량및역률에따른전압변동
136회,1교시,발송배전,1,유연송전시스템(FlexibleACTransmissionSystem)설비중TCSC(ThyristorControlledSeriesCapacitor)의제어원리와적용효과에대하여설명하시오.
136회,1교시,발송배전,2,『신재생발전기송전계통연계기술기준』에서계통고장으로인한순시전압변동에따른계통연계유지기준에대하여설명하시오.
136회,1교시,발송배전,3,암모니아혼소발전의장‧ 단점에대하여설명하시오.
136회,1교시,발송배전,4,동수력학에서토리첼리(Torricelli)의정리에대하여설명하시오.
136회,1교시,발송배전,5,지중선로의고장점탐지방법중PulseRadar법에대하여설명하시오.
136회,1교시,발송배전,6,지열발전소의개요와종류에대하여설명하시오.
136회,1교시,발송배전,7,변압기의전압변동률에대하여설명하시오.
136회,1교시,발송배전,8,계전기부담(Burden)에대하여설명하시오.
136회,1교시,발송배전,9,전력케이블에서발생하는손실에대하여설명하시오.
136회,1교시,발송배전,10,3상변압기각변위표기방법중Dy1과Dy
136회,1교시,발송배전,11,의차이점에대하여설명하시오.11.최근원자력발전소의출력감발사례가자주발생하고있는원인과대책에대하여설명하시오.
136회,1교시,발송배전,12,변압기의시험항목중아래사항에대하여설명하시오.1)무부하시험2)단락시험
136회,1교시,발송배전,13,『KEC(한국전기설비규정)』에따른계통접지방식에서TN계통과TT계통에대하여설명하시오.
136회,2교시,발송배전,1,아래그림과같은3상4선식220/380V저압배전선로가있다.1)부하불평형률을구하시오.2)F점에중성선단선이발생하였을경우각상의전압변동률을구하시오.
136회,2교시,발송배전,2,가상발전소(VPP:VirtualPowerPlant)의종류와운용효과에대하여설명하시오.
136회,2교시,발송배전,3,대용량발전기진상운전시고려사항에대하여설명하시오.
136회,2교시,발송배전,4,전력계통의부하모델의종류에대하여설명하시오.
136회,2교시,발송배전,5,원자력발전에관한아래사항에대하여설명하시오.1)고속증식로의개요및특징2)전환비(ConversionRatio)3)반감기(HalfLife)
136회,2교시,발송배전,6,"지중케이블진단법중VLF(VeryLowFrequency)시험의장점을설명하고VLF내전압시험,VLFTD(tanδ)시험,VLFPD(부분방전)시험에대하여각각설명하시오."
136회,3교시,발송배전,1,발전기에서발생할수있는아래비정상운전에대하여설명하시오.1)비동기운전(계자상실)2)동기발전기의동기전동기화운전3)비정상주파수운전4)불평형부하운전
136회,3교시,발송배전,2,초고압계통전력케이블에서발생하는시스유기전압에대하여설명하시오.
136회,3교시,발송배전,3,"154kV옥내형변전소에적용하고있는보호계전기용CT(변류기)위치를단선도에표기하고모선,변압기,송전선로,배전선로의보호계전방식에대하여설명하시오."
136회,3교시,발송배전,4,『분산형전원배전계통연계기술기준』에서아래사항에대하여설명하시오.1)감시및제어설비2)한전계통이상시분산형전원분리및재병입3)전기품질
136회,3교시,발송배전,5,태양광발전시스템설계시고려사항에대하여설명하시오.
136회,3교시,발송배전,6,"콘덴서에관한아래사항에대하여설명하시오.1)3상동일전원에접속하는△결선의콘덴서를Y결선으로바꾸어연결했을경우정전용량변화2)온도,전압,고조파에대한열화대책3)고장보호방식1-1"
136회,4교시,발송배전,1,『분산형전원배전계통연계기술기준』에서연계변압기를△-GroundedY결선방식으로설계적용시아래사항을설명하시오.1)이결선방식의장‧ 단점2)적용방법및유의사항
136회,4교시,발송배전,2,계기용변류기(CT)의철심포화시2차측전류및전압의변화에대하여설명하시오.
136회,4교시,발송배전,3,발전기의전력()-주파수(ｆ)특성과부하의전력()-주파수(ｆ)특성에대하여설명하시오.
136회,4교시,발송배전,4,선로에전파해온진행파의변이점에서의반사와투과에대하여설명하시오.
136회,4교시,발송배전,5,국내변전소에적용하고있는전압별(765/345/154kV)모선구성방식에대하여설명하시오.
136회,4교시,발송배전,6,"다음그림과같이3상교류발전기의b-c상간에고장임피던스를통하여단락이발생되었다.고장전류와각상의단자전압을구하시오. Ea,Eb,Ec:각상의무부하유도전압Ia,Ib,Ic:각상의전류Va,Vb,Vc:각상의단자전압"
137회,1교시,발송배전,1,「분산형전원배전계통연계기술」의내용중다음사항에대하여설명하시오.1)단순병렬2)역송병렬3)단독운전(Islanding)상태4)자립운전(Stand-Alone)상태
137회,1교시,발송배전,2,「전력계통신뢰도및전기품질유지기준」에따른공급예비력과운영예비력의의미와종류에대하여설명하시오.
137회,1교시,발송배전,3,"계절적,시간적으로변동하는부하에효율적으로대응하기위한발전소운용중의첨두부하운전에대하여설명하시오."
137회,1교시,발송배전,4,초전도선재(Superconductingwire)를고온초전도체(HighTemperatureSuperconductors)와저온초전도체(LowTemperatureSuperconductors)로구분하여설명하시오.
137회,1교시,발송배전,5,"기력발전소의랭킨사이클(RankineCycle)장치선도를그리고,다음을설명하시오.1)T-S선도및효율2)급수및증기의행정상태3)효율향상대책"
137회,1교시,발송배전,6,변압기의효율은철손과동손이같아지는부하일때최고효율이되는이유를설명하시오.
137회,1교시,발송배전,7,변압기냉각방식의종류를IEC규격에의하여설명하시오.
137회,1교시,발송배전,8,변압기에설치되어있는부하시탭절환장치(OLTC)의이상유무를판단하기위한시험의종류와판정기준에대하여설명하시오.
137회,1교시,발송배전,9,차단기트립(Trip)방식중다음을설명하시오.1)직류트립방식(DCTripDevice)2)교류트립방식(ACTripDevice)3)CTD트립방식(CondenserTripDevice)
137회,1교시,발송배전,10,우리나라의전력계통은60Hz주파수로운용하고있다.전력계통의주파수를일정하게유지할필요성에대하여다음사항을설명하시오.1)수용가측면에서의필요성2)전력계통의운영자측면에서필요성
137회,1교시,발송배전,11,전력계통에서3상단락과선간단락고장시각지점의특징을대칭좌표법을이용한전압과전류의크기와위상으로설명하시오.
137회,1교시,발송배전,12,맥스웰방정식4가지의의미를설명하시오.
137회,1교시,발송배전,13,전력계통에서고조파가발생하는원인과각종기기에주는영향을설명하시오.
137회,2교시,발송배전,1,"에너지저장기술에대해서다음을설명하시오.1)단주기,중주기와장주기에너지저장기술2)에너지저장장치의활용분야3)대용량장주기에너지저장장치의종류별특징"
137회,2교시,발송배전,2,풍력발전의다음사항에대하여설명하시오.1)이론출력식2)출력제어방법3)아래출력특성곡선에서4개의주요영역
137회,2교시,발송배전,3,동기발전기의다음을설명하시오.1)발전원리와구조2)역률(부하의종류)이발전기의합성유기기전력에미치는영향2-1
137회,2교시,발송배전,4,"지중케이블의시스유기전압저감대책을설명하고,다음그림의크로스본드접지방식에서유기전압을구하시오."
137회,2교시,발송배전,5,교류전력계통에전력용반도체스위칭소자를이용한유연송전기술(FACTS:FlexibleACTransmissionSystem)의다음을설명하시오.1)도입배경및설치효과2)FACTS설비의종류와특징(사이리스터제어설비와인버터응용설비로구분)
137회,2교시,발송배전,6,"분산형전원이한전계통에연계운전중인경우한전계통에전압과주파수의변동을초래하는이상현상이발생했을때,분산형전원의분리및연계운전을위한다음사항을설명하시오.1)한전계통과분리시켜야하는조건(전압주파수및분리시간)2)한전계통에서분리된분산형전원이재병입될조건3)단독운전상태가발생한경우한전계통분리조건4)계통연계유지조건(FaultRide-Through)5)역송병렬형태로연계하는인버터기반의분산형전원에요구되는계통지원기능2-2"
137회,3교시,발송배전,1,열효율향상을위해적용되는복합발전에대하여다음을설명하시오.1)복합발전의개념2)복합발전의열효율3)가스터빈과증기터빈을조합한복합발전의종류및특징
137회,3교시,발송배전,2,진행파의반사와투과에대하여다음을설명하시오.1)변위점에서반사파와투과파2)반사계수와투과계수3)선로종단에서전압및전류의파고값
137회,3교시,발송배전,3,"SMR(SmallModularReactor)의정의,주요장·단점및대형원자력발전과특징을비교하여설명하시오."
137회,3교시,발송배전,4,"다음4가지정리의개념을설명하고,아래회로에서각각의방법으로저항3Ω에흐르는전류I(A)를구하시오.1)중첩의정리2)테브난의정리3)밀만의정리4)노튼의정리"
137회,3교시,발송배전,5,"각변위가Dyn1,Dyn11인두대의변압기에대하여각변압기를고조파억제형(정지형)비율차동계전기로보호하고자한다.다음을설명하시오.1)변압기별보호계전기용변류기결선도작성2)여자돌입전류발생원인과특징"
137회,3교시,발송배전,6,배전선로의보호협조장치에대하여설명하시오.
137회,4교시,발송배전,1,전력계통의사고로입·출력변동시안정도판별에대하여다음사항을설명하시오.1)다기계통에서상차각과전력편차를이용한안정도판별법의원리2)안정도향상대책
137회,4교시,발송배전,2,태양광발전소설계시고려하여야할다음사항을설명하시오.1)단결정태양광모듈및태양광인버터선정시고려사항2)태양광모듈의개수및직·병렬회로설계방법
137회,4교시,발송배전,3,공칭전압140kV의송전선이있다.이송전선의
137회,4교시,발송배전,4,"단자정수는A=0.98,B=j70.7,C=j0.56× ,D=0.98이다.무부하시에송전단에154kV를인가할때다음을구하시오.1)수전단전압및송전단전류2)수전단전압을140kV로유지하는데소요될수전단조상설비용량4.터빈발전기냉각방식중수소냉각방식에대하여다음을설명하시오.1)수소냉각방식의원리및장점2)수소냉각방식을채용하는이유3)수소냉각방식채용에따른안전대책"
137회,4교시,발송배전,5,우리나라송배전손실에대한다음사항을설명하시오.1)전력계통의손실에영향을주는요소2)송배전손실의감소요인3)배전선로의손실경감대책
137회,4교시,발송배전,6,전력용콘덴서에대하여다음사항을설명하시오.1)개폐기투입시의문제점2)개폐기개방시의문제점3)콘덴서내부고장보호방식1-1
