id,round,subject,category,keyword,score,level,reason,question
q-108-4-6,108회 4교시,송배전공학,발송배전,ESS,61,core,개념형 표현 9 · 핵심 주제 4 · 서술형 요구 · 기본개념 키워드 · 수치 다수,EESS(ElectricalEnergyStorageSystem)에적용되는전지에대하여설명하시오.1)EESS의개요2)EESS개념적원리3)EESS운영에따른분류4)에너지저장장치용전지적용기술5)에너지저장시스템(EESS)으로서적용되는전지의종류3가지와각각의원리및장․단점1-1
q-128-2-4,128회 2교시,계통공학,발송배전,선식다중접지,57,core,개념형 표현 7 · 핵심 주제 3 · 답안키워드 개념형 · 서술형 요구 · 기본개념 키워드,"선식다중접지방식으로선정한이유를기술적,경제적측면에서설명하시오.4.수용가의비접지계통에적용하는3상접지변압기(GroundingTransformer,GTR)의사용목적,종류,동작원리에대하여설명하시오."
q-135-3-5,135회 3교시,계통공학,발송배전,PSS,56,core,개념형 표현 8 · 핵심 주제 2 · 답안키워드 개념형 · 서술형 요구 · 기본개념 키워드,"차동기공진(SSR)및계통안정화장치(PSS)에대하여다음을설명하시오.1)차동기공진(SSR)의개념2)SSR의발생원인,영향과대책3)계통안정화장치(PSS)의설치목적,동작원리및적용되는발전소최소용량"
q-126-4-1,126회 4교시,계통공학,발송배전,CT,52,core,개념형 표현 6 · 핵심 주제 3 · 답안키워드 개념형 · 서술형 요구 · 기본개념 키워드,"전력계통에서FACTS(FlexibleACTransmissionSystem)의역할에대하여설명하고,STATCOM(StaticCompensator)의개념,시스템구조및원리,기능에대하여설명하시오."
q-115-2-6,115회 2교시,발전공학,발송배전,발전용보일러,52,core,개념형 표현 6 · 핵심 주제 3 · 답안키워드 개념형 · 서술형 요구 · 기본개념 키워드,"발전용보일러의종류및표준석탄화력에주로쓰이는관류형보일러방식의원리,구성및장·단점에대하여설명하시오."
q-118-3-5,118회 3교시,송배전공학,발송배전,CT,50,core,개념형 표현 6 · 핵심 주제 2 · 답안키워드 개념형 · 서술형 요구 · 기본개념 키워드,"국내에적용중인‘FACTS(FlexibleACTransmissionSystem)’설비에대하여보상대상,제어목적,동작원리및특징을각각설명하시오."
q-118-1-1,118회 1교시,발전공학,발송배전,발전기,49,core,개념형 표현 5 · 핵심 주제 6 · 답안키워드 개념형 · 서술형 요구 · 기본개념 키워드,발전기후비보호방식의종류별동작개념및특성을비교설명하시오.
q-132-4-3,132회 4교시,발전공학,발송배전,화력발전,49,core,개념형 표현 5 · 핵심 주제 4 · 답안키워드 개념형 · 서술형 요구 · 기본개념 키워드,"복합화력발전의종류,배열회수방식의원리및특징에대하여설명하시오."
q-135-4-4,135회 4교시,발전공학,발송배전,풍력발전,49,core,개념형 표현 5 · 핵심 주제 4 · 답안키워드 개념형 · 서술형 요구 · 기본개념 키워드,현재까지개발되어사용중인풍력발전기들의종류는다양하다.그러나일반적으로Type1∼4로분류하는데Type별특징및장·단점을설명하시오.
q-137-2-3,137회 2교시,발전공학,발송배전,동기발전기,49,core,개념형 표현 5 · 핵심 주제 5 · 답안키워드 개념형 · 서술형 요구 · 기본개념 키워드,동기발전기의다음을설명하시오.1)발전원리와구조2)역률(부하의종류)이발전기의합성유기기전력에미치는영향2-1
q-128-2-2,128회 2교시,송배전공학,발송배전,HVDC,49,core,개념형 표현 5 · 핵심 주제 4 · 답안키워드 개념형 · 서술형 요구 · 기본개념 키워드,"HVDC(HighVoltageDirectCurrent)에대하여다음각항목을설명하시오.1)경제적,기술적관점에서의AC송전과비교한DC송전의장점2)HVDC케이블종류3)전류형HVDC와전압형HVDC의주요특징"
q-131-3-4,131회 3교시,송배전공학,발송배전,ESS,49,core,개념형 표현 5 · 핵심 주제 4 · 답안키워드 개념형 · 서술형 요구 · 기본개념 키워드,에너지저장장치(ESS:EnergyStorageSystem)에대하여다음을설명하시오.1)분산전원에서에너지저장의필요성2)용도에따른에너지저장장치분류3)수퍼캐패시터(SuperCapacitor)의에너지저장원리와종류
q-118-3-3,118회 3교시,송배전공학,발송배전,초전도자기에너지저장설비smes,48,core,개념형 표현 6 · 핵심 주제 1 · 답안키워드 개념형 · 서술형 요구 · 기본개념 키워드,"초전도자기에너지저장설비(SMES)의기본구성,동작원리,특징및적용에대하여설명하시오."
q-130-2-6,130회 2교시,송배전공학,발송배전,선계전방식전류순환식,48,core,개념형 표현 6 · 핵심 주제 1 · 답안키워드 개념형 · 서술형 요구 · 기본개념 키워드,파일럿계전방식중표시선계전방식(전류순환식및전압반향식)및반송파계전방식(방향비교방식및위상비교방식)의적용및동작원리에대하여설명하시오.
q-114-2-4,114회 2교시,계통공학,발송배전,ESS,47,core,개념형 표현 5 · 핵심 주제 3 · 답안키워드 개념형 · 서술형 요구 · 기본개념 키워드,"전기저장장치(ESS)를배터리형과비배터리형으로구분하여종류별작동원리및특징,ESS의전력계통적용방안에대하여설명하시오."
q-121-2-3,121회 2교시,계통공학,발송배전,고압차단기,47,core,개념형 표현 5 · 핵심 주제 3 · 답안키워드 개념형 · 서술형 요구 · 기본개념 키워드,"배전계통에서사용하는고압차단기를소호매질에따라분류하고,차단기별동작원리와특징에대하여설명하시오."
q-115-3-2,115회 3교시,발전공학,발송배전,가스터빈발전,47,core,개념형 표현 5 · 핵심 주제 3 · 답안키워드 개념형 · 서술형 요구 · 기본개념 키워드,"디젤엔진,가스엔진,가스터빈을사용한열병합발전시스템의구성도를그려서설명하고,이들원동기를적용한열병합발전시스템의특징을비교표로나타내시오."
q-117-2-3,117회 2교시,발전공학,발송배전,신재생발전기,47,core,개념형 표현 6 · 핵심 주제 4 · 서술형 요구 · 기본개념 키워드 · 계산형 신호 1,"신재생발전기의 무효전력 출력 2. 한류리액터로 사용되는 건식 공심리액터의 구조적 특징을 설명하고, 현장적용 시 유의사항을 전기적, 자계적 측면에서 각각 설명하시오. 3. 교류(AC) 지중송전선로를 채용하는 이유와 장·단점을 가공송전선로와 비교하여 설명하시오."
q-113-3-2,113회 3교시,송배전공학,발송배전,배전선,47,core,개념형 표현 5 · 핵심 주제 3 · 답안키워드 개념형 · 서술형 요구 · 기본개념 키워드,"배전선로보호기기중아래사항에대하여설명하시오.1)선로용퓨즈(LineFuse)구성요소별적용시고려사항,설치위치2)자동재폐로차단기(Recloser)의원리,동작상태의분류및동작순서(순시동작2회,지연동작2회)"
q-114-2-5,114회 2교시,송배전공학,발송배전,송전선로,47,core,개념형 표현 5 · 핵심 주제 3 · 답안키워드 개념형 · 서술형 요구 · 기본개념 키워드,변압기Y-Y결선방식의특징과송전선로에적용시문제점에대하여설명하시오.
q-126-2-3,126회 2교시,송배전공학,발송배전,3권선변압기등가회로,47,core,개념형 표현 5 · 핵심 주제 3 · 답안키워드 개념형 · 서술형 요구 · 기본개념 키워드,"권선등가회로를2권선등가회로로환산하는방법3)변압기의보호방식4)변압기의절연시험종류및원리(5가지이상)3.에너지전환에대비한섹터커플링의개념,기술및활용방안에대하여설명하시오."
q-130-4-5,130회 4교시,계통공학,발송배전,분산전원,46,core,개념형 표현 5 · 핵심 주제 5 · 서술형 요구 · 기본개념 키워드,분산형전원을특고압전력계통에연계시다음사항을설명하시오.1)변압기결선및접지방식에따른전압및보호특성2)연계변압기결선방식의종류및계통에미치는영향(장단점)
q-113-1-13,113회 1교시,발전공학,발송배전,감속재,45,core,개념형 표현 5 · 핵심 주제 2 · 답안키워드 개념형 · 서술형 요구 · 기본개념 키워드,"원자력발전에서감속재(Moderator)의역할,구비조건,종류에대하여각각설명하시오. 청렴은 건전한 국가 재정의 첫걸음"
q-123-4-2,123회 4교시,발전공학,발송배전,가스터빈,45,core,개념형 표현 5 · 핵심 주제 2 · 답안키워드 개념형 · 서술형 요구 · 기본개념 키워드,가스터빈의특징과장·단점및동작원리에대하여설명하시오.
q-137-3-3,137회 3교시,발전공학,발송배전,SMR,45,core,개념형 표현 5 · 핵심 주제 2 · 답안키워드 개념형 · 서술형 요구 · 기본개념 키워드,"SMR(SmallModularReactor)의정의,주요장·단점및대형원자력발전과특징을비교하여설명하시오."
q-135-1-3,135회 1교시,계통공학,발송배전,전력조류계산,44,core,개념형 표현 6 · 핵심 주제 1 · 답안키워드 개념형 · 서술형 요구 · 기본개념 키워드,전력조류(powerflow)계산에대하여아래사항을설명하시오.1)정의및목적2)모선의종류3)가우스-자이델법과뉴톤-랍슨법의특징비교
q-104-2-3,104회 2교시,발전공학,발송배전,수력발전,44,core,개념형 표현 4 · 핵심 주제 4 · 답안키워드 개념형 · 서술형 요구 · 기본개념 키워드,수력발전소에서조압수조(Surgetank)의기능과서징작용(Surging)및조압수조의종류와특징에대하여설명하시오.
q-123-1-12,123회 1교시,발전공학,발송배전,신재생에너지,44,core,개념형 표현 4 · 핵심 주제 4 · 답안키워드 개념형 · 서술형 요구 · 기본개념 키워드,신재생에너지와관련하여다음사항을각각설명하시오.1)FIT및RPS의목적과차이점2)태양광발전에서한국형FIT제도
q-124-1-8,124회 1교시,발전공학,발송배전,해상풍력발전,44,core,개념형 표현 4 · 핵심 주제 4 · 답안키워드 개념형 · 서술형 요구 · 기본개념 키워드,원거리대규모해상풍력발전소의계통연계를위한해상및육상전력망구성방법의종류및특징을각각설명하시오.
q-131-1-5,131회 1교시,발전공학,발송배전,냉각재,44,core,개념형 표현 4 · 핵심 주제 4 · 답안키워드 개념형 · 서술형 요구 · 기본개념 키워드,"원자력발전에서냉각재(Coolant)의역할,구비조건,종류에대하여설명하시오."
q-132-2-5,132회 2교시,송배전공학,발송배전,HVDC,44,core,개념형 표현 4 · 핵심 주제 4 · 답안키워드 개념형 · 서술형 요구 · 기본개념 키워드,HVDC변환설비에대하여다음사항을설명하시오.1)개요2)전류형변환기의종류별주요특징3)전압형변환기의주요특징
q-132-4-2,132회 4교시,발전공학,발송배전,해상풍력발전,43,core,개념형 표현 5 · 핵심 주제 3 · 답안키워드 개념형 · 서술형 요구 · 기본개념 키워드,해상풍력발전에대하여다음사항을설명하시오.1)필요성2)시스템구성도및원리3)문제점4)출력조정방법
q-134-2-5,134회 2교시,발전공학,발송배전,연료전지,43,core,개념형 표현 5 · 핵심 주제 1 · 답안키워드 개념형 · 서술형 요구 · 기본개념 키워드,연료전지의다음항목에대하여설명하시오.1)구성요소2)발전원리3)종류별특징
q-137-3-1,137회 3교시,발전공학,발송배전,복합발전,43,core,개념형 표현 5 · 핵심 주제 3 · 답안키워드 개념형 · 서술형 요구 · 기본개념 키워드,열효율향상을위해적용되는복합발전에대하여다음을설명하시오.1)복합발전의개념2)복합발전의열효율3)가스터빈과증기터빈을조합한복합발전의종류및특징
q-107-3-4,107회 3교시,송배전공학,발송배전,초전도한류기,43,core,개념형 표현 5 · 핵심 주제 1 · 답안키워드 개념형 · 서술형 요구 · 기본개념 키워드,"초전도 한류기의 개요 및 동작특성, 구성도와 동작원리에 대하여 설명하시오"
q-112-1-7,112회 1교시,송배전공학,발송배전,리튬이온축전지,43,core,개념형 표현 5 · 핵심 주제 1 · 답안키워드 개념형 · 서술형 요구 · 기본개념 키워드,리튬이온축전지에 대하여 다음 내용을 설명하시오. 1) 양극재의 종류 2) 구성 및 원리 3) 장·단점
q-118-2-2,118회 2교시,송배전공학,발송배전,스템송풍방식,43,core,개념형 표현 5 · 핵심 주제 1 · 답안키워드 개념형 · 서술형 요구 · 기본개념 키워드,"전력구풍냉시스템송풍방식의종류,특징및적용기준을설명하시오."
q-130-2-1,130회 2교시,송배전공학,발송배전,가변속양수발전,43,core,개념형 표현 5 · 핵심 주제 1 · 답안키워드 개념형 · 서술형 요구 · 기본개념 키워드,가변속양수발전소에대하여다음을설명하시오.1)가변속양수발전소의특징2)가변속양수발전소의종류및장단점비교
q-123-1-13,123회 1교시,계통공학,발송배전,CT,42,core,개념형 표현 4 · 핵심 주제 3 · 답안키워드 개념형 · 서술형 요구 · 기본개념 키워드,"송전계통의전력전송능력을향상시키기위해사용되는다음의FACTS(FlexibleACTransmissionSystem)기기들의동작원리,적용방법및효과를각각설명하시오.1)STATCOM(StaticCompensator)2)TCSC(ThyristorControlledSeriesCapacitor)3)UPFC(UnifiedPowerFlowController) ※ ."
q-127-1-11,127회 1교시,계통공학,발송배전,양수발전소,42,core,개념형 표현 4 · 핵심 주제 3 · 답안키워드 개념형 · 서술형 요구 · 기본개념 키워드,전력계통에서양수발전소의필요성과물의이용방식에따른종류를설명하시오.
q-128-4-3,128회 4교시,계통공학,발송배전,전력계통신뢰도,42,core,개념형 표현 4 · 핵심 주제 3 · 답안키워드 개념형 · 서술형 요구 · 기본개념 키워드,"산업통상자원부에서고시한‘전력계통신뢰도및전기품질유지기준’에서정한상정고장의정의,목적,종류및전기품질유지기준에대하여설명하시오."
q-117-2-5,117회 2교시,발전공학,발송배전,동기발전기,42,core,개념형 표현 4 · 핵심 주제 3 · 답안키워드 개념형 · 서술형 요구 · 기본개념 키워드,"동기발전기의 동작원리와 구조를 설명하고, 회전계자형을 채택하는 이유에 대하여 설명하시오 ."
q-121-1-13,121회 1교시,발전공학,발송배전,전력계통안정화장치,42,core,개념형 표현 4 · 핵심 주제 3 · 답안키워드 개념형 · 서술형 요구 · 기본개념 키워드,발전기의여자설비를제어하는전력계통안정화장치(PSS:PowerSystemStabilizer)의설치목적과동작원리를설명하시오.
q-124-4-4,124회 4교시,발전공학,발송배전,화력발전,42,core,개념형 표현 4 · 핵심 주제 3 · 답안키워드 개념형 · 서술형 요구 · 기본개념 키워드,화력발전소에서미세먼지저감을위해사용하는집진기에대하여다음내용을각각설명하시오.1)관속식집진기의원리2)저온전기집진기와고온전기집진기의설치위치를그림으로표현하고특징을비교
q-126-1-3,126회 1교시,발전공학,발송배전,감속재,42,core,개념형 표현 4 · 핵심 주제 3 · 답안키워드 개념형 · 서술형 요구 · 기본개념 키워드,"원자력발전소에서사용하는감속재의역할,구비조건및종류를설명하시오."
q-118-1-5,118회 1교시,송배전공학,발송배전,변압기냉각방식,42,core,개념형 표현 4 · 핵심 주제 3 · 답안키워드 개념형 · 서술형 요구 · 기본개념 키워드,지중케이블냉각방식의종류와특징에대하여설명하시오.
q-118-4-4,118회 4교시,송배전공학,발송배전,간부하첨두부하담당발전소,42,core,개념형 표현 4 · 핵심 주제 3 · 답안키워드 개념형 · 서술형 요구 · 기본개념 키워드,"1일부하변동과발전소운용의특징및기저부하,중간부하,첨두부하담당발전소의요구조건에대하여각각설명하시오."
q-121-2-2,121회 2교시,송배전공학,발송배전,HVDC,42,core,개념형 표현 4 · 핵심 주제 3 · 답안키워드 개념형 · 서술형 요구 · 기본개념 키워드,전류형초고압직류송전방식(HVDC)에서다음사항을설명하시오. 1)BacktoBack과PointtoPoint방식비교 2)전류실패(CommutationFailure)현상 3)필터(Filter)설치목적
q-121-3-6,121회 3교시,송배전공학,발송배전,유입변압기,42,core,개념형 표현 4 · 핵심 주제 3 · 답안키워드 개념형 · 서술형 요구 · 기본개념 키워드,"유입변압기를보호하기위한기계적보호장치를열거하고,동작원리,동작설정값및발생신호(경보,트립)에대하여설명하시오."
q-123-3-5,123회 3교시,송배전공학,발송배전,선택하여특징,42,core,개념형 표현 5 · 핵심 주제 3 · 답안키워드 개념형 · 서술형 요구 · 기본개념 키워드,개를선택하여특징과장단점에대하여설명하시오.1)(전류)비율차동방식2)리니어커플러(LinearCoupler)방식3)전압차동방식4)위상비교방식5)방향비교방식6)차폐모선방식2-1 5.직류배전을위한반도체변압기기술에대하여설명하시오.
q-128-1-2,128회 1교시,송배전공학,발송배전,중성점접지,42,core,개념형 표현 4 · 핵심 주제 3 · 답안키워드 개념형 · 서술형 요구 · 기본개념 키워드,"차측중성점접지 3)1,2차측중성점접지 2.MVDC(Medium-VoltageDirectCurrent)의정의,구성,특징에대하여설명하시오."
q-132-2-2,132회 2교시,송배전공학,발송배전,부하관리,42,core,개념형 표현 4 · 핵심 주제 3 · 답안키워드 개념형 · 서술형 요구 · 기본개념 키워드,"부하관리와부하제어에대하여다음사항을설명하시오.1)부하관리의개념과종류2)직접부하제어의개요,종류및제어시스템"
q-130-3-3,130회 3교시,발전공학,발송배전,해상풍력발전,41,core,개념형 표현 5 · 핵심 주제 4 · 답안키워드 개념형 · 서술형 요구 · 기본개념 키워드,해상풍력발전소의건설이활성화됨에따라해저케이블의적용도빈번해지고있다.154kVAC해저케이블에대하여다음을설명하시오.1)구조및특징2)해저케이블보호공법에서매설및비매설공법에대하여비교설명
q-113-4-5,113회 4교시,송배전공학,발송배전,디지털보호계전기,41,core,개념형 표현 4 · 핵심 주제 4 · 서술형 요구 · 기본개념 키워드,"디지털보호계전기의구성도를그리고목적,장단점,주요구성요소를각각설명하시오."
q-128-4-4,128회 4교시,송배전공학,발송배전,차단기,41,core,개념형 표현 4 · 핵심 주제 4 · 서술형 요구 · 기본개념 키워드,변전소에서차단기의개폐조작에따른차단기의가혹차단현상에대하여종류별개념및그대책을설명하시오.
q-108-1-3,108회 1교시,계통공학,발송배전,그특징,40,core,개념형 표현 4 · 핵심 주제 6 · 답안키워드 개념형 · 서술형 요구 · 기본개념 키워드,국내345kV계통에적용하고있는보호계전방식과그특징을설명하시오.
q-129-2-2,129회 2교시,발전공학,발송배전,태양광발전,40,core,개념형 표현 4 · 핵심 주제 2 · 답안키워드 개념형 · 서술형 요구 · 기본개념 키워드,"태양광발전의보급확대에따른배전계통운영자(DSO:DistributionSystemOperator)의출현배경,정의및역할에대하여설명하시오."
q-133-1-2,133회 1교시,발전공학,발송배전,수차발전기와터빈발전기,40,core,개념형 표현 5 · 핵심 주제 4 · 답안키워드 개념형 · 서술형 요구 · 계산형 신호 1,"수차발전기와터빈발전기의아래항목에대한차이점을비교하여설명하시오.(회전수와극수,회전자구조,발전기형식,단락비,출력특성)"
q-135-4-5,135회 4교시,발전공학,발송배전,열전현상을이용한발전기,40,core,개념형 표현 4 · 핵심 주제 2 · 답안키워드 개념형 · 서술형 요구 · 기본개념 키워드,"열전현상을이용한발전기에대하여다음사항을설명하시오.1)Seeback현상과펠티에효과2)열전기발전기의정의,원리3)열전기발전기의구조및발생전력4)열전기발전기의향후전망"
q-104-4-4,104회 4교시,송배전공학,발송배전,HVDC,40,core,개념형 표현 4 · 핵심 주제 4 · 답안키워드 개념형 · 서술형 요구 · 기본개념 키워드,"HVDC(HighVoltageDirectCurrent)시스템구성설비중다음사항에대하여설명하시오.(1)필터설계시주의사항,최소용량,설치목적(2)시스템에서발생되는고조파가각종기기에미치는영향"
q-117-1-9,117회 1교시,송배전공학,발송배전,재생에너지개발이용보급촉진법에,40,core,개념형 표현 4 · 핵심 주제 2 · 답안키워드 개념형 · 서술형 요구 · 기본개념 키워드,"신에너지 및 재생에너지 개발·이용·보급 촉진법에 의한 신에너지와 재생에너지의 종류를 분류하고, 신재생에너지의 일반적인 장점에 대하여 설명하시오. 수험 번호 성 명"
q-117-4-6,117회 4교시,송배전공학,발송배전,관대지전위차管對地電位差,40,core,개념형 표현 4 · 핵심 주제 2 · 답안키워드 개념형 · 서술형 요구 · 기본개념 키워드,"지중에 매설된 금속 구조물의 전기적인 부식현상을 방지하기 위해서는 전기방식 설비를 설치하고, 주기적으로 관대지전위차(管對地電位差)를 측정하여 관리한다. 관대지전위차에 대해서 설명하고, 측정목적과 측정방법 및 평가기준에 대하여 설명 하시오."
q-124-2-1,124회 2교시,송배전공학,발송배전,가상발전소,40,core,개념형 표현 4 · 핵심 주제 2 · 답안키워드 개념형 · 서술형 요구 · 기본개념 키워드,"가상발전소(VPP,VirtualPowerPlant)의개념,종류,운영효과를각각설명하시오."
q-124-2-5,124회 2교시,송배전공학,발송배전,배전지중케이블,40,core,개념형 표현 4 · 핵심 주제 2 · 답안키워드 개념형 · 서술형 요구 · 기본개념 키워드,배전지중케이블열화와관련한다음사항을설명하시오.1)지중케이블의열화형태2)VLF(VeryLowFrequeny)진단법을채용하는이유와VLF진단항목의종류3)DC내전압시험과VLF진단법의차이점
q-132-2-3,132회 2교시,송배전공학,발송배전,분산전원,40,core,개념형 표현 4 · 핵심 주제 2 · 답안키워드 개념형 · 서술형 요구 · 기본개념 키워드,신재생에너지등분산형전원의특징과연계운전에따른문제점및대책을설명하시오.
q-134-4-6,134회 4교시,송배전공학,발송배전,배전선,40,core,개념형 표현 4 · 핵심 주제 2 · 답안키워드 개념형 · 서술형 요구 · 기본개념 키워드,"배전선로개폐장치의다음항목에대하여설명하시오.1)차단장치와개폐장치의정의2)개폐장치의설치목적3)가스절연부하개폐기(G/S),자동선로구분개폐기(S/E),고장구간자동개폐기(ASS),자동부하전환개폐기(ALTS)의배전선로적용사항"
q-112-3-2,112회 3교시,계통공학,발송배전,안정도종류,39,core,개념형 표현 3 · 핵심 주제 4 · 답안키워드 개념형 · 서술형 요구 · 기본개념 키워드,1기 무한대 계통의 안정도 종류와 특징에 대하여 설명하시오.
q-124-3-5,124회 3교시,계통공학,발송배전,ESS,39,core,개념형 표현 3 · 핵심 주제 4 · 답안키워드 개념형 · 서술형 요구 · 기본개념 키워드,에너지저장장치(ESS)의종류및전력계통에ESS적용을통해얻을수있는효과를설명하시오.
q-131-2-3,131회 2교시,계통공학,발송배전,전력계통유효접지,39,core,개념형 표현 4 · 핵심 주제 4 · 답안키워드 개념형 · 서술형 요구,"전력계통유효접지방식의개념및장,단점을설명하시오."
q-133-3-3,133회 3교시,계통공학,발송배전,고조파,39,core,개념형 표현 4 · 핵심 주제 3 · 서술형 요구 · 기본개념 키워드,"전력계통에는전압및역률개선목적으로콘덴서를설치하는데,콘덴서회로에고조파전류유입시전력설비에미치는영향과대책에대하여설명하시오."
q-134-1-5,134회 1교시,계통공학,발송배전,STATCOM,39,core,개념형 표현 4 · 핵심 주제 3 · 서술형 요구 · 기본개념 키워드,"무효전력보상장치인STATCOM(StaticSynchronousCompensator)의다음항목에대하여설명하시오.1)제어원리2)동기조상기,SVC대비장점3)적용효과"
q-137-2-5,137회 2교시,계통공학,발송배전,CT,39,core,개념형 표현 3 · 핵심 주제 4 · 답안키워드 개념형 · 서술형 요구 · 기본개념 키워드,교류전력계통에전력용반도체스위칭소자를이용한유연송전기술(FACTS:FlexibleACTransmissionSystem)의다음을설명하시오.1)도입배경및설치효과2)FACTS설비의종류와특징(사이리스터제어설비와인버터응용설비로구분)
q-104-3-3,104회 3교시,발전공학,발송배전,화력발전,39,core,개념형 표현 3 · 핵심 주제 5 · 답안키워드 개념형 · 서술형 요구 · 기본개념 키워드,화력발전소에서급수순환방법에의한보일러종류와특징에대하여설명하시오.
q-108-3-4,108회 3교시,발전공학,발송배전,화력발전,39,core,개념형 표현 4 · 핵심 주제 3 · 서술형 요구 · 기본개념 키워드,화력발전에서사용되는미분탄연소방식의장단점및버너에분배하는방법에따른종류에대해설명하시오.
q-112-1-8,112회 1교시,발전공학,발송배전,원자력발전,39,core,개념형 표현 3 · 핵심 주제 5 · 답안키워드 개념형 · 서술형 요구 · 기본개념 키워드,APR-1400 원자력발전소의 개요 및 특징에 대하여 설명하시오.
q-114-3-2,114회 3교시,발전공학,발송배전,수력발전,39,core,개념형 표현 3 · 핵심 주제 4 · 답안키워드 개념형 · 서술형 요구 · 기본개념 키워드,수력발전소의종류를운용방법에따라분류하고설명하시오.
q-119-4-2,119회 4교시,발전공학,발송배전,화력발전,39,core,개념형 표현 4 · 핵심 주제 4 · 답안키워드 개념형 · 서술형 요구,"수력발전설비의수차(WaterTurbine)에서발생하는공동현상(CavitationPhenomena)과화력발전설비에서발생하는비등현상(EbullitionPhenomena)을정의하고,상평형선도(TypicalPhaseDiagram)를이용하여공통점과차이점을설명하시오."
q-120-1-9,120회 1교시,발전공학,발송배전,수력발전,39,core,개념형 표현 3 · 핵심 주제 4 · 답안키워드 개념형 · 서술형 요구 · 기본개념 키워드,수력발전에서조압수조(SurgeTank)의기능과종류에대하여설명하시오.
q-124-1-1,124회 1교시,발전공학,발송배전,태양광발전,39,core,개념형 표현 3 · 핵심 주제 5 · 답안키워드 개념형 · 서술형 요구 · 기본개념 키워드,태양광모듈구성시설치하는바이패스와블로킹(Blocking)소자의설치목적및회로구성에대하여각각설명하시오.
q-124-1-12,124회 1교시,발전공학,발송배전,수력발전,39,core,개념형 표현 3 · 핵심 주제 4 · 답안키워드 개념형 · 서술형 요구 · 기본개념 키워드,수력발전에서사용하는흡출관(DraftTube)의기능과베르누이정리를이용한원리에대하여설명하시오.
q-134-1-9,134회 1교시,발전공학,발송배전,풍력발전,39,core,개념형 표현 3 · 핵심 주제 5 · 답안키워드 개념형 · 서술형 요구 · 기본개념 키워드,한국전기설비규정(KEC)에따른풍력발전기운전중발생하는이상상태의종류및영향에대하여설명하시오.
q-135-3-4,135회 3교시,발전공학,발송배전,주파수제어,39,core,개념형 표현 3 · 핵심 주제 4 · 답안키워드 개념형 · 서술형 요구 · 기본개념 키워드,주파수·유효전력제어의다음사항을설명하시오.1)발전기와부하의주파수특성및제어원리2)연계계통의주파수제어방식3)주파수제어와경제부하배분과협조
q-107-1-13,107회 1교시,송배전공학,발송배전,중성점접지리액터,39,core,개념형 표현 3 · 핵심 주제 4 · 답안키워드 개념형 · 서술형 요구 · 기본개념 키워드,중성점 접지 계 통 에서 NGR(Neutral Ground Reactorl 설치목적과 적용개소에 대하여 설명하시오
q-123-1-5,123회 1교시,송배전공학,발송배전,복합발전,39,core,개념형 표현 3 · 핵심 주제 4 · 답안키워드 개념형 · 서술형 요구 · 기본개념 키워드,복합사이클(CombinedCycle)발전플랜트의기본개념과특징에대하여설명하시오.
q-124-4-1,124회 4교시,송배전공학,발송배전,발전측면송배전측면판매측면소비자측면,39,core,개념형 표현 3 · 핵심 주제 5 · 답안키워드 개념형 · 서술형 요구 · 기본개념 키워드,"수요반응(DemandResponse)의정의및종류를기술하고,발전측면,송배전측면,판매측면,소비자측면에서기대효과를설명하시오."
q-135-1-2,135회 1교시,송배전공학,발송배전,HVDC,39,core,개념형 표현 3 · 핵심 주제 5 · 답안키워드 개념형 · 서술형 요구 · 기본개념 키워드,"전류형HVDC의일반적인구성도를그리고,주요설비의명칭및역할을설명하시오."
q-136-1-6,136회 1교시,송배전공학,발송배전,지열발전,39,core,개념형 표현 3 · 핵심 주제 7 · 답안키워드 개념형 · 서술형 요구 · 기본개념 키워드,지열발전소의개요와종류에대하여설명하시오.
q-112-4-3,112회 4교시,계통공학,발송배전,한류기,38,core,개념형 표현 4 · 핵심 주제 1 · 답안키워드 개념형 · 서술형 요구 · 기본개념 키워드,"전력계통에 설치하는 한류기(Current Limitter)의 동작원리, 설치효과 및 종류별 특성에 대하여 설명하시오."
q-122-4-3,122회 4교시,계통공학,발송배전,철공진,38,core,개념형 표현 4 · 핵심 주제 1 · 답안키워드 개념형 · 서술형 요구 · 기본개념 키워드,"전력계통에서철심포화현상으로발생하는공진현상,공진종류,공진조건및대책을각각설명하시오."
q-127-3-3,127회 3교시,계통공학,발송배전,리액터종류,38,core,개념형 표현 4 · 핵심 주제 1 · 답안키워드 개념형 · 서술형 요구 · 기본개념 키워드,"전력계통에설치되는직렬리액터,분로(병렬)리액터,한류리액터및소호리액터의사용목적과특징에대하여각각설명하시오."
q-107-3-2,107회 3교시,발전공학,발송배전,정동작,38,core,개념형 표현 4 · 핵심 주제 1 · 답안키워드 개념형 · 서술형 요구 · 기본개념 키워드,연료전지의 종류 와 특정 동작원리에 대하여 설명하시오
q-121-2-4,121회 2교시,송배전공학,발송배전,마이크로그리드,38,core,개념형 표현 4 · 핵심 주제 1 · 답안키워드 개념형 · 서술형 요구 · 기본개념 키워드,"마이크로그리드의정의,특징,기대효과,구성요소에대하여설명하시오."
q-124-1-7,124회 1교시,송배전공학,발송배전,핵융합·핵분열,38,core,개념형 표현 4 · 핵심 주제 1 · 답안키워드 개념형 · 서술형 요구 · 기본개념 키워드,핵융합(NuclearFusion)과핵분열(NuclearFission)을이용한발전원리와특징을각각비교하여설명하시오.
q-124-2-4,124회 2교시,송배전공학,발송배전,대용량변압기,38,core,개념형 표현 4 · 핵심 주제 3 · 답안키워드 개념형 · 서술형 요구 · 기본개념 키워드,"대용량변압기의열화및이상진단방법으로사용되는유중가스분석법과SFRA(SweepFrequencyResponseAnalyzer,기계적변형진단)시험에대하여다음사항을설명하시오.1)유중가스분석법의목적,이상상태의종류에따른가스발생유형,판단방법2)SFRA의시험원리,목적및판단방법,측정시기"
q-125-4-3,125회 4교시,송배전공학,발송배전,sf6가스절연변전소gis,38,core,개념형 표현 4 · 핵심 주제 1 · 답안키워드 개념형 · 서술형 요구 · 기본개념 키워드,"SF6가스절연변전소(GIS)에대하여①주요구성설비②특징(장,단점)③설비진단방법을설명하시오."
q-127-1-9,127회 1교시,송배전공학,발송배전,COS,38,core,개념형 표현 4 · 핵심 주제 1 · 답안키워드 개념형 · 서술형 요구 · 기본개념 키워드,배전선로에서사용되는COS(CutOutSwitch)의종류를용단과정에따라분류하고적용시고려해야할사항에대하여설명하시오.
q-129-1-9,129회 1교시,송배전공학,발송배전,중성점접지리액터,38,core,개념형 표현 5 · 핵심 주제 3 · 답안키워드 개념형 · 서술형 요구 · 기본개념 키워드,154/22.9kV변압기2차측중성점에설치하는NGR(NeutralGroundReactor)에대하여아래내용을설명하시오.(1)설치목적(2)적용개소(3)설치효과(4)보호방식개요도및DS(DisconnectingSwitch)접지방식
q-131-3-2,131회 3교시,송배전공학,발송배전,SMR,38,core,개념형 표현 4 · 핵심 주제 1 · 답안키워드 개념형 · 서술형 요구 · 기본개념 키워드,"소형모듈원자로(SmallModularReactor)의종류와특징,적용분야에대하여설명하시오."
q-133-1-3,133회 1교시,송배전공학,발송배전,항력형풍차,38,core,개념형 표현 4 · 핵심 주제 1 · 답안키워드 개념형 · 서술형 요구 · 기본개념 키워드,항력형풍차와양력형풍차의동작원리를비교하여설명하시오.
q-104-4-1,104회 4교시,계통공학,발송배전,전압무효전력,37,core,개념형 표현 3 · 핵심 주제 3 · 답안키워드 개념형 · 서술형 요구 · 기본개념 키워드,전압무효전력제어에이용되는주요기기의종류와그역할을설명하시오.
q-111-1-2,111회 1교시,계통공학,발송배전,한류리액터,37,core,개념형 표현 3 · 핵심 주제 3 · 답안키워드 개념형 · 서술형 요구 · 기본개념 키워드,한류리액터의역할및전력계통에미치는영향을설명하시오.
q-111-3-1,111회 3교시,계통공학,발송배전,전력계통신뢰도,37,core,개념형 표현 4 · 핵심 주제 3 · 답안키워드 개념형 · 서술형 요구,전력계통신뢰도및전기품질유지기준에서운영예비력을구성하고있는주파수조정예비력과대기대체예비력의정의를설명하시오.
q-126-1-8,126회 1교시,계통공학,발송배전,전력계통주파수,37,core,개념형 표현 3 · 핵심 주제 3 · 답안키워드 개념형 · 서술형 요구 · 기본개념 키워드,대규모발전력탈락시전력계통의주파수하락에응동하여최저주파수를향상시킬목적으로운용되는주파수조정용ESS의구성과제어모드에대하여설명하시오.
q-126-2-1,126회 2교시,계통공학,발송배전,배전계통계획,37,core,개념형 표현 3 · 핵심 주제 3 · 답안키워드 개념형 · 서술형 요구 · 기본개념 키워드,중·장기배전계통계획의목적과절차에대하여설명하시오.
q-132-3-1,132회 3교시,계통공학,발송배전,전압무효전력,37,core,개념형 표현 3 · 핵심 주제 3 · 답안키워드 개념형 · 서술형 요구 · 기본개념 키워드,전압제어를위한무효전력공급원의종류별특징을설명하시오.
q-111-1-8,111회 1교시,발전공학,발송배전,화력발전,37,core,개념형 표현 3 · 핵심 주제 3 · 답안키워드 개념형 · 서술형 요구 · 기본개념 키워드,석탄화력발전소에서집진장치의설치목적과종류에대하여설명하시오.
q-112-3-1,112회 3교시,발전공학,발송배전,강제순환식보일러,37,core,개념형 표현 3 · 핵심 주제 3 · 답안키워드 개념형 · 서술형 요구 · 기본개념 키워드,강제 순환식 보일러와 관류식 보일러의 특징 및 장·단점에 대하여 설명하시오.
q-107-2-4,107회 2교시,송배전공학,발송배전,리클로저,37,core,개념형 표현 3 · 핵심 주제 3 · 답안키워드 개념형 · 서술형 요구 · 기본개념 키워드,"배전선로의 보호기기로 사용되는 자동 재폐로 차단기 (Recloser) 의 개요, 일반원리 및 동작순서에 대하여 설명하시오,"
q-113-4-4,113회 4교시,송배전공학,발송배전,가공배전선로,37,core,개념형 표현 3 · 핵심 주제 3 · 답안키워드 개념형 · 서술형 요구 · 기본개념 키워드,가공배전선로에서지선의종류를장력유무와사용목적에따라각각설명하시오.
q-114-1-8,114회 1교시,송배전공학,발송배전,중성점접지,37,core,개념형 표현 3 · 핵심 주제 3 · 답안키워드 개념형 · 서술형 요구 · 기본개념 키워드,중성점접지방식중소호리액터접지방식의원리에대하여설명하시오.
q-124-1-11,124회 1교시,송배전공학,발송배전,지중배전선로,37,core,개념형 표현 3 · 핵심 주제 3 · 답안키워드 개념형 · 서술형 요구 · 기본개념 키워드,"지중배전선로경과지에사용하는지중선로표지기의설치목적,설치장소및종류에대하여설명하시오."
q-125-1-4,125회 1교시,송배전공학,발송배전,무구속속도,37,core,개념형 표현 3 · 핵심 주제 3 · 답안키워드 개념형 · 서술형 요구 · 기본개념 키워드,수차종류별무구속속도의범위와무구속속도에영향을미치는요소를설명하시오.
q-129-2-4,129회 2교시,송배전공학,발송배전,가공송전선로,37,core,개념형 표현 3 · 핵심 주제 3 · 답안키워드 개념형 · 서술형 요구 · 기본개념 키워드,가공송전선로의애자에대하여다음을설명하시오.(1)애자의전기적특성(2)애자의구비조건(3)시험섬락전압(FlashoverVoltage)종류및유중파괴전압(4)애자련개수결정기준
q-134-1-13,134회 1교시,송배전공학,발송배전,배전선로분할,37,core,개념형 표현 3 · 핵심 주제 3 · 답안키워드 개념형 · 서술형 요구 · 기본개념 키워드,배전선로분할및연계의다음항목에대하여설명하시오.1)배전선로의분할및연계의정의2)연계개폐기설치기준및고려사항3)3분할3연계에대한배전선로구성도2-2
q-136-4-1,136회 4교시,계통공학,발송배전,분산전원,36,core,개념형 표현 4 · 핵심 주제 4 · 서술형 요구,『분산형전원배전계통연계기술기준』에서연계변압기를△-GroundedY결선방식으로설계적용시아래사항을설명하시오.1)이결선방식의장‧ 단점2)적용방법및유의사항
q-112-3-4,112회 3교시,발전공학,발송배전,증기터빈,36,core,개념형 표현 4 · 핵심 주제 4 · 서술형 요구,"증기터빈 발전기에서 모터링(Motoring)운전의 개념, 영향 및 방지대책에 대하여 설명하시오."
q-121-2-5,121회 2교시,송배전공학,발송배전,SSR,36,core,개념형 표현 4 · 핵심 주제 4 · 서술형 요구,SSR(SubSynchronousResonance)에대하여다음사항을설명하시오. 1)개념 2)원인및문제점 3)대책 4)국내발생가능성
q-125-2-5,125회 2교시,송배전공학,발송배전,22.9kV케이블,36,core,개념형 표현 5 · 핵심 주제 2 · 답안키워드 개념형 · 서술형 요구 · 기본개념 키워드,도서지역전력공급용22.9kV해저케이블에대한다음사항을설명하시오.1)케이블의종류및규격2)케이블의사용조건및최고허용온도3)해저케이블의단면도를작도하여주요구조설명(광유니트포함)4)국내적용현황
q-114-1-5,114회 1교시,계통공학,발송배전,PSS,35,core,개념형 표현 3 · 핵심 주제 2 · 답안키워드 개념형 · 서술형 요구 · 기본개념 키워드,전력계통고장파급방지시스템(SPS:SpecialProtectionSystem)의설치목적및기능에대하여설명하시오.
q-114-3-3,114회 3교시,계통공학,발송배전,분산전원,35,core,개념형 표현 3 · 핵심 주제 2 · 답안키워드 개념형 · 서술형 요구 · 기본개념 키워드,회피비용(AvoidCost)을정의하고분산형전원이수도권에설치될경우전력계통에서발생하는회피비용의종류에대하여설명하시오.
q-121-3-4,121회 3교시,계통공학,발송배전,배전계통,35,core,개념형 표현 3 · 핵심 주제 2 · 답안키워드 개념형 · 서술형 요구 · 기본개념 키워드,배전계획은전력회사가배전계통제반업무와자원배분에대한최적의스케줄을찾아내는중요한의사결정절차라고할수있다.배전설비의신설및보강등을위한중장기배전계획의목적과절차에대하여설명하시오.
q-124-2-2,124회 2교시,계통공학,발송배전,배전계통,35,core,개념형 표현 4 · 핵심 주제 2 · 답안키워드 개념형 · 서술형 요구,"배전계통에서사용하는자동부하절환개폐기(ALTS)의적용기준,운영방법,개폐기제어기능,부하측고장시조작순서에대하여설명하시오."
q-135-1-12,135회 1교시,계통공학,발송배전,PWR,35,core,개념형 표현 3 · 핵심 주제 2 · 답안키워드 개념형 · 서술형 요구 · 기본개념 키워드,가압수형원자로(PWR)와비등수형원자로(BWR)의계통구성및특징을설명하시오.
q-107-2-1,107회 2교시,발전공학,발송배전,동기발전기,35,core,개념형 표현 3 · 핵심 주제 2 · 답안키워드 개념형 · 서술형 요구 · 기본개념 키워드,동기발전기 전압조정방식의 종류를 들고 각각에 대하여 설명하시오.
q-113-2-3,113회 2교시,발전공학,발송배전,대용량화력발전기,35,core,개념형 표현 4 · 핵심 주제 8 · 답안키워드 개념형 · 서술형 요구 · 기본개념 키워드,"대용량화력발전기와승압변압기의보호계전단선도를그리고,계전기(87G,40,32,24,51V)의보호목적과원리에대하여각각설명하시오.(단,중성점접지보호방식은접지변압기를사용하는것으로한다.)"
q-114-3-1,114회 3교시,발전공학,발송배전,풍력발전,35,core,개념형 표현 3 · 핵심 주제 4 · 답안키워드 개념형 · 서술형 요구 · 기본개념 키워드,"풍력발전의특징,풍차의출력계수와주속비,적용시고려사항에대하여설명하시오."
q-115-1-5,115회 1교시,발전공학,발송배전,태양광인버터효율,35,core,개념형 표현 3 · 핵심 주제 5 · 답안키워드 개념형 · 서술형 요구 · 기본개념 키워드,"태양광발전시스템에서인버터의역할과인버터회로절연방식인아래의3가지방식을설명하시오.상용주파변압기절연방식,고주파변압기절연방식,트랜스리스(transless)방식2-1"
q-121-1-3,121회 1교시,발전공학,발송배전,입축형수차발전기,35,core,개념형 표현 3 · 핵심 주제 2 · 답안키워드 개념형 · 서술형 요구 · 기본개념 키워드,입축형수차발전기의추력베어링설치위치에따른종류를열거하고설명하시오.
q-124-2-3,124회 2교시,발전공학,발송배전,원자력발전,35,core,개념형 표현 5 · 핵심 주제 3 · 서술형 요구 · 계산형 신호 1,"원자력발전소와화력발전소에대한다음내용을각각설명하시오.1)원자력발전소와화력발전소의출력밀도,증기조건,사용연료,방사능대책을비교2)원자력발전소의안전설계개념"
q-133-1-4,133회 1교시,발전공학,발송배전,가스터빈발전,35,core,개념형 표현 3 · 핵심 주제 2 · 답안키워드 개념형 · 서술형 요구 · 기본개념 키워드,증기사이클과가스터빈사이클을조합하는복합발전에대하여구성도를그리고특징에대하여설명하시오.
q-136-1-11,136회 1교시,발전공학,발송배전,차이점,35,core,개념형 표현 4 · 핵심 주제 4 · 답안키워드 개념형 · 서술형 요구 · 계산형 신호 1,의차이점에대하여설명하시오.11.최근원자력발전소의출력감발사례가자주발생하고있는원인과대책에대하여설명하시오.
q-136-2-5,136회 2교시,발전공학,발송배전,원자력발전,35,core,개념형 표현 3 · 핵심 주제 2 · 답안키워드 개념형 · 서술형 요구 · 기본개념 키워드,원자력발전에관한아래사항에대하여설명하시오.1)고속증식로의개요및특징2)전환비(ConversionRatio)3)반감기(HalfLife)
q-104-1-5,104회 1교시,송배전공학,발송배전,22.9kV케이블,35,core,개념형 표현 3 · 핵심 주제 4 · 답안키워드 개념형 · 서술형 요구 · 기본개념 키워드,"배전용에사용하는22.9kVCable에서CN/CV,CNCV-W,FRCNCO-W,TRCNCV-W의구조(형태)와특징을설명하시오."
q-108-1-7,108회 1교시,송배전공학,발송배전,양수발전,35,core,개념형 표현 3 · 핵심 주제 2 · 답안키워드 개념형 · 서술형 요구 · 기본개념 키워드,해수양수발전의특징및문제점에대해설명하시오.
q-124-1-9,124회 1교시,송배전공학,발송배전,거리계전방식,35,core,개념형 표현 5 · 핵심 주제 3 · 서술형 요구 · 계산형 신호 1,"아래그림에서거리계전방식적용시A모선에서고장점을바라본임피던스ZA와B모선에서고장점을바라본임피던스ZB를구하고,각임피던스를근거로분류효과에대하여설명하시오."
q-132-1-3,132회 1교시,송배전공학,발송배전,열효율,35,core,개념형 표현 3 · 핵심 주제 4 · 답안키워드 개념형 · 서술형 요구 · 기본개념 키워드,기력발전에서적용하는열효율향상기기에대하여다음사항을설명하시오.1)기기의종류2)장치선도를그리고설치위치를표시
q-132-2-6,132회 2교시,송배전공학,발송배전,전류가유도되어정전유도전자유도가발생,35,core,개념형 표현 4 · 핵심 주제 3 · 서술형 요구 · 기본개념 키워드 · 계산형 신호 1,"전력선이통신선에근접해있을경우통신선에전압및전류가유도되어정전유도,전자유도가발생하게된다.정전유도와전자유도에대하여다음사항을각각설명하시오.1)개념2)유도전압계산식3)특징4)경감대책"
q-132-3-2,132회 3교시,송배전공학,발송배전,에너지저장기술,35,core,개념형 표현 3 · 핵심 주제 2 · 답안키워드 개념형 · 서술형 요구 · 기본개념 키워드,에너지저장기술중다음사항에대하여각각의원리및특징을설명하시오.1)SMES(SuperconductingMagneticEnergyStorage)2)BESS(BatteryEnergyStorageSystem)3)CAES(CompressedAirEnergyStorage)4)FlyWheel저장5)양수발전
q-136-1-1,136회 1교시,송배전공학,발송배전,TCSC,35,core,개념형 표현 3 · 핵심 주제 2 · 답안키워드 개념형 · 서술형 요구 · 기본개념 키워드,유연송전시스템(FlexibleACTransmissionSystem)설비중TCSC(ThyristorControlledSeriesCapacitor)의제어원리와적용효과에대하여설명하시오.
q-137-1-7,137회 1교시,송배전공학,발송배전,변압기냉각방식,35,core,개념형 표현 3 · 핵심 주제 2 · 답안키워드 개념형 · 서술형 요구 · 기본개념 키워드,변압기냉각방식의종류를IEC규격에의하여설명하시오.
q-115-2-5,115회 2교시,계통공학,발송배전,전력조류계산,34,standard,개념형 표현 4 · 핵심 주제 1 · 답안키워드 개념형 · 서술형 요구 · 기본개념 키워드,"전력계통에서경제급전(economicloaddispatch),안전도제약경제급전(securityconstrainedeconomicloaddispatch),최적조류계산(optimalpowerflow)의(a)목적,(b)필요성,(c)계산방법을비교설명하시오."
q-123-3-6,123회 3교시,계통공학,발송배전,분산전원,34,standard,개념형 표현 3 · 핵심 주제 4 · 답안키워드 개념형 · 서술형 요구,"분산형전원을특고압전력계통에연계할때,연계변압기의결선및접지방식에따라분산형전원이전력계통에미치는영향이달라진다.이와관련하여다음사항을각각설명하시오.1)전력계통에지락고장발생시연계변압기의특고압측(전력계통측)유효접지여부에따른전압및보호협조특성2)연계변압기의결선방식(전력계통측-분산형전원측)이(a)GroundedY-△결선방식과(b)△-GroundedY결선방식인경우각각계통에미치는영향 (a) GY-△ 결선방식 (b) △-GY 결선방식2–2※ ."
q-127-4-6,127회 4교시,계통공학,발송배전,개폐서지,34,standard,개념형 표현 3 · 핵심 주제 3 · 서술형 요구 · 기본개념 키워드,전력계통에서차단기투입및차단시발생하는개폐서지(SwitchingSurge)의종류및대책에대하여설명하시오. ※ .
q-133-3-1,133회 3교시,계통공학,발송배전,주파수제어,34,standard,개념형 표현 3 · 핵심 주제 4 · 답안키워드 개념형 · 서술형 요구,분산형전원은안정적인계통운영및전력수급을위하여전압변동억제및주파수제어등의기능을수행할수있도록협조하여야한다.분산형전원배전계통연계기술기준에따른분산형전원의계통지원기능에대하여설명하시오.
q-133-4-3,133회 4교시,계통공학,발송배전,송전계통보호장치,34,standard,개념형 표현 3 · 핵심 주제 4 · 답안키워드 개념형 · 서술형 요구,송전계통보호장치의구비조건과백업방식(BackupMethod)에대하여설명하시오.
q-137-2-6,137회 2교시,계통공학,발송배전,분산전원,34,standard,개념형 표현 3 · 핵심 주제 4 · 답안키워드 개념형 · 서술형 요구,"분산형전원이한전계통에연계운전중인경우한전계통에전압과주파수의변동을초래하는이상현상이발생했을때,분산형전원의분리및연계운전을위한다음사항을설명하시오.1)한전계통과분리시켜야하는조건(전압주파수및분리시간)2)한전계통에서분리된분산형전원이재병입될조건3)단독운전상태가발생한경우한전계통분리조건4)계통연계유지조건(FaultRide-Through)5)역송병렬형태로연계하는인버터기반의분산형전원에요구되는계통지원기능2-2"
q-104-2-1,104회 2교시,발전공학,발송배전,발전기동기투입,34,standard,개념형 표현 4 · 핵심 주제 3 · 서술형 요구,신규로계통에연결할터빈발전기의동기가불일치할때(1)터빈발전기에발생할수있는손상을설명하시오.(2)이손상을방지하기위한동기투입조건을제시하시오.(3)비동기투입될경우동기조건별로각각예상되는계통운영상의문제점을설명하시오.
q-117-3-3,117회 3교시,발전공학,발송배전,터빈바이패스운전,34,standard,개념형 표현 2 · 핵심 주제 5 · 답안키워드 개념형 · 서술형 요구 · 기본개념 키워드,보일러 형식별 터빈 바이패스 운전의 특징을 설명하시오. 2. 3상
q-120-1-7,120회 1교시,발전공학,발송배전,화력발전기,34,standard,개념형 표현 3 · 핵심 주제 5 · 답안키워드 개념형 · 서술형 요구,화력발전기운영변동비의대부분은연료비이다.가동단계별전력생산비용구성요소에대하여설명하시오.
q-123-2-2,123회 2교시,발전공학,발송배전,풍력발전,34,standard,개념형 표현 2 · 핵심 주제 6 · 답안키워드 개념형 · 서술형 요구 · 기본개념 키워드,풍력발전기의종류와풍력발전설비의설치에관한기준사항들을설명하시오.
q-124-3-4,124회 3교시,발전공학,발송배전,화력발전,34,standard,개념형 표현 3 · 핵심 주제 4 · 답안키워드 개념형 · 서술형 요구,"석탄화력발전소에옥내저탄장이있는경우운탄설비의구성요소와기능에대하여설명하고,컨베이어에설치되는보호,감시및안전장치에대하여설명하시오."
q-125-2-1,125회 2교시,발전공학,발송배전,가스터빈발전,34,standard,개념형 표현 3 · 핵심 주제 4 · 답안키워드 개념형 · 서술형 요구,가스터빈발전방식에서개방형사이클과밀폐형사이클을비교하여설명하시오.
q-126-1-2,126회 1교시,발전공학,발송배전,증기터빈,34,standard,개념형 표현 3 · 핵심 주제 4 · 답안키워드 개념형 · 서술형 요구,"동기발전기에서Motoring의원인,영향및보호방식을설명하고,원동기의입력없이발전기가동기속도의전동기로운전되는데필요한전력을증기터빈,수차터빈,디젤터빈및가스터빈으로구분하여설명하시오."
q-135-2-3,135회 2교시,발전공학,발송배전,풍력발전,34,standard,개념형 표현 3 · 핵심 주제 7 · 답안키워드 개념형 · 서술형 요구,풍력발전에서계통에연계하는이중여자유도형발전기의계통구성과운전방식을설명하시오.
q-108-1-6,108회 1교시,송배전공학,발송배전,차단기,34,standard,개념형 표현 2 · 핵심 주제 4 · 답안키워드 개념형 · 서술형 요구 · 기본개념 키워드,발․변전소에서는선로의접속이나분리를위해차단기및단로기를설치하고있다.이들의역할을설명하고조작시유의사항에대해설명하시오.
q-111-1-6,111회 1교시,송배전공학,발송배전,변전소접지,34,standard,개념형 표현 2 · 핵심 주제 4 · 답안키워드 개념형 · 서술형 요구 · 기본개념 키워드,변전소에서접지를하는목적과중요접지개소에대하여설명하시오.
q-114-4-5,114회 4교시,송배전공학,발송배전,송전선로인덕턴스,34,standard,개념형 표현 2 · 핵심 주제 4 · 답안키워드 개념형 · 서술형 요구 · 기본개념 키워드,3상3선식송전선로에서의인덕턴스종류3가지에대하여설명하시오.
q-119-2-2,119회 2교시,송배전공학,발송배전,지중송전선로케이블,34,standard,개념형 표현 3 · 핵심 주제 4 · 답안키워드 개념형 · 서술형 요구,지중송전선로케이블포설공법인장경간와이어포설공법을캐터필러(Caterpillar)와롤러(Roller)를이용한방식과비교하여설명하시오.
q-126-3-6,126회 3교시,송배전공학,발송배전,HVDC,34,standard,개념형 표현 3 · 핵심 주제 5 · 답안키워드 개념형 · 서술형 요구,HVDC운영시고려하여야할다음의기술적사항에대하여설명하시오.1)SCR(ShortCircuitRatio)정의및운영기준2)UIF(UnitInteractionFactor)정의및운영기준 ※ .
q-129-4-6,129회 4교시,송배전공학,발송배전,접지,34,standard,개념형 표현 2 · 핵심 주제 5 · 답안키워드 개념형 · 서술형 요구 · 기본개념 키워드,"발·변전소의접지설계FlowChart를작성하고접지의목적,설계시고려사항을설명하시오."
q-133-2-6,133회 2교시,송배전공학,발송배전,차단기,34,standard,개념형 표현 2 · 핵심 주제 4 · 답안키워드 개념형 · 서술형 요구 · 기본개념 키워드,"차단기의정격이란정해진조건하에서그차단기를사용할수있는한도,즉성능보증한계를말한다.차단기의정격과동작책무에대하여설명하시오."
q-134-1-6,134회 1교시,송배전공학,발송배전,가공송전선로,34,standard,개념형 표현 3 · 핵심 주제 3 · 서술형 요구 · 기본개념 키워드,"가공송전선로철탑기초의종류3가지를쓰고,각각의장단점을설명하시오."
q-134-2-6,134회 2교시,송배전공학,발송배전,변압기여자돌입전류,34,standard,개념형 표현 3 · 핵심 주제 3 · 서술형 요구 · 기본개념 키워드,변압기여자돌입전류의영향과비율차동계전기(RDFR:RatioDifferentialRelay)의오동작방지대책에대하여설명하시오.
q-134-3-4,134회 3교시,송배전공학,발송배전,HVDC,34,standard,개념형 표현 2 · 핵심 주제 4 · 답안키워드 개념형 · 서술형 요구 · 기본개념 키워드,직류송전시스템(HVDC)의특징에대하여설명하시오.
q-137-3-5,137회 3교시,송배전공학,발송배전,변압기각변위,34,standard,개념형 표현 2 · 핵심 주제 4 · 답안키워드 개념형 · 서술형 요구 · 기본개념 키워드,"각변위가Dyn1,Dyn11인두대의변압기에대하여각변압기를고조파억제형(정지형)비율차동계전기로보호하고자한다.다음을설명하시오.1)변압기별보호계전기용변류기결선도작성2)여자돌입전류발생원인과특징"
q-123-2-6,123회 2교시,계통공학,발송배전,재생에너지원수용능력hostingc,33,standard,개념형 표현 4 · 핵심 주제 1 · 답안키워드 개념형 · 서술형 요구,"신재생에너지의급격한증가에따라최근전력계통의계통관성(SystemInertia)영향과재생에너지원수용능력(HostingCapacity)문제가대두되고있다.다음을설명하시오.1)계통관성의정의,특성및시사점2)재생에너지원수용능력개념과수용능력향상방안 ※ ."
q-123-4-4,123회 4교시,계통공학,발송배전,보조서비스,33,standard,개념형 표현 3 · 핵심 주제 1 · 답안키워드 개념형 · 서술형 요구 · 기본개념 키워드,전력계통운영보조서비스(AncillaryService)의의미와종류를설명하시오.
q-124-3-1,124회 3교시,계통공학,발송배전,신재생에너지등변동성이높은에너지원,33,standard,개념형 표현 4 · 핵심 주제 1 · 답안키워드 개념형 · 서술형 요구,"신재생에너지등변동성이높은에너지원의계통연결증가에따른문제점및대책,계통운영측면에서대응방안을설명하시오."
q-125-3-2,125회 3교시,계통공학,발송배전,전력계통신뢰도,33,standard,개념형 표현 3 · 핵심 주제 1 · 답안키워드 개념형 · 서술형 요구 · 기본개념 키워드,예비력의종류와공급신뢰도의향상대책에대하여설명하시오.
q-129-4-3,129회 4교시,계통공학,발송배전,단권변압기,33,standard,개념형 표현 3 · 핵심 주제 3 · 답안키워드 개념형 · 서술형 요구 · 기본개념 키워드,전력계통에서사용하는단권변압기에대하여다음을설명하시오.(1)결선구조(2)용량과권선분비(3)특징(4)국내응용사례
q-130-1-13,130회 1교시,계통공학,발송배전,보조서비스,33,standard,개념형 표현 3 · 핵심 주제 1 · 답안키워드 개념형 · 서술형 요구 · 기본개념 키워드,전력계통운영보조서비스(AncillaryService)의의미와종류에대하여설명하시오.
q-130-3-5,130회 3교시,계통공학,발송배전,전력손실,33,standard,개념형 표현 4 · 핵심 주제 2 · 서술형 요구 · 기본개념 키워드 · 계산형 신호 1,"배전계통의전력손실경감대책에대하여다음을설명하시오.1)비기술적손실의정의,종류및감소방안2)기술적손실의정의,종류및감소방안"
q-131-3-1,131회 3교시,계통공학,발송배전,EMS,33,standard,개념형 표현 4 · 핵심 주제 1 · 답안키워드 개념형 · 서술형 요구,"전력계통에사용되는에너지관리시스템(EMS:EnergyManagementSystem)의개념,계층구조및주요기능을설명하시오."
q-137-1-2,137회 1교시,계통공학,발송배전,전력계통신뢰도,33,standard,개념형 표현 3 · 핵심 주제 1 · 답안키워드 개념형 · 서술형 요구 · 기본개념 키워드,「전력계통신뢰도및전기품질유지기준」에따른공급예비력과운영예비력의의미와종류에대하여설명하시오.
q-104-3-4,104회 3교시,송배전공학,발송배전,자동부하전환개폐기alts,33,standard,개념형 표현 4 · 핵심 주제 1 · 답안키워드 개념형 · 서술형 요구,"자동부하전환개폐기(ALTS)의운영방법,적용기준,운전방식,설치시유의사항에대하여설명하시오."
q-108-1-8,108회 1교시,송배전공학,발송배전,경동연선강심알루미늄선내열강심알루미,33,standard,개념형 표현 3 · 핵심 주제 1 · 답안키워드 개념형 · 서술형 요구 · 기본개념 키워드,"가공선으로사용되는전선은대표적으로경동연선,강심알루미늄선,내열강심알루미늄선,알루미늄피복강선등이있다.이들의특징을비교설명하시오."
q-111-4-1,111회 4교시,송배전공학,발송배전,자동발전제어agc,33,standard,개념형 표현 3 · 핵심 주제 1 · 답안키워드 개념형 · 서술형 요구 · 기본개념 키워드,"자동발전제어(AGC)의역할과동작특성을설명하시오.(단,조속기동작을포함하여서술한다.)"
q-113-3-1,113회 3교시,송배전공학,발송배전,모선결선방식,33,standard,개념형 표현 4 · 핵심 주제 1 · 답안키워드 개념형 · 서술형 요구,발․변전소에적용하고있는모선회로구성결정시고려사항과모선결선방식에대하여설명하시오.
q-117-2-4,117회 2교시,송배전공학,발송배전,캐비테이션,33,standard,개념형 표현 4 · 핵심 주제 1 · 답안키워드 개념형 · 서술형 요구,"수차에서 발생하는 캐비테이션(Cavitation)에 대하여 개념, 문제점, 방지대책에 대하여 설명하시오."
q-118-1-4,118회 1교시,송배전공학,발송배전,철탑계탑공법鐵塔繼塔工法,33,standard,개념형 표현 3 · 핵심 주제 1 · 답안키워드 개념형 · 서술형 요구 · 기본개념 키워드,철탑계탑공법(鐵塔繼塔工法)의개요및특징에대하여설명하시오.
q-119-3-3,119회 3교시,송배전공학,발송배전,역학적열적전자기적화학적방식,33,standard,개념형 표현 3 · 핵심 주제 1 · 답안키워드 개념형 · 서술형 요구 · 기본개념 키워드,"에너지저장방식을역학적,열적,전자기적,화학적방식으로구분하여저장원리를설명하시오."
q-125-4-5,125회 4교시,송배전공학,발송배전,초전도기술,33,standard,개념형 표현 3 · 핵심 주제 1 · 답안키워드 개념형 · 서술형 요구 · 기본개념 키워드,초전도기술에대한다음물음에답하시오.1)초전도의정의및특징2)초전도기술의응용분야5가지3)초전도기술의적용효과
q-127-2-2,127회 2교시,송배전공학,발송배전,수소에너지제조기술저장기술,33,standard,개념형 표현 3 · 핵심 주제 1 · 답안키워드 개념형 · 서술형 요구 · 기본개념 키워드,"수소에너지제조기술,저장기술및이용기술을설명하고,수소생산방식별종류를설명하시오."
q-127-2-3,127회 2교시,송배전공학,발송배전,가상발전소,33,standard,개념형 표현 3 · 핵심 주제 1 · 답안키워드 개념형 · 서술형 요구 · 기본개념 키워드,"가상발전소(VPP,VirtualPowerPlant)의필수구성요소,시스템구성및종류에대하여설명하시오."
q-128-4-6,128회 4교시,송배전공학,발송배전,슈퍼커패시터,33,standard,개념형 표현 3 · 핵심 주제 1 · 답안키워드 개념형 · 서술형 요구 · 기본개념 키워드,"전력에너지를저장할수있는슈퍼커패시터의종류,특징및스마트그리드에서의활용가능성에대하여설명하시오."
q-131-2-5,131회 2교시,송배전공학,발송배전,송전선로,33,standard,개념형 표현 3 · 핵심 주제 3 · 답안키워드 개념형 · 서술형 요구 · 기본개념 키워드,송전선로의진행파에대하여다음을설명하시오.1)진행파의전파원리2)가공선로와지중선로의파동임피던스(SurgeImpedance)및전파속도비교
q-134-1-7,134회 1교시,송배전공학,발송배전,철공진,33,standard,개념형 표현 3 · 핵심 주제 1 · 답안키워드 개념형 · 서술형 요구 · 기본개념 키워드,철공진의종류와방지대책을설명하시오.
q-134-2-2,134회 2교시,송배전공학,발송배전,배전선,33,standard,개념형 표현 3 · 핵심 주제 1 · 답안키워드 개념형 · 서술형 요구 · 기본개념 키워드,배전선로지선(支線)의다음항목에대하여설명하시오.1)설치목적2)사용목적에따른형태별분류3)장력방향에따른형태별분류
q-104-1-9,104회 1교시,계통공학,발송배전,배전계통,32,standard,개념형 표현 3 · 핵심 주제 3 · 답안키워드 개념형 · 서술형 요구,저압지중배전계통구성방식에대하여설명하시오.
q-104-4-5,104회 4교시,계통공학,발송배전,분산전원,32,standard,개념형 표현 3 · 핵심 주제 3 · 답안키워드 개념형 · 서술형 요구,분산전원을연계할경우배전계통과송전계통의문제점및대책에대하여각각설명하시오.
q-115-2-1,115회 2교시,계통공학,발송배전,무효전력,32,standard,개념형 표현 4 · 핵심 주제 2 · 서술형 요구,"전력계통의무효전력발생원과소비원을열거하고,무효전력의과부족시문제점과대책에대하여설명하시오."
q-120-2-2,120회 2교시,계통공학,발송배전,스마트그리드,32,standard,개념형 표현 3 · 핵심 주제 3 · 답안키워드 개념형 · 서술형 요구,스마트그리드를전력계통의운영측면과산업적측면에서기존의전력망과비교하여설명하시오.
q-128-2-6,128회 2교시,계통공학,발송배전,전압무효전력,32,standard,개념형 표현 3 · 핵심 주제 3 · 답안키워드 개념형 · 서술형 요구,"전력계통의무효전력을이용한전압조정방법,무효전력과부족시발생하는문제점과대책에대해설명하시오."
q-110-1-11,110회 1교시,발전공학,발송배전,가스터빈발전,32,standard,개념형 표현 2 · 핵심 주제 3 · 답안키워드 개념형 · 서술형 요구 · 기본개념 키워드,"가스터빈과발전기,제어장치가하나의패키지형태인마이크로가스터빈(MGT)의특징을설명하시오."
q-113-4-6,113회 4교시,발전공학,발송배전,화력발전소단독운전,32,standard,개념형 표현 4 · 핵심 주제 5 · 서술형 요구 · 계산형 신호 1,"대용량케이블계통에연계된화력발전소가계통에서분리되어단독운전할경우,계통전압및발전기운전상의문제점과대책에대하여각각설명하시오. 청렴은 건전한 국가 재정의 첫걸음"
q-118-2-1,118회 2교시,발전공학,발송배전,변압기병렬운전조건,32,standard,개념형 표현 3 · 핵심 주제 3 · 답안키워드 개념형 · 서술형 요구,동기발전기의병렬운전조건이일치하지않을때발생하는문제점에대하여설명하시오.
q-127-1-5,127회 1교시,발전공학,발송배전,발전기계통병입조건,32,standard,개념형 표현 3 · 핵심 주제 3 · 답안키워드 개념형 · 서술형 요구,동기발전기의계통병입조건과동기검정기를이용한계통병입절차에대하여설명하시오.
q-131-1-6,131회 1교시,발전공학,발송배전,IGCC,32,standard,개념형 표현 2 · 핵심 주제 3 · 답안키워드 개념형 · 서술형 요구 · 기본개념 키워드,"석탄가스화복합발전(IGCC,IntegratedGasificationCombinedCycle)에대하여설명하고,기존석탄화력발전과구별되는특징을설명하시오."
q-133-2-2,133회 2교시,발전공학,발송배전,화력발전,32,standard,개념형 표현 2 · 핵심 주제 3 · 답안키워드 개념형 · 서술형 요구 · 기본개념 키워드,최근수명연한이도래한일부석탄화력발전소폐지의대안으로천연LNG발전소건설이증가되고있다.LNG발전소의특징에대하여설명하시오.
q-135-1-11,135회 1교시,발전공학,발송배전,증기터빈,32,standard,개념형 표현 3 · 핵심 주제 3 · 답안키워드 개념형 · 서술형 요구,화력발전에서증기터빈을증기사용조건에따라분류하고설명하시오.
q-104-3-6,104회 3교시,송배전공학,발송배전,선로정수,32,standard,개념형 표현 2 · 핵심 주제 3 · 답안키워드 개념형 · 서술형 요구 · 기본개념 키워드,연가(Transposition)의목적을선로정수L과C를사용하여설명하시오.
q-111-1-3,111회 1교시,송배전공학,발송배전,송전선로,32,standard,개념형 표현 2 · 핵심 주제 3 · 답안키워드 개념형 · 서술형 요구 · 기본개념 키워드,송전선로에서연가(Transposition)의목적을설명하시오.
q-113-2-4,113회 2교시,송배전공학,발송배전,ESS,32,standard,개념형 표현 3 · 핵심 주제 3 · 답안키워드 개념형 · 서술형 요구,"에너지저장장치(ESS)와건물에너지관리시스템(BEMS)의개요및용도,의무적용대상에대하여각각설명하시오."
q-113-2-6,113회 2교시,송배전공학,발송배전,중성점접지,32,standard,개념형 표현 3 · 핵심 주제 3 · 답안키워드 개념형 · 서술형 요구,변압기1차측중성점이직접접지되어Y-△결선으로운전중인상태에서1차측한상이결상되었을때변압기에미치는영향에대하여설명하시오. 청렴은 건전한 국가 재정의 첫걸음
q-114-3-4,114회 3교시,송배전공학,발송배전,HVDC,32,standard,개념형 표현 3 · 핵심 주제 3 · 답안키워드 개념형 · 서술형 요구,"HVDC와HVAC송전방식을기술성,환경성,경제성측면에서비교하고,전류형HVDC와전압형HVDC를비교설명하시오."
q-127-1-6,127회 1교시,송배전공학,발송배전,가공송전선로,32,standard,개념형 표현 2 · 핵심 주제 3 · 답안키워드 개념형 · 서술형 요구 · 기본개념 키워드,"가공송전선로에서발생하는진동의종류를구분하고,갤러핑(Galloping)현상에대하여설명하시오."
q-131-2-4,131회 2교시,송배전공학,발송배전,배전선,32,standard,개념형 표현 2 · 핵심 주제 3 · 답안키워드 개념형 · 서술형 요구 · 기본개념 키워드,배전선로보호와관련하여다음을설명하시오.1)자동재폐로차단기(Recloser)기능2)자동재폐로차단기(Recloser)의4가지동작유형3)자동재폐로차단기(Recloser)와변전소차단기(CircuitBreaker)의보호협조
q-133-3-2,133회 3교시,송배전공학,발송배전,송전선보호,32,standard,개념형 표현 3 · 핵심 주제 3 · 답안키워드 개념형 · 서술형 요구,송전선보호를위한반송전류차동계전방식(CarrierCurrentDifferentialRelaying)의적용에대하여설명하시오.
q-135-2-1,135회 2교시,송배전공학,발송배전,열병합발전,32,standard,개념형 표현 3 · 핵심 주제 3 · 답안키워드 개념형 · 서술형 요구,열병합발전에대하여다음각항목을설명하시오.1)정의2)필요성3)사용원동기
q-137-4-6,137회 4교시,송배전공학,발송배전,전력용콘덴서,32,standard,개념형 표현 3 · 핵심 주제 3 · 답안키워드 개념형 · 서술형 요구,전력용콘덴서에대하여다음사항을설명하시오.1)개폐기투입시의문제점2)개폐기개방시의문제점3)콘덴서내부고장보호방식1-1
q-121-4-5,121회 4교시,계통공학,발송배전,계통운영시스템,31,standard,개념형 표현 3 · 핵심 주제 2 · 답안키워드 개념형 · 서술형 요구 · 기본개념 키워드,"계통운영시스템(EMS:EnergyManagementSystem)의용어중다음사항에대하여설명하시오. 1)조류계산의목적과각모선에서의기지값,미지값 2)상태추정(StateEstimation) 3)안전도제약경제급전(SecurityConstrainedEconomicDispatch)"
q-132-1-12,132회 1교시,계통공학,발송배전,전력조류계산,31,standard,개념형 표현 3 · 핵심 주제 2 · 답안키워드 개념형 · 서술형 요구 · 기본개념 키워드,전력조류계산에대하여다음사항을설명하시오.1)목적2)계산방법3)모선의종류및각모선의기지량과미지량
q-107-2-6,107회 2교시,발전공학,발송배전,고조파,31,standard,개념형 표현 3 · 핵심 주제 4 · 서술형 요구,영상분 고조파가 아래 설비에 미치는 영향과 대책에 대하여 설명하시오. (1) 발전기 (2) 변압기 (3) 콘멘서 (4) 중성선케이블
q-115-1-7,115회 1교시,발전공학,발송배전,동기발전기,31,standard,개념형 표현 3 · 핵심 주제 4 · 서술형 요구,동기발전기의전기자반작용의영향과대책에대하여설명하시오.
q-130-3-1,130회 3교시,발전공학,발송배전,복합발전,31,standard,개념형 표현 3 · 핵심 주제 5 · 서술형 요구,"열병합발전의장점및다음그림에표시된주요기기를이용하여중대형열병합복합발전기(GT+ST)의계절별운전방식에대하여설명하시오. (단,HTR:열교환기,Condenser:복수기,HRSG:배열회수보일러,Deaerator:탈기기,FeedwaterTank:급수저장탱크)"
q-113-3-5,113회 3교시,송배전공학,발송배전,고조파,31,standard,개념형 표현 3 · 핵심 주제 4 · 서술형 요구,고조파전류가콘덴서회로에미치는영향과대책에대하여설명하시오.
q-119-3-6,119회 3교시,송배전공학,발송배전,송전용량,31,standard,개념형 표현 3 · 핵심 주제 2 · 답안키워드 개념형 · 서술형 요구 · 기본개념 키워드,현재사용중인HSTACIR(High-strengthSuperThermal-resistantAluminumalloyConductorsINVARReinforced)을대체하여송전용량을증대시킬수있는신소재전선의종류및구조와특성을설명하시오.
q-132-1-7,132회 1교시,송배전공학,발송배전,변압기,31,standard,개념형 표현 3 · 핵심 주제 2 · 답안키워드 개념형 · 서술형 요구 · 기본개념 키워드,"변압기에대하여다음사항을설명하시오.1)변압기효율의종류(실측효율,규약효율,전일효율)와관계식2)부하율을고려할때최고효율의조건2-1"
q-135-2-2,135회 2교시,송배전공학,발송배전,발전비,31,standard,개념형 표현 3 · 핵심 주제 5 · 서술형 요구,10차전력수급기본계획에서재생에너지의발전비중확대와일부지역보급집중에따른문제점및대책에대하여설명하시오.
q-117-2-6,117회 2교시,계통공학,발송배전,PMU,30,standard,개념형 표현 2 · 핵심 주제 2 · 답안키워드 개념형 · 서술형 요구 · 기본개념 키워드,"시각 동기 위상측정장치(Phasor Measurement Unit, PMU)의 특징과 전력계통에서 활용할 수 있는 방안에 대하여 설명하시오."
q-119-2-3,119회 2교시,계통공학,발송배전,무효전력,30,standard,개념형 표현 2 · 핵심 주제 2 · 답안키워드 개념형 · 서술형 요구 · 기본개념 키워드,무효전력-전압제어에대하여전압특성을중심으로설명하고무효전력발생원의종류에대하여설명하시오.
q-121-4-6,121회 4교시,계통공학,발송배전,우리나라전력계통운영,30,standard,개념형 표현 4 · 핵심 주제 3 · 서술형 요구 · 계산형 신호 1,우리나라전력계통운영의문제점중다음사항에대한원인및대책을각각설명하시오.1)고장전류증가2)전압안정도취약 3)과도안정도취약
q-129-4-5,129회 4교시,계통공학,발송배전,전력계통주파수,30,standard,개념형 표현 3 · 핵심 주제 2 · 답안키워드 개념형 · 서술형 요구,"전력계통의주파수제어필요성,변동원인및제어방식을설명하시오."
q-132-1-1,132회 1교시,계통공학,발송배전,전력계통주파수,30,standard,개념형 표현 3 · 핵심 주제 2 · 답안키워드 개념형 · 서술형 요구,전력계통의주파수를일정하게유지할필요성에대하여다음사항을설명하시오.1)수용가측면2)계통운영측면
q-136-2-4,136회 2교시,계통공학,발송배전,전력계통,30,standard,개념형 표현 2 · 핵심 주제 2 · 답안키워드 개념형 · 서술형 요구 · 기본개념 키워드,전력계통의부하모델의종류에대하여설명하시오.
q-137-1-10,137회 1교시,계통공학,발송배전,전력계통주파수,30,standard,개념형 표현 3 · 핵심 주제 2 · 답안키워드 개념형 · 서술형 요구,우리나라의전력계통은60Hz주파수로운용하고있다.전력계통의주파수를일정하게유지할필요성에대하여다음사항을설명하시오.1)수용가측면에서의필요성2)전력계통의운영자측면에서필요성
q-137-1-11,137회 1교시,계통공학,발송배전,대칭좌표법,30,standard,개념형 표현 2 · 핵심 주제 2 · 답안키워드 개념형 · 서술형 요구 · 기본개념 키워드,전력계통에서3상단락과선간단락고장시각지점의특징을대칭좌표법을이용한전압과전류의크기와위상으로설명하시오.
q-113-1-1,113회 1교시,발전공학,발송배전,수력발전,30,standard,개념형 표현 2 · 핵심 주제 5 · 답안키워드 개념형 · 서술형 요구 · 기본개념 키워드,수력발전소에서낙차의종류와손실수두에대하여설명하시오.
q-115-4-1,115회 4교시,발전공학,발송배전,발전기계통병입조건,30,standard,개념형 표현 3 · 핵심 주제 2 · 답안키워드 개념형 · 서술형 요구,"발전기를전력계통에병입하여운전하고자할때발전기의병렬운전조건을제시하고,계통병입절차및동기검정방법을설명하시오."
q-120-2-6,120회 2교시,발전공학,발송배전,열효율,30,standard,개념형 표현 2 · 핵심 주제 5 · 답안키워드 개념형 · 서술형 요구 · 기본개념 키워드,"화력발전소의열효율향상을위한열회수장치의종류를나열하고,설치효과에대하여설명하시오."
q-121-1-1,121회 1교시,발전공학,발송배전,부유식해상풍력발전,30,standard,개념형 표현 3 · 핵심 주제 2 · 답안키워드 개념형 · 서술형 요구,"부유식(Floating)해상풍력발전시스템의형식을분류하고,장·단점을설명하시오."
q-121-3-1,121회 3교시,발전공학,발송배전,스위치야드,30,standard,개념형 표현 3 · 핵심 주제 4 · 답안키워드 개념형 · 서술형 요구 · 기본개념 키워드,"화력발전소의스위치야드송·수전계통도를그리고,스위치야드의형식및설치되는변압기특징을설명하시오. (단,송전용스위치야드는전압이345kV또는154kV로구성되고,수전용스위치야드는154kV로구성된다.)"
q-123-1-11,123회 1교시,발전공학,발송배전,플레밍의법칙을발전기,30,standard,개념형 표현 2 · 핵심 주제 2 · 답안키워드 개념형 · 서술형 요구 · 기본개념 키워드,플레밍의법칙을발전기및전동기원리와연계하여설명하시오.
q-124-1-6,124회 1교시,발전공학,발송배전,자연순환보일러,30,standard,개념형 표현 2 · 핵심 주제 2 · 답안키워드 개념형 · 서술형 요구 · 기본개념 키워드,"자연순환보일러(NaturalCirculationBoiler)의원리,순환비(CirculationRatio),순환력증가방법에대하여설명하시오."
q-124-4-5,124회 4교시,발전공학,발송배전,변압기냉각방식,30,standard,개념형 표현 3 · 핵심 주제 4 · 답안키워드 개념형 · 서술형 요구 · 계산형 신호 1,"대용량터빈발전기의용량에따른냉각방식을구분하고,수소냉각방식의채용이유및수소냉각방식채용에따른안전상의대책을설명하시오."
q-126-1-5,126회 1교시,발전공학,발송배전,전기자반작용현상을발전기,30,standard,개념형 표현 2 · 핵심 주제 2 · 답안키워드 개념형 · 서술형 요구 · 기본개념 키워드,"전기자반작용현상을발전기와전동기로구분하여설명하고,동기조상기의원리를전기자반작용현상을들어설명하시오."
q-127-4-2,127회 4교시,발전공학,발송배전,발전기계통병입조건,30,standard,개념형 표현 3 · 핵심 주제 2 · 답안키워드 개념형 · 서술형 요구,계통에연계되어운전되는발전기의기술규격결정시고려되어야할항목과각항목이계통운용에미치는영향에대하여설명하시오.
q-110-2-5,110회 2교시,송배전공학,발송배전,CT,30,standard,개념형 표현 2 · 핵심 주제 2 · 답안키워드 개념형 · 서술형 요구 · 기본개념 키워드,신배전시스템의하나인FRIENDS(FlexibleReliableandIntelligentElectricalEnergyDeliverySystem)의특징과기술적과제에대해설명하시오.
q-111-4-2,111회 4교시,송배전공학,발송배전,HVDC,30,standard,개념형 표현 3 · 핵심 주제 2 · 답안키워드 개념형 · 서술형 요구,"고전압직류(HVDC,HighVoltageDirectCurrent)변환설비중전류형(LCC,LineCommutatedConverter)과전압형(VSC,VoltageSourceConverter)의차이점을설명하시오."
q-113-1-8,113회 1교시,송배전공학,발송배전,전력구감,30,standard,개념형 표현 3 · 핵심 주제 2 · 답안키워드 개념형 · 서술형 요구,지중송전의전력구감시시스템의주요기능및시스템구성에대하여설명하시오.
q-115-4-2,115회 4교시,송배전공학,발송배전,케이블,30,standard,개념형 표현 3 · 핵심 주제 2 · 답안키워드 개념형 · 서술형 요구,"케이블DC내전압시험과비교해서AC내전압시험의일종인VLF(verylowfrequency)시험의필요성을설명하고,VLF내전압시험,VLFTD(tan)시험,VLFPD(부분방전)시험법에대하여각각설명하시오."
q-120-3-2,120회 3교시,송배전공학,발송배전,고압및저압배전선로,30,standard,개념형 표현 3 · 핵심 주제 2 · 답안키워드 개념형 · 서술형 요구,고압및저압배전선로구성방식과특성에대하여각각설명하시오.
q-121-1-8,121회 1교시,송배전공학,발송배전,고장파급방지장치,30,standard,개념형 표현 2 · 핵심 주제 2 · 답안키워드 개념형 · 서술형 요구 · 기본개념 키워드,고장파급방지장치(SPS:SpecialProtectionSystem)에의한부하차단의목적을P-V곡선을이용하여간단히설명하시오.
q-121-4-3,121회 4교시,송배전공학,발송배전,변압기고조파,30,standard,개념형 표현 3 · 핵심 주제 2 · 답안키워드 개념형 · 서술형 요구,고조파가전력용변압기에미치는영향과대책에대하여설명하시오.
q-130-1-3,130회 1교시,송배전공학,발송배전,전압sin,30,standard,개념형 표현 2 · 핵심 주제 2 · 답안키워드 개념형 · 서술형 요구 · 기본개념 키워드,"아래그림과같은L만의회로와,C만의회로에서전압(sin)을가하였을때,다음을설명하시오.1)각회로의전압,전류의위상관계및특징2)각회로의전압,전류의실효치의비 <L만의회로> <C만의회로>"
q-132-1-11,132회 1교시,송배전공학,발송배전,변압기고조파,30,standard,개념형 표현 3 · 핵심 주제 2 · 답안키워드 개념형 · 서술형 요구,고조파가전력용변압기에미치는영향과대책에대하여설명하시오.
q-132-1-5,132회 1교시,송배전공학,발송배전,나임계전압,30,standard,개념형 표현 3 · 핵심 주제 2 · 답안키워드 개념형 · 서술형 요구,코로나임계전압의정의와방지대책에대하여설명하시오.
q-132-2-1,132회 2교시,송배전공학,발송배전,GIS,30,standard,개념형 표현 2 · 핵심 주제 2 · 답안키워드 개념형 · 서술형 요구 · 기본개념 키워드,초고압변전소설계시환경적고려사항을설명하고GIS변전소에사용하는가스절연개폐장치(GIS)및SF6가스의특징을설명하시오.
q-132-4-5,132회 4교시,송배전공학,발송배전,-factor가변압기,30,standard,개념형 표현 3 · 핵심 주제 2 · 답안키워드 개념형 · 서술형 요구,변압기의α-Factor가변압기에미치는영향과대책에대하여설명하시오.
q-133-3-6,133회 3교시,송배전공학,발송배전,HVDC,30,standard,개념형 표현 3 · 핵심 주제 4 · 답안키워드 개념형 · 서술형 요구 · 기본개념 키워드,500kVHVDC와관련하여아래사항에대하여설명하시오.1)전류형(LCC)와전압형(VSC)HVDC비교2)전류형HVDC원리3)전류형HVDC의전압제어방법4)국내HVDC사업현황1-1
q-135-3-6,135회 3교시,송배전공학,발송배전,직류송전방식,30,standard,개념형 표현 3 · 핵심 주제 2 · 답안키워드 개념형 · 서술형 요구,직류송전방식과교류송전방식에대하여다음을설명하시오.1)직류송전방식과교류송전방식비교2)교류송전방식의선로충전에의한장해1-1
q-136-2-2,136회 2교시,송배전공학,발송배전,가상발전소,30,standard,개념형 표현 2 · 핵심 주제 2 · 답안키워드 개념형 · 서술형 요구 · 기본개념 키워드,가상발전소(VPP:VirtualPowerPlant)의종류와운용효과에대하여설명하시오.
q-136-3-3,136회 3교시,송배전공학,발송배전,보호계전기용CT,30,standard,개념형 표현 3 · 핵심 주제 6 · 답안키워드 개념형 · 서술형 요구 · 계산형 신호 1,"154kV옥내형변전소에적용하고있는보호계전기용CT(변류기)위치를단선도에표기하고모선,변압기,송전선로,배전선로의보호계전방식에대하여설명하시오."
q-136-4-5,136회 4교시,송배전공학,발송배전,모선구성방식,30,standard,개념형 표현 4 · 핵심 주제 4 · 답안키워드 개념형 · 서술형 요구 · 계산형 신호 1,국내변전소에적용하고있는전압별(765/345/154kV)모선구성방식에대하여설명하시오.
q-137-1-8,137회 1교시,송배전공학,발송배전,부하시탭절환장치,30,standard,개념형 표현 2 · 핵심 주제 2 · 답안키워드 개념형 · 서술형 요구 · 기본개념 키워드,변압기에설치되어있는부하시탭절환장치(OLTC)의이상유무를판단하기위한시험의종류와판정기준에대하여설명하시오.
q-104-2-4,104회 2교시,계통공학,발송배전,경제부하배분,29,standard,개념형 표현 2 · 핵심 주제 4 · 답안키워드 개념형 · 서술형 요구,전력계통에서주파수제어(AFC)와경제부하배분(ELD)과의협조제어방식에대하여설명하시오.
q-111-1-5,111회 1교시,계통공학,발송배전,송전계통,29,standard,개념형 표현 2 · 핵심 주제 4 · 답안키워드 개념형 · 서술형 요구,송전계통에서사용되고있는재폐로보호방식을설명하시오.
q-130-1-12,130회 1교시,계통공학,발송배전,全계통정전,29,standard,개념형 표현 2 · 핵심 주제 4 · 답안키워드 개념형 · 서술형 요구,국내전력계통의全계통정전시복구절차에대하여다음을설명하시오.1)全계통정전시복구절차2)황색차단기의의미3)자체기동발전소의의미및발전원
q-131-4-2,131회 4교시,계통공학,발송배전,분산전원재병입,29,standard,개념형 표현 2 · 핵심 주제 5 · 답안키워드 개념형 · 서술형 요구,「분산형전원배전계통연계기술기준」에서전력계통이상시다음조건에따른분산형전원분리및재병입방법에대하여설명하시오.1)전력계통의고장2)전력계통재폐로와의협조3)전압4)주파수5)전력계통에의재병입(reconnection)
q-136-1-13,136회 1교시,계통공학,발송배전,계통접지,29,standard,개념형 표현 2 · 핵심 주제 4 · 답안키워드 개념형 · 서술형 요구,『KEC(한국전기설비규정)』에따른계통접지방식에서TN계통과TT계통에대하여설명하시오.
q-104-1-6,104회 1교시,발전공학,발송배전,수차발전기와화력용터빈발전기,29,standard,개념형 표현 2 · 핵심 주제 4 · 답안키워드 개념형 · 서술형 요구,수차발전기와화력용터빈발전기를비교설명하시오.
q-111-3-3,111회 3교시,발전공학,발송배전,원자력발전,29,standard,개념형 표현 2 · 핵심 주제 4 · 답안키워드 개념형 · 서술형 요구,원자력발전소의다중방호벽에의한안전개념에대하여설명하시오.
q-115-3-6,115회 3교시,발전공학,발송배전,원자력발전,29,standard,개념형 표현 3 · 핵심 주제 3 · 서술형 요구,원자력발전의안전성확보를위한심층방어개념과원자로사고예방대책에대하여설명하시오. 기술사제115회 제3교시(시험시간:100분)분야전기·전자자격종목발송배전기술사수험번호성명 A
q-115-4-3,115회 4교시,발전공학,발송배전,송전선로,29,standard,개념형 표현 2 · 핵심 주제 5 · 답안키워드 개념형 · 서술형 요구,"발전기단락비의의미를설명하고,장거리송전선로에서발전기가자기여자(selfexcitation)현상을일으키지않을조건을설명하시오."
q-118-1-11,118회 1교시,발전공학,발송배전,태양광발전,29,standard,개념형 표현 2 · 핵심 주제 7 · 답안키워드 개념형 · 서술형 요구,태양광발전시스템에서독립형과계통연계형을비교설명하시오.
q-118-4-5,118회 4교시,발전공학,발송배전,비상발전기,29,standard,개념형 표현 2 · 핵심 주제 4 · 답안키워드 개념형 · 서술형 요구,"ATS(AutomaticTransferSwitch)와CTTS(ClosedTransitionTransferSwitch)를비교하고,「분산형전원배전계통연계기술기준」에따라비상발전기를계통에연결하기위한동기화방법을설명하시오."
q-125-3-3,125회 3교시,발전공학,발송배전,원자력발전,29,standard,개념형 표현 2 · 핵심 주제 6 · 답안키워드 개념형 · 서술형 요구,원자력발전소의안전대책에대하여설명하시오.
q-127-1-3,127회 1교시,발전공학,발송배전,신재생발전기,29,standard,개념형 표현 2 · 핵심 주제 4 · 답안키워드 개념형 · 서술형 요구,신재생발전기를계통에연계하기위한조건중무효전력공급능력과LVRT(LowVoltageRideThrough)에대하여설명하시오.
q-129-1-7,129회 1교시,발전공학,발송배전,동기발전기,29,standard,개념형 표현 2 · 핵심 주제 4 · 답안키워드 개념형 · 서술형 요구,동기발전기에대하여아래내용을설명하시오.(1)병렬운전조건및그조건이맞지않을경우나타나는현상(2)동기발전기에서회전계자형을사용하는이유(3)전기자권선을Y결선하는이유3-2
q-129-3-4,129회 3교시,발전공학,발송배전,가스터빈발전,29,standard,개념형 표현 2 · 핵심 주제 4 · 답안키워드 개념형 · 서술형 요구,가스터빈발전방식의개방형사이클과밀폐형사이클에대하여설명하시오.
q-130-4-4,130회 4교시,발전공학,발송배전,신재생발전,29,standard,개념형 표현 2 · 핵심 주제 4 · 답안키워드 개념형 · 서술형 요구,우리나라전력계통에연계된신재생발전에대하여다음을설명하시오.1)신재생발전기의특성2)신재생발전기의증가가전력계통에미치는영향3)계통연계기술기준
q-131-2-6,131회 2교시,발전공학,발송배전,전력계통,29,standard,개념형 표현 3 · 핵심 주제 3 · 답안키워드 개념형 · 서술형 요구 · 기본개념 키워드,전력계통의경제운영에대하여다음을설명하시오.1)전력계통경제운영의목적및운영계획시고려사항2)발전기의증분연료비와등증분연료비의법칙3)송전손실을고려할경우경제출력배분식(협조방정식)유도1-1
q-133-4-1,133회 4교시,발전공학,발송배전,발전기,29,standard,개념형 표현 2 · 핵심 주제 7 · 답안키워드 개념형 · 서술형 요구,발전기의전기자권선및계자권선보호계전방식에대하여설명하시오.
q-133-4-6,133회 4교시,발전공학,발송배전,화력발전,29,standard,개념형 표현 2 · 핵심 주제 4 · 답안키워드 개념형 · 서술형 요구,"석탄은여러이점으로화력발전용연료로서그이용이확대되고있다.이러한화력발전의연료이용의고도화,다양화및깨끗한석탄이용기술(CleanCoalTechnology)측면에서석탄을활용한대표적인발전방식에대하여설명하시오. ∠ ∠∙ Grjx"
q-104-1-8,104회 1교시,송배전공학,발송배전,ESS,29,standard,개념형 표현 2 · 핵심 주제 4 · 답안키워드 개념형 · 서술형 요구,ESS(EnergyStorageSystem)와UPS(UninterruptiblePowerSupply)를비교설명하시오.
q-107-1-12,107회 1교시,송배전공학,발송배전,피뢰기,29,standard,개념형 표현 2 · 핵심 주제 5 · 답안키워드 개념형 · 서술형 요구,지중케이블 접속 시 절연접속함 보호방식에 피뢰기 를 사용한 방식을 설명하시오
q-107-1-3,107회 1교시,송배전공학,발송배전,보호계전기동작협조곡선,29,standard,개념형 표현 1 · 핵심 주제 7 · 답안키워드 개념형 · 서술형 요구 · 기본개념 키워드,"케이 블 배열에 따른 계수 K "" 0.866 3. 보호계전 기의 동작 협조곡선 작성 순서 및 유의사항에 대하여 설명하시오."
q-110-3-6,110회 3교시,송배전공학,발송배전,3고조파,29,standard,개념형 표현 3 · 핵심 주제 3 · 서술형 요구,중성선에흐르는제3고조파전류로인한영향과대책에대하여설명하시오.
q-111-2-3,111회 2교시,송배전공학,발송배전,차단기,29,standard,개념형 표현 1 · 핵심 주제 4 · 답안키워드 개념형 · 서술형 요구 · 기본개념 키워드,차단기의정격과동작책무에대하여설명하시오.
q-111-4-3,111회 4교시,송배전공학,발송배전,펠톤수차,29,standard,개념형 표현 3 · 핵심 주제 3 · 답안키워드 개념형 · 서술형 요구 · 기본개념 키워드,"수차의종류중펠톤수차의구조,출력및효율에대하여설명하시오."
q-114-1-6,114회 1교시,송배전공학,발송배전,차단기,29,standard,개념형 표현 1 · 핵심 주제 4 · 답안키워드 개념형 · 서술형 요구 · 기본개념 키워드,"차단기(CB),부하개폐기(LBS),단로기(DS)의동작특성을설명하시오."
q-115-1-12,115회 1교시,송배전공학,발송배전,가공송전선로,29,standard,개념형 표현 3 · 핵심 주제 3 · 서술형 요구,"가공송전선로의미풍진동현상의발생원인,문제점및방지대책에대하여설명하시오."
q-118-1-2,118회 1교시,송배전공학,발송배전,변압기,29,standard,개념형 표현 2 · 핵심 주제 4 · 답안키워드 개념형 · 서술형 요구,"변압기절연내력(DielectricStrength)을정의하고,변압기제작후절연내력을검증하기위한시험에대하여설명하시오."
q-118-1-6,118회 1교시,송배전공학,발송배전,피뢰기,29,standard,개념형 표현 2 · 핵심 주제 4 · 답안키워드 개념형 · 서술형 요구,피뢰기정격전압의정의와정격전압결정시고려사항에대하여설명하시오.
q-118-2-3,118회 2교시,송배전공학,발송배전,해저케이블,29,standard,개념형 표현 2 · 핵심 주제 6 · 답안키워드 개념형 · 서술형 요구,해저케이블경과지조사시포설루트의필요조건및조사항목을설명하시오.
q-118-3-1,118회 3교시,송배전공학,발송배전,속도조정률,29,standard,개념형 표현 2 · 핵심 주제 4 · 답안키워드 개념형 · 서술형 요구,"수차의전기식조속기와기계식조속기를비교하고,조속기의속도조정률과속도변동률에대하여설명하시오."
q-119-3-4,119회 3교시,송배전공학,발송배전,전력거래,29,standard,개념형 표현 2 · 핵심 주제 7 · 답안키워드 개념형 · 서술형 요구,전력거래및운영에있어서다음용어를설명하시오.1)발전원가2)발전단가3)정산단가4)구입단가5)판매단가6)균등화발전원가
q-119-4-4,119회 4교시,송배전공학,발송배전,ESS,29,standard,개념형 표현 2 · 핵심 주제 4 · 답안키워드 개념형 · 서술형 요구,"ESS(EnergyStorageSystem)의활용용도를발전,송·배전,수용가측면에서설명하고,ESS시장을BTM(Behindthemeter)과FTM(Infrontofthemeter)으로구분하여비교하시오."
q-120-4-5,120회 4교시,송배전공학,발송배전,차단기,29,standard,개념형 표현 2 · 핵심 주제 4 · 답안키워드 개념형 · 서술형 요구,"차단기의트립(Trip)방식은제어전원에따라직류트립방식,교류트립방식,CTD(CondenserTripDevice)방식으로나눌수있다.각각의트립방식을회로도를그려서설명하시오."
q-122-1-12,122회 1교시,송배전공학,발송배전,보호계전관련용어,29,standard,개념형 표현 1 · 핵심 주제 4 · 답안키워드 개념형 · 서술형 요구 · 기본개념 키워드,다음의보호계전관련용어에대하여설명하시오. 1)오차2)정동작3)정부동작4)오동작 5)오부동작6)페일세이프(FailSafe)
q-123-1-3,123회 1교시,송배전공학,발송배전,HVDC,29,standard,개념형 표현 2 · 핵심 주제 5 · 답안키워드 개념형 · 서술형 요구,HVDC시스템과관련하여다음사항에대하여각각설명하시오.1)전류형HVDC시스템2)전압형HVDC시스템3)각시스템의장단점
q-123-3-3,123회 3교시,송배전공학,발송배전,유도장해,29,standard,개념형 표현 3 · 핵심 주제 3 · 서술형 요구,송전선의1선지락사고시송전선과병행가설된통신선이받는전자유도장해와관련된다음사항들을설명하시오.1)전자유도전압의크기2)전자유도영향과경감대책3)차폐선설치에따른차폐효과
q-124-1-10,124회 1교시,송배전공학,발송배전,분산전원,29,standard,개념형 표현 3 · 핵심 주제 3 · 서술형 요구,분산형전원연계선로의전압보상을위한배전용SVR(StepVoltageRegulator)에사용되는특수변압기의기능과장·단점에대하여설명하시오.
q-127-1-7,127회 1교시,송배전공학,발송배전,유입변압기와몰드변압기,29,standard,개념형 표현 2 · 핵심 주제 4 · 답안키워드 개념형 · 서술형 요구,유입변압기와몰드변압기를비교하여설명하시오.
q-128-1-10,128회 1교시,송배전공학,발송배전,고조파,29,standard,개념형 표현 2 · 핵심 주제 4 · 답안키워드 개념형 · 서술형 요구,그림과같은회로에서직렬및병렬공진시고조파전류가콘덴서회로에미치는영향에대하여설명하시오.
q-128-1-9,128회 1교시,송배전공학,발송배전,변압기병렬운전조건,29,standard,개념형 표현 3 · 핵심 주제 3 · 서술형 요구,변압기병렬운전조건과그조건이충족되지않았을때의문제점을단상변압기와3상변압기로나누어설명하시오.
q-129-1-11,129회 1교시,송배전공학,발송배전,HVDC,29,standard,개념형 표현 2 · 핵심 주제 4 · 답안키워드 개념형 · 서술형 요구,"HVDC의전류실패(轉流失敗,CommutationFailure)원인과방지대책을설명하시오."
q-131-4-1,131회 4교시,송배전공학,발송배전,수차비속도,29,standard,개념형 표현 3 · 핵심 주제 1 · 답안키워드 개념형 · 서술형 요구 · 기본개념 키워드,"수차의비속도(특유속도)에대하여다음을설명하시오.1)개념및비속도관계식유도(유량,출력,회전수의관계) (단,러너의유량은Q(m3/s),러너의지름은D(m),유효낙차는H(m),러너의주변속도는v(m/s)이며,유속계수cv는1.0로가정한다.)2)각수차종류별비속도범위와수차선정시비속도응용방법"
q-132-3-4,132회 3교시,송배전공학,발송배전,변압기,29,standard,개념형 표현 2 · 핵심 주제 5 · 답안키워드 개념형 · 서술형 요구,154㎸변압기의주보호방식과후비보호방식에대하여각각보호계전기결선도를그리고설명하시오.
q-132-4-1,132회 4교시,송배전공학,발송배전,변압기,29,standard,개념형 표현 3 · 핵심 주제 3 · 서술형 요구,변압기의병렬운전에대하여다음사항을설명하시오.1)병렬운전조건2)병렬운전조건이다를경우의문제점3)병렬운전시고려사항
q-135-1-8,135회 1교시,송배전공학,발송배전,22.9kV배전선로,29,standard,개념형 표현 3 · 핵심 주제 1 · 답안키워드 개념형 · 서술형 요구 · 기본개념 키워드,"22.9kV배전선로에설치되는보호기기의구성도를그리고,리클로저의기능을설명하시오."
q-135-3-2,135회 3교시,송배전공학,발송배전,ESS,29,standard,개념형 표현 2 · 핵심 주제 4 · 답안키워드 개념형 · 서술형 요구,발전제약완화용ESS의구성과제어모드에대하여설명하시오.
q-137-2-1,137회 2교시,송배전공학,발송배전,에너지저장기술에대해서다음,29,standard,개념형 표현 3 · 핵심 주제 1 · 답안키워드 개념형 · 서술형 요구 · 기본개념 키워드,"에너지저장기술에대해서다음을설명하시오.1)단주기,중주기와장주기에너지저장기술2)에너지저장장치의활용분야3)대용량장주기에너지저장장치의종류별특징"
q-104-3-2,104회 3교시,계통공학,발송배전,전력계통신뢰도,28,standard,개념형 표현 3 · 핵심 주제 1 · 답안키워드 개념형 · 서술형 요구,우리나라의장기전력계통운영계획을수립하기위한일환으로전력계통신뢰도및품질유지를위하여검토해야할주요역무5가지이상을열거하고설명하시오.
q-121-1-9,121회 1교시,계통공학,발송배전,스포트네트워크,28,standard,개념형 표현 3 · 핵심 주제 1 · 답안키워드 개념형 · 서술형 요구,"배전계통에사용하는스포트네트워크방식(SpotNetworkSystem)에대해간략하게설명하고,그장·단점에대하여설명하시오."
q-127-1-4,127회 1교시,계통공학,발송배전,단락용량,28,standard,개념형 표현 3 · 핵심 주제 3 · 답안키워드 개념형 · 서술형 요구 · 계산형 신호 1,"전력계통의단락용량증가에대한원인,문제점및대책에대하여설명하시오."
q-127-4-1,127회 4교시,계통공학,발송배전,전력계통혁신방안,28,standard,개념형 표현 2 · 핵심 주제 1 · 답안키워드 개념형 · 서술형 요구 · 기본개념 키워드,향후확대될신재생에너지전원에따른안정적전력계통을위해정부에서추진하고있는「전력계통혁신방안」에대한기존전력계통의특징과전력계통혁신추진방안에대하여설명하시오.
q-137-4-1,137회 4교시,계통공학,발송배전,안정도판,28,standard,개념형 표현 3 · 핵심 주제 2 · 서술형 요구 · 기본개념 키워드 · 계산형 신호 1,전력계통의사고로입·출력변동시안정도판별에대하여다음사항을설명하시오.1)다기계통에서상차각과전력편차를이용한안정도판별법의원리2)안정도향상대책
q-112-2-6,112회 2교시,발전공학,발송배전,대용량발전기,28,standard,개념형 표현 2 · 핵심 주제 3 · 답안키워드 개념형 · 서술형 요구 · 기본개념 키워드,대용량 발전기의 진상운전 목적과 진상운전 시 고려할 사항에 대하여 설명하시오.
q-107-1-11,107회 1교시,송배전공학,발송배전,애자섬락전압,28,standard,개념형 표현 2 · 핵심 주제 1 · 답안키워드 개념형 · 서술형 요구 · 기본개념 키워드,애자섬락전압의 종류와 특 정을 설명하시오
q-111-3-5,111회 3교시,송배전공학,발송배전,helpertower공법,28,standard,개념형 표현 3 · 핵심 주제 1 · 답안키워드 개념형 · 서술형 요구,"철탑인상공법의필요성을설명하고,HelperTower공법과Enclosing공법의특성을비교하여설명하시오."
q-115-2-3,115회 2교시,송배전공학,발송배전,수차비속도,28,standard,개념형 표현 2 · 핵심 주제 1 · 답안키워드 개념형 · 서술형 요구 · 기본개념 키워드,"수차의비속도(Ns)를설명하고,수차(펠톤,프란시스,프로펠러,카플란,사류수차)별비속도의한계값과비속도측면에서본각수차의특징을설명하시오."
q-119-1-6,119회 1교시,송배전공학,발송배전,변압기,28,standard,개념형 표현 3 · 핵심 주제 3 · 답안키워드 개념형 · 서술형 요구 · 계산형 신호 1,"변압기의실측효율및규약효율에대하여정의하고,최대효율조건을설명하시오."
q-119-4-6,119회 4교시,송배전공학,발송배전,HVDC,28,standard,개념형 표현 3 · 핵심 주제 3 · 답안키워드 개념형 · 서술형 요구 · 계산형 신호 1,"현재국내에서건설중인500kVHVDC(HighVoltageDirectCurrent)가공및지중송전선로의개념에대하여설명하고,지중송전선로구간의전력구부대설비구성에대하여설명하시오."
q-120-1-12,120회 1교시,송배전공학,발송배전,공동현상cavitation발생원인,28,standard,개념형 표현 3 · 핵심 주제 1 · 답안키워드 개념형 · 서술형 요구,"수차의공동현상(Cavitation)발생원인및영향,방지대책에대하여설명하시오."
q-122-2-2,122회 2교시,송배전공학,발송배전,아크플래시,28,standard,개념형 표현 3 · 핵심 주제 1 · 답안키워드 개념형 · 서술형 요구,"전력설비충전부에서의ArcFlash분석및평가절차,경감대책에대하여각각설명하시오."
q-123-1-10,123회 1교시,송배전공학,발송배전,변압기,28,standard,개념형 표현 4 · 핵심 주제 2 · 답안키워드 개념형 · 서술형 요구 · 기본개념 키워드,"변압기에서다음사항을각각설명하시오.1)안정권선의사용목적및용량2)임피던스전압과%임피던스의개념,이것이변압기에미치는영향"
q-123-2-1,123회 2교시,송배전공학,발송배전,수요관리측면,28,standard,개념형 표현 2 · 핵심 주제 1 · 답안키워드 개념형 · 서술형 요구 · 기본개념 키워드,"부하관리를공급관리및수요관리측면에서설명하시오.또한,부하관리와관련된부하제어의종류에대해서각각설명하시오."
q-123-2-4,123회 2교시,송배전공학,발송배전,배터리형에너지저장장치battery,28,standard,개념형 표현 3 · 핵심 주제 1 · 답안키워드 개념형 · 서술형 요구,"배터리형에너지저장장치(BatteryEnergyStorageSystem)에대하여다음을설명하시오.1)용어:StateofCharge,C-rate,CycleLife,DepthofDischarge2)구성요소:PCS,BMS,PMS3)활용용도에따른분류"
q-126-1-1,126회 1교시,송배전공학,발송배전,SMR,28,standard,개념형 표현 2 · 핵심 주제 1 · 답안키워드 개념형 · 서술형 요구 · 기본개념 키워드,다음SMR(SmallModularReactor)의특징에대하여각각설명하시오.1)수냉각SMR2)소듐냉각고속로SMR3)용융염료SMR
q-127-3-1,127회 3교시,송배전공학,발송배전,전력설비건설사업관리,28,standard,개념형 표현 2 · 핵심 주제 1 · 답안키워드 개념형 · 서술형 요구 · 기본개념 키워드,전력설비건설사업관리의감리업무와관련한다음사항을설명하시오.(1)안전관리에대한감리원의역할과업무내용(2)품질관리에대한중점품질관리대상과방법(3)통합감리기준
q-131-2-2,131회 2교시,송배전공학,발송배전,초전도기술,28,standard,개념형 표현 2 · 핵심 주제 1 · 답안키워드 개념형 · 서술형 요구 · 기본개념 키워드,초전도체의특성및종류와초전도기술의전력응용에대하여설명하시오.
q-107-4-4,107회 4교시,계통공학,발송배전,전압무효전력,27,standard,개념형 표현 2 · 핵심 주제 3 · 답안키워드 개념형 · 서술형 요구,전력계통의 전압 · 무효전력 제어방식에 대하여 설명하시오.
q-112-3-5,112회 3교시,계통공학,발송배전,계통전압이너무낮,27,standard,개념형 표현 2 · 핵심 주제 3 · 답안키워드 개념형 · 서술형 요구,전력계통에서 계통전압이 너무 낮을 때와 높을 경우에 계통에 미치게 되는 영향을 설명하시오.
q-113-2-1,113회 2교시,계통공학,발송배전,전압무효전력,27,standard,개념형 표현 2 · 핵심 주제 3 · 답안키워드 개념형 · 서술형 요구,초고압전력계통의전압․무효전력제어방식에대하여각각설명하시오.
q-119-1-12,119회 1교시,계통공학,발송배전,예비력,27,standard,개념형 표현 2 · 핵심 주제 3 · 답안키워드 개념형 · 서술형 요구,"운영예비력중주파수제어예비력,1차예비력,2차예비력,3차예비력을각각설명하시오."
q-123-1-1,123회 1교시,계통공학,발송배전,분산전원,27,standard,개념형 표현 2 · 핵심 주제 3 · 답안키워드 개념형 · 서술형 요구,분산형전원의계통연계및운영에있어서다음용어를각각설명하시오.1)연계점2)접속설비3)접속점4)공통연결점5)분산형전원연결점
q-123-1-9,123회 1교시,계통공학,발송배전,미소신호안정도smallsignal,27,standard,개념형 표현 3 · 핵심 주제 2 · 서술형 요구,"전력계통안정도에서미소신호안정도(SmallSignalStability)의정의,발생원인,주요해석법,대책에대하여각각설명하시오."
q-124-2-6,124회 2교시,계통공학,발송배전,무효전력,27,standard,개념형 표현 3 · 핵심 주제 2 · 서술형 요구,"전력계통의무효전력발생원과소비원을기술하고,무효전력과부족시발생하는문제점과대책에대하여설명하시오. ※ ."
q-127-1-10,127회 1교시,계통공학,발송배전,재폐로계전기,27,standard,개념형 표현 1 · 핵심 주제 3 · 답안키워드 개념형 · 서술형 요구 · 기본개념 키워드,전력계통보호에서재폐로계전기의동작순서와재폐로시간에대하여설명하시오.
q-127-4-3,127회 4교시,계통공학,발송배전,계통접지,27,standard,개념형 표현 2 · 핵심 주제 3 · 답안키워드 개념형 · 서술형 요구,한국전기설비규정에서정하는저압전로의계통접지방식을보호도체및중성선의접속방식에따라구분하여설명하시오.
q-132-4-4,132회 4교시,계통공학,발송배전,배전계통,27,standard,개념형 표현 2 · 핵심 주제 3 · 답안키워드 개념형 · 서술형 요구,배전계통의전압조정을위한LDC(LineDropCompensator)방식에대하여설명하시오.
q-107-1-9,107회 1교시,발전공학,발송배전,동기발전기,27,standard,개념형 표현 2 · 핵심 주제 3 · 답안키워드 개념형 · 서술형 요구,동기발전기의 유효전력을 일정하게 운전하는 조건을 벡터도로 설명하시오.
q-114-1-13,114회 1교시,발전공학,발송배전,경제부하배분,27,standard,개념형 표현 2 · 핵심 주제 3 · 답안키워드 개념형 · 서술형 요구,전력계통의경제운용중발전기의등증분연료비법칙에대하여설명하시오. 청렴은 건전한 국가 재정의 첫걸음
q-114-2-3,114회 2교시,발전공학,발송배전,태양광발전,27,standard,개념형 표현 3 · 핵심 주제 5 · 서술형 요구 · 계산형 신호 1,"전력계통에투입되는태양광발전및풍력발전의용량이증가함에따라발생할수있는문제점,원인및전력계통측면에서의대책을설명하시오."
q-121-1-6,121회 1교시,발전공학,발송배전,LVRT,27,standard,개념형 표현 2 · 핵심 주제 3 · 답안키워드 개념형 · 서술형 요구,전력시장운영규칙에따른국내풍력발전기의순시전압저하시유지성능에대하여설명하시오.
q-107-4-1,107회 4교시,송배전공학,발송배전,고압유도전동기,27,standard,개념형 표현 2 · 핵심 주제 3 · 답안키워드 개념형 · 서술형 요구,고압 유도전동기 보호방식에 대하여 설명하시오 .
q-108-2-6,108회 2교시,송배전공학,발송배전,변전기기,27,standard,개념형 표현 3 · 핵심 주제 2 · 서술형 요구,변전기기의내진대책에대하여아래순서로설명하시오.1)개요2)동적내진설계시고려사항3)내진대책중지진파의공진을피하는방법및부재를강화하는방법1-1
q-110-4-5,110회 4교시,송배전공학,발송배전,차단기,27,standard,개념형 표현 2 · 핵심 주제 3 · 답안키워드 개념형 · 서술형 요구,과도회복전압(TransientRecoveryVoltage)의특성과차단기에미치는영향을설명하시오.
q-111-1-9,111회 1교시,송배전공학,발송배전,가공송전선로,27,standard,개념형 표현 2 · 핵심 주제 3 · 답안키워드 개념형 · 서술형 요구,가공송전선로의지지물인철탑의기초공법중마이크로파일공법에대하여개념도를그리고설명하시오.
q-111-2-6,111회 2교시,송배전공학,발송배전,피뢰기,27,standard,개념형 표현 2 · 핵심 주제 3 · 답안키워드 개념형 · 서술형 요구,"피뢰기에대하여다음물음에답하시오.1)피뢰기의방전내량에대하여설명하시오.2)피뢰기적용시고려사항을설명하시오.3)피뢰기설치장소를쓰고,그림에서피뢰기시설이의무화되어있는장소를도면을그리고⊗표시하시오."
q-112-2-4,112회 2교시,송배전공학,발송배전,변압기냉각방식,27,standard,개념형 표현 2 · 핵심 주제 3 · 답안키워드 개념형 · 서술형 요구,지중케이블 냉각방식에 대하여 설명하시오.
q-118-4-2,118회 4교시,송배전공학,발송배전,계기용변압기,27,standard,개념형 표현 3 · 핵심 주제 5 · 답안키워드 개념형 · 서술형 요구 · 계산형 신호 1,"345[kV]및154[kV]모선과송전선에적용되는계기용변압기의설치,결선방식및용도에대하여설명하시오."
q-124-1-5,124회 1교시,송배전공학,발송배전,코로나발생,27,standard,개념형 표현 3 · 핵심 주제 2 · 서술형 요구,가공송전선로에서코로나발생에영향을미치는요인및대책에대하여설명하시오.
q-126-1-9,126회 1교시,송배전공학,발송배전,보호계전기중거리계전기,27,standard,개념형 표현 2 · 핵심 주제 3 · 답안키워드 개념형 · 서술형 요구,"보호계전기중거리계전기의언더리치및오버리치개념을설명하고,변류비300/5A,30VA5P"
q-126-3-5,126회 3교시,송배전공학,발송배전,고조파,27,standard,개념형 표현 3 · 핵심 주제 2 · 서술형 요구,고조파전류가콘덴서회로에미치는영향에대한다음사항을설명하시오.1)직·병렬공진현상및영향2)콘덴서단자전압에미치는영향3)고조파장해방지대책
q-127-3-2,127회 3교시,송배전공학,발송배전,전력케이블,27,standard,개념형 표현 2 · 핵심 주제 3 · 답안키워드 개념형 · 서술형 요구,전력케이블에적용하는단절연을설명하고유전율이다른물질(유전율)로단절연이적용된경우에대하여설명하시오.
q-130-1-10,130회 1교시,송배전공학,발송배전,전력용변압기,27,standard,개념형 표현 2 · 핵심 주제 3 · 답안키워드 개념형 · 서술형 요구,전력용변압기2대의병렬운전에대하여다음을설명하시오.1)변압기병렬운전조건2)변압기병렬운전가능및불가능결선방법과그이유3)변압기병렬운전시부하분담율
q-131-3-5,131회 3교시,송배전공학,발송배전,중성점접지,27,standard,개념형 표현 2 · 핵심 주제 3 · 답안키워드 개념형 · 서술형 요구,초고압전력용변압기의중성점접지방식에따른절연방식4가지를설명하시오.
q-132-3-5,132회 3교시,송배전공학,발송배전,전철변전소,27,standard,개념형 표현 3 · 핵심 주제 2 · 서술형 요구,전철변전소에대하여다음사항을설명하시오.1)수전전압2)전원특성및구비조건3)위치선정시고려사항4)전철변전소설치간격①결정요소②단축시장·단점
q-133-1-5,133회 1교시,송배전공학,발송배전,매설지선,27,standard,개념형 표현 2 · 핵심 주제 3 · 답안키워드 개념형 · 서술형 요구,송전선로철탑에적용하는매설지선에대하여설명하시오.
q-134-2-3,134회 2교시,송배전공학,발송배전,피뢰기,27,standard,개념형 표현 2 · 핵심 주제 3 · 답안키워드 개념형 · 서술형 요구,피뢰기의다음항목에대하여설명하시오.1)구비조건2)정격전압3)제한전압
q-135-2-6,135회 2교시,송배전공학,발송배전,유도장해,27,standard,개념형 표현 2 · 핵심 주제 3 · 답안키워드 개념형 · 서술형 요구,전자유도장해에대한정의와차폐선의효과를설명하시오.
q-136-3-6,136회 3교시,송배전공학,발송배전,콘덴서에관한아래사항,27,standard,개념형 표현 3 · 핵심 주제 4 · 서술형 요구 · 계산형 신호 1,"콘덴서에관한아래사항에대하여설명하시오.1)3상동일전원에접속하는△결선의콘덴서를Y결선으로바꾸어연결했을경우정전용량변화2)온도,전압,고조파에대한열화대책3)고장보호방식1-1"
q-137-1-9,137회 1교시,송배전공학,발송배전,차단기,27,standard,개념형 표현 2 · 핵심 주제 3 · 답안키워드 개념형 · 서술형 요구,차단기트립(Trip)방식중다음을설명하시오.1)직류트립방식(DCTripDevice)2)교류트립방식(ACTripDevice)3)CTD트립방식(CondenserTripDevice)
q-128-1-5,128회 1교시,계통공학,발송배전,전력조류계산,26,standard,개념형 표현 2 · 핵심 주제 2 · 답안키워드 개념형 · 서술형 요구 · 기본개념 키워드,전력조류계산시모선의종류및모선별기지량과미지량을설명하시오.
q-128-4-5,128회 4교시,계통공학,발송배전,모선구성방식,26,standard,개념형 표현 4 · 핵심 주제 2 · 답안키워드 개념형 · 서술형 요구 · 계산형 신호 1,우리나라전력계통의변전소에적용하고있는전압별(765/345/154/22.9kV)모선구성방식을설명하시오.
q-131-1-11,131회 1교시,계통공학,발송배전,전력조류계산,26,standard,개념형 표현 2 · 핵심 주제 2 · 답안키워드 개념형 · 서술형 요구 · 기본개념 키워드,전력조류계산의목적과조류계산의기본알고리즘을설명하시오.
q-134-4-4,134회 4교시,계통공학,발송배전,고장종류별안정도,26,standard,개념형 표현 2 · 핵심 주제 2 · 답안키워드 개념형 · 서술형 요구 · 기본개념 키워드,"아래의계통에서1선지락,2선지락,3상단락순으로계통의안정도가더가혹하게나빠짐을고장임피던스와전력전송공식을이용하여설명하시오.(단,고장시영상및역상임피던스는1보다작음)"
q-104-4-2,104회 4교시,발전공학,발송배전,수력발전,26,standard,개념형 표현 2 · 핵심 주제 5 · 서술형 요구,낙차가작은수력발전소에서원통형(Tubular)수차와직결하여사용하는유도발전기의장ㆍ단점을설명하시오.
q-117-1-1,117회 1교시,발전공학,발송배전,발전기,26,standard,개념형 표현 2 · 핵심 주제 6 · 서술형 요구,발전기 축전류의 발생 원인과 방지 대책에 대하여 설명하시오.
q-130-1-2,130회 1교시,발전공학,발송배전,화력발전,26,standard,개념형 표현 2 · 핵심 주제 4 · 서술형 요구,석탄화력발전소의대기오염물질과저감대책에대하여설명하시오.
q-134-1-10,134회 1교시,발전공학,발송배전,풍력터빈,26,standard,개념형 표현 2 · 핵심 주제 4 · 서술형 요구,전기설비기술기준에따른풍력터빈의구조중풍력발전기터빈의시설조건을10가지쓰시오.
q-107-1-10,107회 1교시,송배전공학,발송배전,변압기여자돌입전류,26,standard,개념형 표현 2 · 핵심 주제 4 · 서술형 요구,변압기의 여자돌입전류 발생 시 보호계전기 오통작 방지대책에 대하여 설명하시오.
q-119-1-4,119회 1교시,송배전공학,발송배전,22.9kV배전선로,26,standard,개념형 표현 2 · 핵심 주제 2 · 답안키워드 개념형 · 서술형 요구 · 기본개념 키워드,22.9kV-Y다중접지배전선로에서중성선의역할3가지를설명하시오.
q-128-1-8,128회 1교시,송배전공학,발송배전,고장점탐지,26,standard,개념형 표현 2 · 핵심 주제 4 · 서술형 요구,해저케이블은입상주에서부터양륙지점을거쳐해저구간에포설된케이블을말한다.해저케이블의고장점탐지기법에대하여설명하시오.
q-134-2-4,134회 2교시,송배전공학,발송배전,변전소mesh접지,26,standard,개념형 표현 2 · 핵심 주제 4 · 서술형 요구,"변전소Mesh접지설계의다음항목에대하여설명하시오.1)최대허용보폭전압과최대허용접촉전압의의미(등가회로,수식)2)최대대지전위상승(GPR:GroundPotentialRise)3)최대대지전위상승(GPR)이최대허용보폭전압이나최대허용접촉전압보다클경우대책"
q-119-1-2,119회 1교시,계통공학,발송배전,전력계통주파수,25,standard,개념형 표현 2 · 핵심 주제 2 · 답안키워드 개념형 · 서술형 요구,전력계통운용의자동화를위한제어방식중부하주파수제어(LFC:LoadFrequencyControl)에대하여설명하시오.
q-125-1-12,125회 1교시,계통공학,발송배전,STATCOM,25,standard,개념형 표현 2 · 핵심 주제 2 · 답안키워드 개념형 · 서술형 요구,정지형무효전력보상장치인STATCOM과SVC를비교하여설명하시오.
q-125-1-13,125회 1교시,계통공학,발송배전,전력계통주파수,25,standard,개념형 표현 2 · 핵심 주제 2 · 답안키워드 개념형 · 서술형 요구,전력계통의연계운전시주파수제어방식에대하여설명하시오. ※ .
q-128-1-12,128회 1교시,계통공학,발송배전,속응여자방식quickrespons,25,standard,개념형 표현 2 · 핵심 주제 2 · 답안키워드 개념형 · 서술형 요구,안정도를증진시키는방법중속응여자방식(QuickResponseExcitationSystem)에대하여설명하시오.
q-135-2-5,135회 2교시,계통공학,발송배전,배전계통,25,standard,개념형 표현 2 · 핵심 주제 2 · 답안키워드 개념형 · 서술형 요구,고압지중배전계통의구성에대하여설명하시오.
q-104-1-4,104회 1교시,발전공학,발송배전,대용량발전기,25,standard,개념형 표현 2 · 핵심 주제 4 · 답안키워드 개념형 · 서술형 요구 · 계산형 신호 1,대용량발전기에적용하는예방진단시스템을설명하시오.
q-112-4-4,112회 4교시,발전공학,발송배전,화력발전,25,standard,개념형 표현 2 · 핵심 주제 4 · 답안키워드 개념형 · 서술형 요구 · 계산형 신호 1,화력발전소의 보일러 설계 시 고려하는 열부하율과 1000 MW급의 보일러 연소방식에 대하여 설명하시오. 수험 번호 성 명
q-113-3-6,113회 3교시,발전공학,발송배전,속도조정률,25,standard,개념형 표현 2 · 핵심 주제 5 · 답안키워드 개념형 · 서술형 요구 · 계산형 신호 1,"발전기출력과주파수와의관계,속도조정률및조속기프리(GovernorFree)운전에대하여설명하시오. 청렴은 건전한 국가 재정의 첫걸음"
q-114-1-3,114회 1교시,발전공학,발송배전,풍력발전,25,standard,개념형 표현 2 · 핵심 주제 5 · 답안키워드 개념형 · 서술형 요구 · 계산형 신호 1,풍력발전의출력제어방식에대하여설명하시오.
q-119-1-11,119회 1교시,발전공학,발송배전,풍력발전,25,standard,개념형 표현 2 · 핵심 주제 4 · 답안키워드 개념형 · 서술형 요구 · 계산형 신호 1,"풍력발전의풍력에너지(이론출력),출력계수,주속비의정의및관계식을설명하시오."
q-128-1-4,128회 1교시,발전공학,발송배전,증기터빈,25,standard,개념형 표현 2 · 핵심 주제 4 · 답안키워드 개념형 · 서술형 요구 · 계산형 신호 1,"대용량화력발전소의증기터빈과발전기의진동원인및영향을쓰고,진동방지를위한설계시고려사항을설명하시오."
q-128-3-3,128회 3교시,발전공학,발송배전,해상풍력발전,25,standard,개념형 표현 3 · 핵심 주제 3 · 서술형 요구 · 계산형 신호 1,"우리나라해상풍력발전소의필요성,발전량,출력조절방법,장·단점에대하여설명하시오."
q-130-4-3,130회 4교시,발전공학,발송배전,장거리대용량송전선로,25,standard,개념형 표현 3 · 핵심 주제 3 · 서술형 요구 · 계산형 신호 1,"장거리대용량송전선로에직렬보상설비를적용시직렬보상의효과,인접한발전기에서발생할수있는문제점과해결방안에대하여설명하시오."
q-134-1-2,134회 1교시,발전공학,발송배전,주파수조정용발전소,25,standard,개념형 표현 2 · 핵심 주제 5 · 답안키워드 개념형 · 서술형 요구 · 계산형 신호 1,주파수조정용발전소의다음항목에대하여설명하시오.1)구비조건2)화력이수력보다유리한점3)화력이수력보다불리한점4)소요조정용량결정시고려사항
q-135-3-1,135회 3교시,발전공학,발송배전,풍력발전,25,standard,개념형 표현 2 · 핵심 주제 5 · 답안키워드 개념형 · 서술형 요구 · 계산형 신호 1,풍력발전의출력제어방식을풍속의크기에따라구분하여설명하시오.
q-107-1-1,107회 1교시,송배전공학,발송배전,알루미늄권선변압기,25,standard,개념형 표현 2 · 핵심 주제 2 · 답안키워드 개념형 · 서술형 요구,"알루미늄(Al) 권선 변압기의 특정을 통 (Cu) 권선 변압기와 비교하여 설명하시오 ,"
q-110-1-7,110회 1교시,송배전공학,발송배전,나임계전압,25,standard,개념형 표현 2 · 핵심 주제 2 · 답안키워드 개념형 · 서술형 요구,코로나임계전압과코로나방지대책을설명하시오.
q-112-1-2,112회 1교시,송배전공학,발송배전,변압기,25,standard,개념형 표현 2 · 핵심 주제 2 · 답안키워드 개념형 · 서술형 요구,변압기 과부하 운전 시 온도영향 및 수명과의 관계를 설명하시오.
q-113-1-7,113회 1교시,송배전공학,발송배전,변압기병렬운전조건,25,standard,개념형 표현 2 · 핵심 주제 2 · 답안키워드 개념형 · 서술형 요구,변압기병렬운전조건과3상변압기의병렬운전가능또는불가능결선에대하여각각설명하시오.
q-114-2-6,114회 2교시,송배전공학,발송배전,유전체손,25,standard,개념형 표현 2 · 핵심 주제 2 · 답안키워드 개념형 · 서술형 요구,"절연물의유전체손발생원인,유전체손의벡터도와수식,전기설비에의활용방안에대하여설명하시오. 청렴은 건전한 국가 재정의 첫걸음"
q-114-3-6,114회 3교시,송배전공학,발송배전,중거리송전선로,25,standard,개념형 표현 2 · 핵심 주제 2 · 답안키워드 개념형 · 서술형 요구,중거리송전선로의특성과π형등가회로및벡터도를설명하시오. 청렴은 건전한 국가 재정의 첫걸음
q-118-1-10,118회 1교시,송배전공학,발송배전,중장기배전계획,25,standard,개념형 표현 2 · 핵심 주제 2 · 답안키워드 개념형 · 서술형 요구,우리나라에서실시하고있는중장기배전계획의절차를설명하시오.
q-120-3-4,120회 3교시,송배전공학,발송배전,분로리액터,25,standard,개념형 표현 2 · 핵심 주제 2 · 답안키워드 개념형 · 서술형 요구,"동기조상기,전력용콘덴서(StaticCondenser),분로리액터를비교하여설명하시오."
q-122-1-7,122회 1교시,송배전공학,발송배전,저압뱅킹배전방식,25,standard,개념형 표현 3 · 핵심 주제 1 · 서술형 요구,"저압뱅킹배전방식에서일어나는캐스케이딩현상을설명하고,그대책에대하여설명하시오."
q-123-2-3,123회 2교시,송배전공학,발송배전,변압기여자돌입전류,25,standard,개념형 표현 2 · 핵심 주제 3 · 서술형 요구 · 기본개념 키워드 · 계산형 신호 1,"변압기여자전류및여자돌입전류를설명하고,변압기여자돌입전류로인한비율차동계전기의오동작방지대책에대하여설명하시오."
q-123-2-5,123회 2교시,송배전공학,발송배전,지락전류검출방식에대해,25,standard,개념형 표현 2 · 핵심 주제 2 · 답안키워드 개념형 · 서술형 요구,지락전류검출방식에대해설명하시오.
q-124-1-4,124회 1교시,송배전공학,발송배전,가공송전용연선,25,standard,개념형 표현 2 · 핵심 주제 2 · 답안키워드 개념형 · 서술형 요구,가공송전용연선과관련된다음사항을각각설명하시오.1)연정(Pitch)2)연선의바깥지름과소선의지름과의관계3)연선의연입률4)연입률의크기에따른특성비교
q-125-1-2,125회 1교시,송배전공학,발송배전,케이블허용전류,25,standard,개념형 표현 2 · 핵심 주제 2 · 답안키워드 개념형 · 서술형 요구,전력케이블의허용전류에영향을미치는요소에대하여설명하시오.
q-125-4-4,125회 4교시,송배전공학,발송배전,spotnetwork배전방식,25,standard,개념형 표현 3 · 핵심 주제 1 · 답안키워드 개념형 · 기본개념 키워드,SpotNetwork배전방식에대한다음물음에답하시오.1)SpotNetwork배전방식의특징2)단선결선도를작성하여운전방법3)SpotNetwork배전방식을구성하는주요기기4)NetworkProtector의동작책무
q-126-2-2,126회 2교시,송배전공학,발송배전,전력용변압기,25,standard,개념형 표현 3 · 핵심 주제 3 · 서술형 요구 · 계산형 신호 1,345kV이상전력용변압기에대한다음사항을설명하시오.1)변압기의구조및장·단점2)
q-128-3-2,128회 3교시,송배전공학,발송배전,전력용케이블,25,standard,개념형 표현 2 · 핵심 주제 2 · 답안키워드 개념형 · 서술형 요구,전력용케이블절연재료의열화요인및개선대책에대하여설명하시오.
q-129-1-1,129회 1교시,송배전공학,발송배전,22.9kV배전선로,25,standard,개념형 표현 4 · 핵심 주제 1 · 답안키워드 개념형 · 서술형 요구 · 계산형 신호 2,"우리나라의22.9kV-y배전선로의일반선로와대용량배전선로를비교하고,대용량배전방식적용기준에대하여설명하시오."
q-133-2-4,133회 2교시,송배전공학,발송배전,변압기병렬운전조건,25,standard,개념형 표현 2 · 핵심 주제 2 · 답안키워드 개념형 · 서술형 요구,"변압기의병렬운전조건에대하여설명하고,조건과다를경우발생하는현상에대하여설명하시오."
q-133-2-5,133회 2교시,송배전공학,발송배전,CT,25,standard,개념형 표현 2 · 핵심 주제 2 · 답안키워드 개념형 · 서술형 요구,지중전선로의전식(electrolyticcorrosion)의발생원인과전기방식(electrolyticprotection)에대하여설명하시오.
q-134-1-11,134회 1교시,송배전공학,발송배전,지중송전선로,25,standard,개념형 표현 2 · 핵심 주제 2 · 답안키워드 개념형 · 서술형 요구,지중송전선로에서발생할수있는프리스네이크(FreeSnake)현상과이를방지하기위한스네이크(Snake)포설방식에대하여설명하시오.
q-134-3-3,134회 3교시,송배전공학,발송배전,GIS,25,standard,개념형 표현 2 · 핵심 주제 2 · 답안키워드 개념형 · 서술형 요구,"가스절연개폐장치(GIS)진단방법과전력설비의예방보전방법(TBM,CBM)에대한개념을설명하시오."
q-135-1-9,135회 1교시,송배전공학,발송배전,캐비테이션,25,standard,개념형 표현 3 · 핵심 주제 1 · 서술형 요구,수차의캐비테이션(Cavitation)에대하여다음사항을설명하시오.1)정의2)장해및방지대책3)토마계수
q-135-4-2,135회 4교시,송배전공학,발송배전,보호계전기중거리계전기,25,standard,개념형 표현 5 · 핵심 주제 4 · 서술형 요구 · 기본개념 키워드 · 계산형 신호 4,"보호계전기중거리계전기에대하여다음사항을설명하시오.1)보호원리2)언더리치및오버리치개념3)보호범위및정정계산식유도4)고장점(아크)저항대책(Mho형)5)계전기임피던스(Ω)계산(소숫점세자리까지계산)(단,1차측임피던스1.0Ω,PT비345kV/110V,CT비4000/5이다.)"
q-135-4-3,135회 4교시,송배전공학,발송배전,변압기냉각방식,25,standard,개념형 표현 2 · 핵심 주제 2 · 답안키워드 개념형 · 서술형 요구,유입식변압기의냉각방식별국제규격표기(IEC/ANSI)와냉각방식을설명하시오.
q-108-1-4,108회 1교시,계통공학,발송배전,전압안정도,24,standard,개념형 표현 1 · 핵심 주제 4 · 답안키워드 개념형 · 서술형 요구,"부하단에서의전력과전압의관계를나타낸Pr-Vr곡선을그리고,부하의역률에따른전압안정도를설명하시오."
q-114-1-1,114회 1교시,계통공학,발송배전,전력조류계산,24,standard,개념형 표현 2 · 핵심 주제 1 · 답안키워드 개념형 · 서술형 요구 · 기본개념 키워드,"전력조류계산시,가우스-자이델법과뉴턴-랩슨법의특징을설명하시오."
q-117-4-5,117회 4교시,계통공학,발송배전,콘덴서개폐,24,standard,개념형 표현 2 · 핵심 주제 3 · 서술형 요구,콘덴서 개폐에 따른 계통상의 문제점을 설명하시오.
q-120-2-1,120회 2교시,계통공학,발송배전,배전계통,24,standard,개념형 표현 1 · 핵심 주제 4 · 답안키워드 개념형 · 서술형 요구,배전계통에사용하는보호기기의다음사항에대하여설명하시오.1)T-C특성곡선(Time-CurrentCharacteristicCurve)2)Pick-Up배수3)T-C특성곡선과Pick-Up배수의상호관계
q-120-3-1,120회 3교시,계통공학,발송배전,배전계통,24,standard,개념형 표현 2 · 핵심 주제 3 · 서술형 요구,배전계통에서플리커(Flicker)와고조파의원인및대책에대하여설명하시오.
q-122-2-1,122회 2교시,계통공학,발송배전,접지저항,24,standard,개념형 표현 1 · 핵심 주제 4 · 답안키워드 개념형 · 서술형 요구,"직접접지계통,고저항접지계통,비접지계통에서의지락과전류계전기결선방법에대하여각각설명하시오."
q-122-2-4,122회 2교시,계통공학,발송배전,인대용량발전원이전력계통,24,standard,개념형 표현 3 · 핵심 주제 1 · 답안키워드 개념형 · 서술형 요구 · 계산형 신호 1,전력계통에접속하여운전중인대용량발전원이전력계통으로부터갑자기탈락하는경우에나타나는현상과발·변전기기에미치는영향및정전범위축소를위한대책에대하여설명하시오.
q-129-4-4,129회 4교시,계통공학,발송배전,전력계통신뢰도,24,standard,개념형 표현 2 · 핵심 주제 3 · 서술형 요구,특고압배전계통의정전사고원인및전력공급신뢰도향상을위한정전사고예방대책에대하여설명하시오.
q-132-1-8,132회 1교시,계통공학,발송배전,무효전력,24,standard,개념형 표현 1 · 핵심 주제 4 · 답안키워드 개념형 · 서술형 요구,전력계통에서무효전력과전압의관계를벡터도를이용하여설명하시오.
q-133-1-9,133회 1교시,계통공학,발송배전,계통접지,24,standard,개념형 표현 2 · 핵심 주제 3 · 서술형 요구,계통접지에있어유효접지의의미와장·단점에대하여설명하시오.
q-133-2-1,133회 2교시,계통공학,발송배전,전력계통신뢰도,24,standard,개념형 표현 1 · 핵심 주제 4 · 답안키워드 개념형 · 서술형 요구,전력계통신뢰도확보를위해수립된분산형전원배전계통연계기술기준에서Hybrid분산형전원의ESS충·방전에대하여설명하시오.
q-134-1-1,134회 1교시,계통공학,발송배전,전력계통신뢰도,24,standard,개념형 표현 1 · 핵심 주제 4 · 답안키워드 개념형 · 서술형 요구,전력계통에서준수해야할「전력계통신뢰도및전기품질유지기준」에따른다음항목에대하여설명하시오.1)계통주파수조정및유지범위2)전압조정목표3)전압유지범위
q-134-3-2,134회 3교시,계통공학,발송배전,과도안정도,24,standard,개념형 표현 2 · 핵심 주제 3 · 서술형 요구,과도안정도향상대책에대하여설명하시오.
q-134-3-5,134회 3교시,계통공학,발송배전,배전계통,24,standard,개념형 표현 2 · 핵심 주제 3 · 서술형 요구,배전계통에서플리커(Flicker)와고조파의원인및대책에대하여설명하시오.
q-136-3-4,136회 3교시,계통공학,발송배전,분산전원,24,standard,개념형 표현 1 · 핵심 주제 4 · 답안키워드 개념형 · 서술형 요구,『분산형전원배전계통연계기술기준』에서아래사항에대하여설명하시오.1)감시및제어설비2)한전계통이상시분산형전원분리및재병입3)전기품질
q-107-1-5,107회 1교시,발전공학,발송배전,화력발전,24,standard,개념형 표현 1 · 핵심 주제 4 · 답안키워드 개념형 · 서술형 요구,화력발전소의 절탄기와 공기 예 열기에 대하여 설명 하시 오.
q-108-1-13,108회 1교시,발전공학,발송배전,발전기보호장치,24,standard,개념형 표현 1 · 핵심 주제 6 · 답안키워드 개념형 · 서술형 요구,전기설비기술기준에서정하는발전기등의보호장치에서발전기및연료전지의보호장치에대해설명하시오.
q-108-1-5,108회 1교시,발전공학,발송배전,원자력발전,24,standard,개념형 표현 1 · 핵심 주제 5 · 답안키워드 개념형 · 서술형 요구,화력또는원자력발전소를건설하기위한위치선정시고려해야할사항에대해설명하시오.
q-108-2-2,108회 2교시,발전공학,발송배전,발전기,24,standard,개념형 표현 2 · 핵심 주제 3 · 서술형 요구,"전력계통에사고발생시발전기의가속을억제하기위한안정도향상대책이필요하다.발전기1기무한대계통에있어서안정도향상을위한대책을설명하고,구체적인예(방안)를제시하시오."
q-110-1-2,110회 1교시,발전공학,발송배전,동기발전기,24,standard,개념형 표현 1 · 핵심 주제 4 · 답안키워드 개념형 · 서술형 요구,동기발전기의병렬운전시기전력의크기(전압)가다를경우발생되는현상에대하여설명하시오.
q-110-2-6,110회 2교시,발전공학,발송배전,화력발전,24,standard,개념형 표현 2 · 핵심 주제 3 · 서술형 요구,화석연료사용에따른환경문제는국가적으로시급한대책마련이요구되고있다.화력발전소에서의공해방지대책에대하여설명하시오.
q-114-2-2,114회 2교시,발전공학,발송배전,원자력발전,24,standard,개념형 표현 1 · 핵심 주제 4 · 답안키워드 개념형 · 서술형 요구,원자력발전의핵연료주기(NuclearFuelCycle)에대하여설명하시오.
q-118-3-6,118회 3교시,발전공학,발송배전,발전기,24,standard,개념형 표현 1 · 핵심 주제 4 · 답안키워드 개념형 · 서술형 요구,"사선상태에서고전압회전기기(발전기,전동기)의고정자권선절연진단방법에대하여설명하시오."
q-120-1-5,120회 1교시,발전공학,발송배전,태양광발전,24,standard,개념형 표현 1 · 핵심 주제 5 · 답안키워드 개념형 · 서술형 요구,"태양광또는풍력등을이용한신재생에너지발전과관련된아래의약어를설명하고,약어간의연관사항을설명하시오.1)RPS2)REC3)SMP4)1)～3)약어간의연관사항"
q-120-1-6,120회 1교시,발전공학,발송배전,동기화력synchronizingp,24,standard,개념형 표현 1 · 핵심 주제 4 · 답안키워드 개념형 · 서술형 요구,"전력계통의안정도에서동기화력(SynchronizingPower)을설명하고,1기무한대계통에서전력-상차각을이용한안정도판별에대하여설명하시오."
q-122-3-1,122회 3교시,발전공학,발송배전,발전기,24,standard,개념형 표현 1 · 핵심 주제 6 · 답안키워드 개념형 · 서술형 요구,발전기의고정자권선과회전자권선의과부하보호방법에대하여각각설명하시오.
q-125-3-1,125회 3교시,발전공학,발송배전,화력발전,24,standard,개념형 표현 2 · 핵심 주제 3 · 서술형 요구,화력발전소건설계획시환경적으로고려해야할사항과관련대책을설명하시오.
q-126-1-6,126회 1교시,발전공학,발송배전,분산전원재병입,24,standard,개념형 표현 1 · 핵심 주제 4 · 답안키워드 개념형 · 서술형 요구,태양광등분산형전원을배전계통에연계운전시배전계통의고장으로인한분산형전원의분리및재병입에대하여설명하시오.
q-127-3-5,127회 3교시,발전공학,발송배전,육상풍력·해상풍력,24,standard,개념형 표현 1 · 핵심 주제 5 · 답안키워드 개념형 · 서술형 요구,육상풍력과해상풍력개발시환경친화적풍력발전이되기위해고려해야할사항과환경훼손을최소화하기위한방안에대하여설명하시오.
q-129-2-6,129회 2교시,발전공학,발송배전,수력발전,24,standard,개념형 표현 1 · 핵심 주제 4 · 답안키워드 개념형 · 서술형 요구,수력발전소에대하여다음을설명하시오.(1)흡출관(DraftTube)(2)토마계수(ThomaFactor)와캐비테이션과의관계(베르누이의정리를이용하여설명)
q-130-4-6,130회 4교시,발전공학,발송배전,신재생발전기,24,standard,개념형 표현 1 · 핵심 주제 6 · 답안키워드 개념형 · 서술형 요구,"신재생발전기의송전계통연계시FRT(FaultRideThrough)의의미와기준에대하여설명하시오.1)FRT(FaultRideThrough)의의미2)계통연계유지기준3)무효전력공급능력기준4)유효,무효제어능력기준2-2"
q-132-1-6,132회 1교시,발전공학,발송배전,속도조정률,24,standard,개념형 표현 1 · 핵심 주제 5 · 답안키워드 개념형 · 서술형 요구,발전기의속도조정율과속도변동율을설명하시오.
q-132-1-9,132회 1교시,발전공학,발송배전,감속재·냉각재,24,standard,개념형 표현 1 · 핵심 주제 4 · 답안키워드 개념형 · 서술형 요구,원자력발전의감속재와냉각재의구비요건을설명하시오.
q-133-2-3,133회 2교시,발전공학,발송배전,KEC,24,standard,개념형 표현 1 · 핵심 주제 4 · 답안키워드 개념형 · 서술형 요구,한국전기설비규정(KEC)에따른다음설비에대한보호장치시설기준을설명하시오.1)발전기등(연료전지와상용전원의축전지포함)2)특고압용변압기3)조상설비
q-134-3-1,134회 3교시,발전공학,발송배전,수차발전기,24,standard,개념형 표현 1 · 핵심 주제 4 · 답안키워드 개념형 · 서술형 요구,수차발전기의다음항목에대하여설명하시오.1)무구속속도2)최대속도3)무부하속도
q-134-3-6,134회 3교시,발전공학,발송배전,신재생발전기,24,standard,개념형 표현 1 · 핵심 주제 6 · 답안키워드 개념형 · 서술형 요구,신재생발전기송전계통연계기술기준에따른다음항목에대하여설명하시오.1)계통연계유지기준2)무효전력공급능력3)유효·무효전력제어능력
q-136-1-2,136회 1교시,발전공학,발송배전,순시전압변동,24,standard,개념형 표현 1 · 핵심 주제 6 · 답안키워드 개념형 · 서술형 요구,『신재생발전기송전계통연계기술기준』에서계통고장으로인한순시전압변동에따른계통연계유지기준에대하여설명하시오.
q-136-3-5,136회 3교시,발전공학,발송배전,태양광발전,24,standard,개념형 표현 1 · 핵심 주제 6 · 답안키워드 개념형 · 서술형 요구,태양광발전시스템설계시고려사항에대하여설명하시오.
q-136-4-3,136회 4교시,발전공학,발송배전,발전기,24,standard,개념형 표현 1 · 핵심 주제 5 · 답안키워드 개념형 · 서술형 요구,발전기의전력()-주파수(ｆ)특성과부하의전력()-주파수(ｆ)특성에대하여설명하시오.
q-137-4-2,137회 4교시,발전공학,발송배전,태양광발전,24,standard,개념형 표현 1 · 핵심 주제 5 · 답안키워드 개념형 · 서술형 요구,태양광발전소설계시고려하여야할다음사항을설명하시오.1)단결정태양광모듈및태양광인버터선정시고려사항2)태양광모듈의개수및직·병렬회로설계방법
q-104-1-3,104회 1교시,송배전공학,발송배전,PSS,24,standard,개념형 표현 1 · 핵심 주제 4 · 답안키워드 개념형 · 서술형 요구,송전망에사용하는SPS(SpecialProtectionSystem)에대하여설명하시오.
q-107-3-5,107회 3교시,송배전공학,발송배전,유도장해,24,standard,개념형 표현 2 · 핵심 주제 3 · 서술형 요구,유도장해의 원인과 대책에 대하여 설명하시오.
q-108-3-6,108회 3교시,송배전공학,발송배전,HVDC,24,standard,개념형 표현 1 · 핵심 주제 4 · 답안키워드 개념형 · 서술형 요구,직류송전(HVDC)변환설비의전류형과전압형에대하여설명하시오.
q-108-4-5,108회 4교시,송배전공학,발송배전,유도장해,24,standard,개념형 표현 2 · 핵심 주제 3 · 서술형 요구,"송전전력선주위에있는통신선사이에발생할수있는유도장해에대한대책으로차폐선을가설한다.이때의차폐계수에대한식을유도하고,차폐효과에대하여설명하시오."
q-110-1-4,110회 1교시,송배전공학,발송배전,무부하변압기,24,standard,개념형 표현 1 · 핵심 주제 4 · 답안키워드 개념형 · 서술형 요구,무부하변압기1차차단장치가각상동시투입이되지않았을때의현상에대하여설명하시오.
q-110-1-5,110회 1교시,송배전공학,발송배전,변압기,24,standard,개념형 표현 1 · 핵심 주제 4 · 답안키워드 개념형 · 서술형 요구,변압기온도상승시험에대하여설명하시오.
q-110-3-4,110회 3교시,송배전공학,발송배전,변압기,24,standard,개념형 표현 1 · 핵심 주제 4 · 답안키워드 개념형 · 서술형 요구,변압기내부고장보호를위한기계식보호장치대하여설명하시오.
q-112-1-13,112회 1교시,송배전공학,발송배전,CT,24,standard,개념형 표현 1 · 핵심 주제 5 · 답안키워드 개념형 · 서술형 요구,변류기(CT)의 열적 과전류 강도와 기계적 과전류 강도에 대하여 설명하시오.
q-113-2-2,113회 2교시,송배전공학,발송배전,접지,24,standard,개념형 표현 1 · 핵심 주제 4 · 답안키워드 개념형 · 서술형 요구,"배전전력구의규모결정시고려사항및결정방법,접지시설방법에대하여각각설명하시오."
q-114-1-9,114회 1교시,송배전공학,발송배전,변압기,24,standard,개념형 표현 2 · 핵심 주제 3 · 서술형 요구,변압기의소음발생원인및저감대책에대하여설명하시오.
q-114-3-5,114회 3교시,송배전공학,발송배전,유도장해,24,standard,개념형 표현 2 · 핵심 주제 3 · 서술형 요구,전력선이통신선에근접해있을경우발생되는유도장해에대하여다음을설명하시오.1)정전유도및전자유도2)전력선측과통신선측면에서의유도장해경감대책
q-115-4-4,115회 4교시,송배전공학,발송배전,케이블,24,standard,개념형 표현 1 · 핵심 주제 4 · 답안키워드 개념형 · 서술형 요구,케이블에전기적고장이발생한경우사고점탐지법을3가지들고설명하시오.
q-119-2-1,119회 2교시,송배전공학,발송배전,보호대책,24,standard,개념형 표현 2 · 핵심 주제 3 · 서술형 요구,원자로의보호대책에대하여설명하시오.
q-119-4-1,119회 4교시,송배전공학,발송배전,배전선로무정전공법,24,standard,개념형 표현 1 · 핵심 주제 4 · 답안키워드 개념형 · 서술형 요구,"가공배전선로의무정전공법중공사용개폐기공법,바이패스케이블공법,이동용변압기차공법에대하여설명하시오."
q-120-1-8,120회 1교시,송배전공학,발송배전,가공송전선로,24,standard,개념형 표현 2 · 핵심 주제 3 · 서술형 요구,가공송전선로에서전선벌어짐현상(BirdCage)의발생원인과원인별방지대책을설명하시오.
q-120-4-3,120회 4교시,송배전공학,발송배전,접지,24,standard,개념형 표현 1 · 핵심 주제 4 · 답안키워드 개념형 · 서술형 요구,수변전설비에서접지설계시고려할사항을설명하시오.
q-121-1-5,121회 1교시,송배전공학,발송배전,3고조파,24,standard,개념형 표현 1 · 핵심 주제 4 · 답안키워드 개념형 · 서술형 요구,"기본파에3고조파가유입된경우고조파에의한역률저하현상을수식으로설명하시오.(단,3고조파전류()는기본파전류()의로한다.)"
q-121-3-2,121회 3교시,송배전공학,발송배전,수차비속도,24,standard,개념형 표현 2 · 핵심 주제 1 · 답안키워드 개념형 · 서술형 요구 · 기본개념 키워드,수차의성능이나특성을나타내는수차의비속도(특유속도)에대하여다음사항을설명하시오.1)수차종류에따른Ns(비속도)의한계값2)비속도와낙차와의관계 3)NSNHPm․kW임을증명
q-122-1-13,122회 1교시,송배전공학,발송배전,중성점접지리액터,24,standard,개념형 표현 1 · 핵심 주제 4 · 답안키워드 개념형 · 서술형 요구,소호환(ArcingRing)또는소호각(ArcingHorn)을설치하는이유를설명하시오.
q-122-3-6,122회 3교시,송배전공학,발송배전,피뢰기,24,standard,개념형 표현 1 · 핵심 주제 5 · 답안키워드 개념형 · 서술형 요구,배전선로용피뢰기의성능및시험과피뢰기설치기준을각각설명하시오.
q-123-3-1,123회 3교시,송배전공학,발송배전,단거리송전선로,24,standard,개념형 표현 1 · 핵심 주제 4 · 답안키워드 개념형 · 서술형 요구,단거리송전선로의단락고장을차단하는경우에발생하는근거리선로고장(SLF:ShortLineFault)의차단장애현상과차단시나타나는영점추이현상을설명하시오.
q-123-4-1,123회 4교시,송배전공학,발송배전,배전케이블,24,standard,개념형 표현 1 · 핵심 주제 4 · 답안키워드 개념형 · 서술형 요구,배전케이블의열화원인과열화형태및열화진단방법에대하여설명하시오.
q-124-4-2,124회 4교시,송배전공학,발송배전,해저케이블,24,standard,개념형 표현 1 · 핵심 주제 4 · 답안키워드 개념형 · 서술형 요구,해저케이블의보호방안을연안구간과항로구간으로구분하여설명하시오.
q-127-2-1,127회 2교시,송배전공학,발송배전,무화제도eersenergyeffi,24,standard,개념형 표현 2 · 핵심 주제 1 · 답안키워드 개념형 · 서술형 요구 · 기본개념 키워드,"스마트한전력수요관리를위한수요반응(DR,DemandResponse)의종류를설명하고에너지공급자효율향상의무화제도(EERS,EnergyEfficiencyResourceStandard)에대하여설명하시오."
q-127-2-5,127회 2교시,송배전공학,발송배전,고장점탐지,24,standard,개념형 표현 2 · 핵심 주제 3 · 서술형 요구,지중송전선로의케이블고장점탐지방법을5가지설명하시오.
q-127-4-4,127회 4교시,송배전공학,발송배전,고조파,24,standard,개념형 표현 1 · 핵심 주제 4 · 답안키워드 개념형 · 서술형 요구,"전기공급약관에서정하는고조파에대한허용치를설명하고,3상이평형인상태에서이평형전류에포함된제"
q-127-4-5,127회 4교시,송배전공학,발송배전,고조파,24,standard,개념형 표현 1 · 핵심 주제 4 · 답안키워드 개념형 · 서술형 요구,고조파전류가역상분임을증명하시오.5.V2G(VehicleToGrid)기술에대하여설명하시오.
q-132-1-2,132회 1교시,송배전공학,발송배전,서지흡수기,24,standard,개념형 표현 1 · 핵심 주제 4 · 답안키워드 개념형 · 서술형 요구,"서지흡수기(SurgeAbsorber)설치대상,설치위치및정격사항에대하여설명하시오."
q-133-1-11,133회 1교시,송배전공학,발송배전,피뢰기,24,standard,개념형 표현 1 · 핵심 주제 5 · 답안키워드 개념형 · 서술형 요구,피뢰기를피보호기기에근접하여설치하는이유에대하여설명하시오.
q-134-4-2,134회 4교시,송배전공학,발송배전,ESS,24,standard,개념형 표현 2 · 핵심 주제 3 · 서술형 요구,최근발생하고있는ESS(EnergyStorageSystem)화재사고원인및안전강화대책에대하여설명하시오.
q-136-2-6,136회 2교시,송배전공학,발송배전,지중케이블,24,standard,개념형 표현 2 · 핵심 주제 3 · 서술형 요구,"지중케이블진단법중VLF(VeryLowFrequency)시험의장점을설명하고VLF내전압시험,VLFTD(tanδ)시험,VLFPD(부분방전)시험에대하여각각설명하시오."
q-104-4-3,104회 4교시,계통공학,발송배전,부하응답모델,23,standard,개념형 표현 2 · 핵심 주제 1 · 답안키워드 개념형 · 서술형 요구,전력계통의부하모선에서의전압변동이그모선에접속된부하응답모델의소비전력에미치는영향에대하여설명하시오.
q-119-1-3,119회 1교시,계통공학,발송배전,전력시장운영,23,standard,개념형 표현 2 · 핵심 주제 1 · 답안키워드 개념형 · 서술형 요구,소규모신재생발전설비의증가로인하여전력시장에서발생하는부작용을해소하기위하여도입된‘소규모전력중개사업’에대하여설명하시오.
q-119-2-5,119회 2교시,계통공학,발송배전,전력계통신뢰도,23,standard,개념형 표현 2 · 핵심 주제 1 · 답안키워드 개념형 · 서술형 요구,전력계통의공급신뢰도향상대책에대하여설명하시오.
q-121-3-3,121회 3교시,계통공학,발송배전,X/RRatio,23,standard,개념형 표현 2 · 핵심 주제 3 · 답안키워드 개념형 · 서술형 요구 · 계산형 신호 1,전력계통고장계산시X/RRatio가나타내는의미와그크기에따라보호기기선정시어떠한영향이나타나는지설명하시오.
q-121-4-2,121회 4교시,계통공학,발송배전,이상전압,23,standard,개념형 표현 2 · 핵심 주제 1 · 답안키워드 개념형 · 서술형 요구,전력계통의절연은이상전압의크기에의해결정된다.전력계통에서발생하는내·외부이상전압의원인을열거하고각각설명하시오.
q-125-3-5,125회 3교시,계통공학,발송배전,blackout대정전발생원인,23,standard,개념형 표현 2 · 핵심 주제 1 · 답안키워드 개념형 · 서술형 요구,전력계통의blackout(대정전)발생원인을P-곡선및P-V곡선을그려서설명하고대정전의예방대책을설명하시오.
q-125-4-6,125회 4교시,계통공학,발송배전,계통전압이정격전압보다낮거나높,23,standard,개념형 표현 2 · 핵심 주제 1 · 답안키워드 개념형 · 서술형 요구,계통전압이정격전압보다낮거나높을경우전력계통에미치는영향을설명하시오. ※ .
q-130-2-3,130회 2교시,계통공학,발송배전,절연협조,23,standard,개념형 표현 2 · 핵심 주제 1 · 답안키워드 개념형 · 서술형 요구,계통을구성하는각종기기및전력설비의절연강도를선정하는전력계통절연협조(InsulationCoordination)에대하여설명하시오.
q-132-4-6,132회 4교시,계통공학,발송배전,전력계통사고파급,23,standard,개념형 표현 2 · 핵심 주제 1 · 답안키워드 개념형 · 서술형 요구,전력계통사고파급의원인과대책에대하여설명하시오.
q-135-4-1,135회 4교시,계통공학,발송배전,전력계통신뢰도,23,standard,개념형 표현 2 · 핵심 주제 1 · 답안키워드 개념형 · 서술형 요구,전력계통의공급신뢰도향상대책에대하여설명하시오.
q-137-1-13,137회 1교시,계통공학,발송배전,고조파발생원인,23,standard,개념형 표현 2 · 핵심 주제 1 · 답안키워드 개념형 · 서술형 요구,전력계통에서고조파가발생하는원인과각종기기에주는영향을설명하시오.
q-118-4-1,118회 4교시,발전공학,발송배전,고체산화물연료전지sofcsolid,23,standard,개념형 표현 2 · 핵심 주제 1 · 답안키워드 개념형 · 서술형 요구,"연료전지중고체산화물연료전지(SOFC,SolidOxideFuelCell)의특성과장·단점을설명하시오."
q-120-2-4,120회 2교시,발전공학,발송배전,전력계통,23,standard,개념형 표현 2 · 핵심 주제 3 · 답안키워드 개념형 · 서술형 요구 · 계산형 신호 1,전력계통의부하변동에따른다음사항에대하여설명하시오.1)발전기의출력분담2)부하추종예비력에대하여정의한후이것이부족할경우전력생산비용의상승이유
q-129-1-13,129회 1교시,발전공학,발송배전,태양광발전,23,standard,개념형 표현 3 · 핵심 주제 5 · 답안키워드 개념형 · 서술형 요구 · 계산형 신호 2,동기발전기의관성정수H[MW·sec/MVA]의정의를설명하고전력계통에태양광발전비중이증가할경우관성정수의변화와이변화가전력계통안정도에미치는영향을설명하시오.
q-107-3-1,107회 3교시,송배전공학,발송배전,전기방식電氣防飯,23,standard,개념형 표현 2 · 핵심 주제 1 · 답안키워드 개념형 · 서술형 요구,전기방식(電氣防飯)에 대하여 설명하시오
q-108-1-9,108회 1교시,송배전공학,발송배전,검측업무기본수행방향,23,standard,개념형 표현 2 · 핵심 주제 1 · 답안키워드 개념형 · 서술형 요구,공사감리업무수행시공사관리단계에서의검측업무기본수행방향및검측절차에대해설명하시오.
q-110-1-12,110회 1교시,송배전공학,발송배전,수용가측면,23,standard,개념형 표현 2 · 핵심 주제 1 · 답안키워드 개념형 · 서술형 요구,수용가측면에서의Flicker대책을설명하시오.
q-111-3-2,111회 3교시,송배전공학,발송배전,자동전압조절장치avr,23,standard,개념형 표현 1 · 핵심 주제 1 · 답안키워드 개념형 · 서술형 요구 · 기본개념 키워드,자동전압조절장치(AVR)의동작특성에관하여설명하시오.
q-112-1-5,112회 1교시,송배전공학,발송배전,대용량유입식변압기,23,standard,개념형 표현 2 · 핵심 주제 3 · 답안키워드 개념형 · 서술형 요구 · 계산형 신호 1,대용량 유입식변압기의 기계적보호장치인 부흐홀쯔계전기와 충격압력계전기를 비교 설명하시오.
q-113-1-5,113회 1교시,송배전공학,발송배전,핑galloping현상,23,standard,개념형 표현 2 · 핵심 주제 1 · 답안키워드 개념형 · 서술형 요구,갤로핑(Galloping)현상의원인및대책에대하여설명하시오.
q-114-4-4,114회 4교시,송배전공학,발송배전,전력수요관리,23,standard,개념형 표현 2 · 핵심 주제 1 · 답안키워드 개념형 · 서술형 요구,전력수요관리의유형을일부하변동곡선에적용하여설명하시오.
q-117-1-2,117회 1교시,송배전공학,발송배전,가공송전선로절연간격,23,standard,개념형 표현 2 · 핵심 주제 3 · 답안키워드 개념형 · 서술형 요구 · 계산형 신호 1,"154kV 가공송전선로 설계 시 적용되는 표준절연간격, 최소절연간격 및 이상시 절연 간격에 대하여 설명하시오."
q-118-1-3,118회 1교시,송배전공학,발송배전,열효율,23,standard,개념형 표현 2 · 핵심 주제 3 · 답안키워드 개념형 · 서술형 요구 · 계산형 신호 1,기력발전소의열효율에영향을미치는요소들에대하여설명하시오.
q-118-2-4,118회 2교시,송배전공학,발송배전,전력품질,23,standard,개념형 표현 2 · 핵심 주제 1 · 답안키워드 개념형 · 서술형 요구,전력품질의정의와평가지표에대하여설명하시오.
q-118-3-4,118회 3교시,송배전공학,발송배전,애자염진해,23,standard,개념형 표현 2 · 핵심 주제 1 · 답안키워드 개념형 · 서술형 요구,전선로나변전소에사용되는애자의염진해대책에대하여설명하시오.
q-119-2-4,119회 2교시,송배전공학,발송배전,법적인측면2열공급측면3전기공급측면,23,standard,개념형 표현 2 · 핵심 주제 1 · 답안키워드 개념형 · 서술형 요구,"집단에너지사업과구역전기사업을각각설명하고,1)법적인측면,2)열공급측면,3)전기공급측면,4)전기판매측면에서비교하여설명하시오."
q-121-1-11,121회 1교시,송배전공학,발송배전,고압케이블단면적,23,standard,개념형 표현 2 · 핵심 주제 3 · 답안키워드 개념형 · 서술형 요구 · 계산형 신호 1,단락전류에견딜수있는고압케이블의도체단면적(최소치)을구하기위해적용해야할사항을설명하시오.
q-122-1-5,122회 1교시,송배전공학,발송배전,부하응답모델,23,standard,개념형 표현 1 · 핵심 주제 1 · 답안키워드 개념형 · 서술형 요구 · 기본개념 키워드,부하의특성과동작을특정짓는부하모델중부하응답모델에대하여설명하시오.
q-124-1-2,124회 1교시,송배전공학,발송배전,한국형RE100,23,standard,개념형 표현 2 · 핵심 주제 1 · 답안키워드 개념형 · 서술형 요구,한국형RE100제도의필요성및주요이행방법을설명하시오.
q-125-1-3,125회 1교시,송배전공학,발송배전,전력구종합감시시스템,23,standard,개념형 표현 2 · 핵심 주제 1 · 답안키워드 개념형 · 서술형 요구,전력구종합감시시스템의구성설비및관리항목을설명하시오.
q-125-1-6,125회 1교시,송배전공학,발송배전,열효율,23,standard,개념형 표현 2 · 핵심 주제 3 · 답안키워드 개념형 · 서술형 요구 · 계산형 신호 1,기력발전에서열효율에영향을미치는요소를설명하시오.
q-125-2-3,125회 2교시,송배전공학,발송배전,디지털변전소,23,standard,개념형 표현 2 · 핵심 주제 1 · 답안키워드 개념형 · 서술형 요구,IEC61850에따른디지털변전소의구성방법및주요장치에대하여설명하시오.
q-126-1-11,126회 1교시,송배전공학,발송배전,소규모전력,23,standard,개념형 표현 2 · 핵심 주제 1 · 답안키워드 개념형 · 서술형 요구,"소규모전력중개사업의필요성,거래흐름도및활성화방안에대하여설명하시오."
q-126-2-6,126회 2교시,송배전공학,발송배전,PT,23,standard,개념형 표현 3 · 핵심 주제 4 · 답안키워드 개념형 · 서술형 요구 · 기본개념 키워드,"비접지보호에사용하는GPT의개요와CLR의사용목적을설명하고,22.9kV에사용하는CLR의크기(Ω)와용량(kW)을구하시오. ※ ."
q-126-4-6,126회 4교시,송배전공학,발송배전,전기품질,23,standard,개념형 표현 3 · 핵심 주제 2 · 서술형 요구 · 계산형 신호 1,"전기품질과관련한다음사항을설명하시오.1)플리커의시감도곡선,불유쾌한계곡선,크기,기준,경감대책2)순간전압강하발생원인,영향,경감대책 ※ ."
q-127-1-1,127회 1교시,송배전공학,발송배전,유전율·투자율,23,standard,개념형 표현 2 · 핵심 주제 1 · 답안키워드 개념형 · 서술형 요구,"유전율(Permittivity,ε)과투자율(Permeability,μ)을비교하여설명하시오."
q-127-1-13,127회 1교시,송배전공학,발송배전,STACIR/AW,23,standard,개념형 표현 2 · 핵심 주제 1 · 답안키워드 개념형 · 서술형 요구,"초내열알루미늄피복인바심알루미늄합금연선(STACIR/AW)의특성을설명하고,강심알루미늄연선(ACSR)A480(R)과A480(C)의차이및용도를설명하시오. ※ ."
q-128-3-1,128회 3교시,송배전공학,발송배전,수용가특고압수전설비정전작업,23,standard,개념형 표현 2 · 핵심 주제 1 · 답안키워드 개념형 · 서술형 요구,수용가특고압수전설비정전작업시고려해야할사항중다음의각항목을설명하시오.1)정전작업시안전조치2)정전작업상태유지절차3)정전작업순서4)정전작업시조치사항5)중대재해처벌등에관한법률(중대재해처벌법)
q-128-4-2,128회 4교시,송배전공학,발송배전,반영하여안정적이고경제적인전력공급,23,standard,개념형 표현 2 · 핵심 주제 1 · 답안키워드 개념형 · 서술형 요구,우리나라의지정학적요건및전력수요의특수성을반영하여안정적이고경제적인전력공급을위한발전소를건설하는경우발전방식별주요고려사항을설명하시오.
q-129-4-2,129회 4교시,송배전공학,발송배전,한국형RE100,23,standard,개념형 표현 3 · 핵심 주제 1 · 답안키워드 개념형 · 서술형 요구 · 수치 다수,한국형RE100제도(K-RE100)에대하여다음을설명하시오.(1)개요(2)필요성(3)이행수단
q-132-1-10,132회 1교시,송배전공학,발송배전,배전자동화,23,standard,개념형 표현 2 · 핵심 주제 1 · 답안키워드 개념형 · 서술형 요구,배전자동화시스템의주요기능에대하여설명하시오.
q-132-1-13,132회 1교시,송배전공학,발송배전,고압유도전동기,23,standard,개념형 표현 2 · 핵심 주제 1 · 답안키워드 개념형 · 서술형 요구,고압유도전동기의보호방식에대하여설명하시오.
q-135-1-10,135회 1교시,송배전공학,발송배전,가변속양수발전,23,standard,개념형 표현 2 · 핵심 주제 1 · 답안키워드 개념형 · 서술형 요구,가변속양수발전과일반양수발전을비교하여설명하시오.
q-136-1-3,136회 1교시,송배전공학,발송배전,암모니아혼소발전,23,standard,개념형 표현 2 · 핵심 주제 1 · 답안키워드 개념형 · 서술형 요구,암모니아혼소발전의장‧ 단점에대하여설명하시오.
q-107-1-7,107회 1교시,계통공학,발송배전,전압이너무높거나낮,22,standard,개념형 표현 1 · 핵심 주제 3 · 답안키워드 개념형 · 서술형 요구,전력계통에서 전압 이 너무 높거나 낮을 경우 나타나는 현상을 전력공급자 측 면에서 설명하시오
q-107-2-5,107회 2교시,계통공학,발송배전,안정도향상대책,22,standard,개념형 표현 2 · 핵심 주제 2 · 서술형 요구,전력계통의 안정도 향상대책에 대하여 설명하시오.
q-110-2-3,110회 2교시,계통공학,발송배전,중성점잔류전압,22,standard,개념형 표현 1 · 핵심 주제 3 · 답안키워드 개념형 · 서술형 요구,3상송전계통에서중성점잔류전압에대하여설명하시오.
q-110-4-2,110회 4교시,계통공학,발송배전,분산전원,22,standard,개념형 표현 1 · 핵심 주제 3 · 답안키워드 개념형 · 서술형 요구,분산형전원의전력계통연계시고려사항중FRT(FaultRideThrough)에대하여설명하시오.
q-112-4-6,112회 4교시,계통공학,발송배전,분산전원,22,standard,개념형 표현 1 · 핵심 주제 3 · 답안키워드 개념형 · 서술형 요구,분산형전원 배전계통 연계 기준에서 비정상 전압 혹은 비정상 주파수 발생 시 분산형 전원의 분리기준(시간)을 설명하시오.
q-115-4-5,115회 4교시,계통공학,발송배전,과도안정도,22,standard,개념형 표현 1 · 핵심 주제 3 · 답안키워드 개념형 · 서술형 요구,"전력계통의과도안정도해석에서다음을설명하시오.a)2회선중1선로의고장시,일정시간후고장난1회선이차단되었을경우등면적법으로안정도를판별하는방법b)임계고장제거시간(criticalclearingtime)"
q-117-1-10,117회 1교시,계통공학,발송배전,분산전원,22,standard,개념형 표현 1 · 핵심 주제 3 · 답안키워드 개념형 · 서술형 요구,분산형전원의 계통연계 시 고려사항을 설명하시오.
q-117-3-5,117회 3교시,계통공학,발송배전,전압안정도,22,standard,개념형 표현 1 · 핵심 주제 3 · 답안키워드 개념형 · 서술형 요구,전압 안정도를 P-V곡선을 이용하여 설명하시오.
q-122-4-2,122회 4교시,계통공학,발송배전,안정도향상대책,22,standard,개념형 표현 2 · 핵심 주제 2 · 서술형 요구,전력계통의안정도향상대책에대하여설명하시오.
q-129-2-3,129회 2교시,계통공학,발송배전,전압안정도,22,standard,개념형 표현 2 · 핵심 주제 2 · 서술형 요구,"P-V곡선및Q-V곡선을이용하여전압안정도를해석하고,전압안정도향상대책을설명하시오."
q-129-3-1,129회 3교시,계통공학,발송배전,전력계통신뢰도,22,standard,개념형 표현 1 · 핵심 주제 3 · 답안키워드 개념형 · 서술형 요구,재생에너지등분산형전원의증가에따른전력계통의신뢰도확보를위하여수립된분산형전원의배전계통연계기술기준에대하여다음을설명하시오.(1)동기화변수제한범위(2)전압과주파수의비정상상태운전지속시간및분리시간(3)전기품질(4)순시전압변동
q-129-3-5,129회 3교시,계통공학,발송배전,주파수변경운전,22,standard,개념형 표현 1 · 핵심 주제 3 · 답안키워드 개념형 · 서술형 요구,60Hz기기를50Hz에서운전할경우변압기와전동기의변화에대하여설명하시오.
q-129-4-1,129회 4교시,계통공학,발송배전,자동발전제어agcautomatic,22,standard,개념형 표현 1 · 핵심 주제 3 · 답안키워드 개념형 · 서술형 요구,"자동발전제어(AGC:AutomaticGenerationControl)에대하여설명하고,계통의운전상태(정상상태,비상상태,복구상태)에따른AGC운용방법을설명하시오."
q-130-3-6,130회 3교시,계통공학,발송배전,전압안정도,22,standard,개념형 표현 2 · 핵심 주제 2 · 서술형 요구,전력계통의전압안정도에대하여다음을설명하시오.1)모델계통활용P-V곡선유도및해석2)I-V곡선및Q-V곡선에의한전압안정도해석3)전압안정도향상대책2-2
q-131-1-7,131회 1교시,계통공학,발송배전,3권선변압기결선,22,standard,개념형 표현 1 · 핵심 주제 3 · 답안키워드 개념형 · 서술형 요구,송변전계통에사용되는전력용3권선변압기의결선을Y-Y-△로하는이유를설명하시오.
q-133-1-12,133회 1교시,계통공학,발송배전,전압무효전력,22,standard,개념형 표현 1 · 핵심 주제 3 · 답안키워드 개념형 · 서술형 요구,전력계통의전압무효전력의조정방법에대하여설명하시오.
q-133-1-7,133회 1교시,계통공학,발송배전,중성점잔류전압,22,standard,개념형 표현 1 · 핵심 주제 3 · 답안키워드 개념형 · 서술형 요구,3상송전계통에서중성점잔류전압에대하여설명하시오.
q-133-3-4,133회 3교시,계통공학,발송배전,전력계통신뢰도,22,standard,개념형 표현 2 · 핵심 주제 2 · 서술형 요구,"전기공급신뢰도와품질을평가하는지표인SAIFI(SystemAverageInterruptionFrequencyIndex),SAIDI(SystemAverageInterruptionDurationIndex)에대하여설명하고순간정전및순간저전압에의한피해를저감하기위한전원측및부하측대책을각각설명하시오."
q-133-4-4,133회 4교시,계통공학,발송배전,배전계통,22,standard,개념형 표현 1 · 핵심 주제 3 · 답안키워드 개념형 · 서술형 요구,배전계통에서OLS(OpenLoopSystem)와CLS(ClosedLoopSystem)에대하여설명하시오.
q-137-1-1,137회 1교시,계통공학,발송배전,분산전원,22,standard,개념형 표현 1 · 핵심 주제 3 · 답안키워드 개념형 · 서술형 요구,「분산형전원배전계통연계기술」의내용중다음사항에대하여설명하시오.1)단순병렬2)역송병렬3)단독운전(Islanding)상태4)자립운전(Stand-Alone)상태
q-108-3-5,108회 3교시,발전공학,발송배전,해상풍력발전,22,standard,개념형 표현 1 · 핵심 주제 3 · 답안키워드 개념형 · 서술형 요구,"해상풍력제어시스템의제어요소중정상한계내에서통제하고,유지해야할항목에대하여설명하시오."
q-112-1-10,112회 1교시,발전공학,발송배전,배압식터빈,22,standard,개념형 표현 1 · 핵심 주제 3 · 답안키워드 개념형 · 서술형 요구,배압식 터빈에 대하여 설명하시오.
q-113-4-1,113회 4교시,발전공학,발송배전,경제부하배분,22,standard,개념형 표현 1 · 핵심 주제 3 · 답안키워드 개념형 · 서술형 요구,화력발전소의연료비특성을설명하시오.
q-115-1-13,115회 1교시,발전공학,발송배전,발전기,22,standard,개념형 표현 1 · 핵심 주제 3 · 답안키워드 개념형 · 서술형 요구,발전기의전력(PG)-주파수(f)특성과부하의전력(PL)-주파수(f)특성에대하여설명하시오.
q-119-3-1,119회 3교시,발전공학,발송배전,발전기,22,standard,개념형 표현 2 · 핵심 주제 6 · 서술형 요구 · 계산형 신호 1,"발전기자기여자현상의정의및방지대책을기술하고,송전전압345kV"
q-122-1-1,122회 1교시,발전공학,발송배전,화력발전,22,standard,개념형 표현 1 · 핵심 주제 3 · 답안키워드 개념형 · 서술형 요구,화력발전소에사용되는다음의용어에대하여각각설명하시오. 1)증분연료비(IncrementalFuelCostofGeneration) 2)등증분연료비운전(OperationforEqualIncrementalFuelCost)
q-122-1-2,122회 1교시,발전공학,발송배전,추기복수식터빈,22,standard,개념형 표현 1 · 핵심 주제 3 · 답안키워드 개념형 · 서술형 요구,기력발전에사용되는추기복수식터빈과추기배압식터빈에대하여각각설명하시오.
q-126-1-13,126회 1교시,발전공학,발송배전,원자력발전,22,standard,개념형 표현 1 · 핵심 주제 3 · 답안키워드 개념형 · 서술형 요구,"화력발전소와원자력발전소의동기속도를설명하고,동기속도가다른이유와화력발전소에서재생사이클을설명하시오. ※ ."
q-127-3-4,127회 3교시,발전공학,발송배전,발전기,22,standard,개념형 표현 1 · 핵심 주제 3 · 답안키워드 개념형 · 서술형 요구,발전기회전자권선의층간단락확인방법을운전중인경우와정지중인경우로구분하여설명하시오.
q-128-1-11,128회 1교시,발전공학,발송배전,발전기,22,standard,개념형 표현 1 · 핵심 주제 3 · 답안키워드 개념형 · 서술형 요구,발전기의유효전력()-주파수(ｆ)특성과부하의유효전력()-주파수(ｆ)특성에대하여설명하시오.
q-131-2-1,131회 2교시,발전공학,발송배전,화력발전,22,standard,개념형 표현 1 · 핵심 주제 3 · 답안키워드 개념형 · 서술형 요구,"해외에화력발전소를신규건설시,타당성조사의업무수행사항및경제성분석방법을설명하시오."
q-136-3-1,136회 3교시,발전공학,발송배전,발전기,22,standard,개념형 표현 1 · 핵심 주제 3 · 답안키워드 개념형 · 서술형 요구,발전기에서발생할수있는아래비정상운전에대하여설명하시오.1)비동기운전(계자상실)2)동기발전기의동기전동기화운전3)비정상주파수운전4)불평형부하운전
q-104-1-13,104회 1교시,송배전공학,발송배전,CT,22,standard,개념형 표현 2 · 핵심 주제 3 · 답안키워드 개념형 · 서술형 요구 · 수치 다수,아래그림의다분기모선의F1점사고시모선보호용비율차동계전방식(Partialdifferentialprotection(87B))에대하여설명하시오. F1 87B1 87B2 N.OCB3N.CCB1 N.CCB2 Ⅰ1 Ⅰ Ⅰ2 BUS1 BUS2 P1+Q1 P2+Q2 T/L#1 T/L#2
q-104-2-5,104회 2교시,송배전공학,발송배전,변압기,22,standard,개념형 표현 3 · 핵심 주제 5 · 답안키워드 개념형 · 서술형 요구 · 계산형 신호 3,345kV변전소에서변압기1차측과전류계전기정정시다음사항을설명하시오.(1)여자돌입전류를고려한Digital계전기와Analog계전기에서정한시정정차이점(2)여자돌입전류메커니즘(Mechanism)및발생원인
q-107-1-6,107회 1교시,송배전공학,발송배전,가공송전선,22,standard,개념형 표현 1 · 핵심 주제 3 · 답안키워드 개념형 · 서술형 요구,가공송전선의 진동과 도약을 감소시키는 방법을 설명하시오.
q-110-1-1,110회 1교시,송배전공학,발송배전,정현파,22,standard,개념형 표현 1 · 핵심 주제 3 · 답안키워드 개념형 · 서술형 요구,정현파의실효값과평균값의의미를설명하시오.
q-110-3-5,110회 3교시,송배전공학,발송배전,전력케이블,22,standard,개념형 표현 1 · 핵심 주제 3 · 답안키워드 개념형 · 서술형 요구,전력케이블의트리(Tree)현상에대하여설명하시오.
q-111-1-12,111회 1교시,송배전공학,발송배전,AMI,22,standard,개념형 표현 1 · 핵심 주제 3 · 답안키워드 개념형 · 서술형 요구,"자동검침시스템인AMR과,첨단검침인프라AMI에대하여설명하시오."
q-112-1-1,112회 1교시,송배전공학,발송배전,지중케이블,22,standard,개념형 표현 2 · 핵심 주제 2 · 서술형 요구,지중케이블의 고장점 탐색 방법 중 머레이루프법(Murray Loop Method)에 대하여 설명하시오.
q-112-1-3,112회 1교시,송배전공학,발송배전,중성점잔류전압,22,standard,개념형 표현 1 · 핵심 주제 3 · 답안키워드 개념형 · 서술형 요구,송전선로에서 발생되는 중성점 잔류전압에 대하여 설명하시오.
q-113-1-10,113회 1교시,송배전공학,발송배전,피뢰기,22,standard,개념형 표현 1 · 핵심 주제 3 · 답안키워드 개념형 · 서술형 요구,피뢰기에관한다음의용어를설명하시오.1)정격전압2)제한전압3)방전전류4)상용주파방전개시전압5)충격방전개시전압2-1
q-113-3-4,113회 3교시,송배전공학,발송배전,가공송전선로,22,standard,개념형 표현 1 · 핵심 주제 3 · 답안키워드 개념형 · 서술형 요구,가공송전선로의이도측정법에대하여설명하시오.
q-114-4-2,114회 4교시,송배전공학,발송배전,PWR,22,standard,개념형 표현 1 · 핵심 주제 3 · 답안키워드 개념형 · 서술형 요구,가압수형원자로(PWR)와비등수형원자로(BWR)에대하여설명하시오.
q-115-1-1,115회 1교시,송배전공학,발송배전,CT,22,standard,개념형 표현 1 · 핵심 주제 3 · 답안키워드 개념형 · 서술형 요구,Faraday의전자유도법칙(lawofelectromagneticinduction)을설명하시오.
q-115-1-2,115회 1교시,송배전공학,발송배전,가공전선,22,standard,개념형 표현 1 · 핵심 주제 3 · 답안키워드 개념형 · 서술형 요구,가공전선의굵기결정시검토사항을설명하시오.
q-117-1-13,117회 1교시,송배전공학,발송배전,고조파,22,standard,개념형 표현 1 · 핵심 주제 3 · 답안키워드 개념형 · 서술형 요구,고조파 전류에 의한 장해를 설명하시오.
q-119-1-1,119회 1교시,송배전공학,발송배전,유전율,22,standard,개념형 표현 1 · 핵심 주제 3 · 답안키워드 개념형 · 서술형 요구,투자율(Permeability)과유전율(Permittivity)에대하여설명하시오.
q-119-1-7,119회 1교시,송배전공학,발송배전,가공송전선로,22,standard,개념형 표현 1 · 핵심 주제 3 · 답안키워드 개념형 · 서술형 요구,가공송전선로에서사용되는스페이서댐퍼(SpacerDamper)유지보수에사용되는공법중스페이서지그(SpacerJig)공법을설명하시오.
q-120-2-3,120회 2교시,송배전공학,발송배전,유도장해,22,standard,개념형 표현 2 · 핵심 주제 2 · 서술형 요구,송전선로에서발생하는유도장해의원인과대책을설명하시오.
q-121-3-5,121회 3교시,송배전공학,발송배전,주접지망,22,standard,개념형 표현 1 · 핵심 주제 3 · 답안키워드 개념형 · 서술형 요구,"발전소나변전소의주접지망(MainMesh)설계시설계순서를나열하고,그내용을설명하시오."
q-122-1-4,122회 1교시,송배전공학,발송배전,AMI,22,standard,개념형 표현 1 · 핵심 주제 3 · 답안키워드 개념형 · 서술형 요구,AMI(AdvancedMeteringInfrastructure)연계BTM(BehindTheMeter)서비스에대하여설명하시오.
q-123-1-8,123회 1교시,송배전공학,발송배전,접지전극을병렬로접지,22,standard,개념형 표현 1 · 핵심 주제 3 · 답안키워드 개념형 · 서술형 요구,"접지전극을병렬로접지할때집합계수η의의미를설명하고,그림과같이반경이r(m)인반구형전극을d(m)간격으로이격하여설치할경우η를반경r과간격d의함수로나타내고그특성을설명하시오."
q-123-3-2,123회 3교시,송배전공학,발송배전,ESS,22,standard,개념형 표현 1 · 핵심 주제 3 · 답안키워드 개념형 · 서술형 요구,"경수감속가압수형원자로(PressurizedWaterReactor,PWR)와중수감속가압중수형원자로(CanadianDeuteriumNaturalUraniumReactor,CANDU)에대하여설명하시오."
q-123-4-6,123회 4교시,송배전공학,발송배전,전압변동률,22,standard,개념형 표현 1 · 핵심 주제 3 · 답안키워드 개념형 · 서술형 요구,변압기무부하시험및단락시험을설명하고이를통한변압기정수와전압변동률을설명하시오. ※ .
q-125-2-4,125회 2교시,송배전공학,발송배전,역률,22,standard,개념형 표현 1 · 핵심 주제 3 · 답안키워드 개념형 · 서술형 요구,역률개선효과를관련수식을이용하여설명하시오.
q-129-1-8,129회 1교시,송배전공학,발송배전,가공송전선,22,standard,개념형 표현 1 · 핵심 주제 3 · 답안키워드 개념형 · 서술형 요구,가공송전선의이도측정방법4가지를설명하시오.
q-130-1-7,130회 1교시,송배전공학,발송배전,가공송전선로,22,standard,개념형 표현 1 · 핵심 주제 3 · 답안키워드 개념형 · 서술형 요구,가공송전선로의활선상태에서불량현수애자검출방법에대하여설명하시오.
q-131-1-1,131회 1교시,송배전공학,발송배전,자기여자현상,22,standard,개념형 표현 2 · 핵심 주제 2 · 서술형 요구,유도전동기의자기여자현상과그대책에대하여설명하시오.
q-133-1-10,133회 1교시,송배전공학,발송배전,변압기비율차동보호,22,standard,개념형 표현 1 · 핵심 주제 3 · 답안키워드 개념형 · 서술형 요구,변압기의내부고장보호를위해비율차동계전기를사용할경우고려사항에대하여설명하시오.
q-134-1-12,134회 1교시,송배전공학,발송배전,가공송전선,22,standard,개념형 표현 1 · 핵심 주제 3 · 답안키워드 개념형 · 서술형 요구,가공송전선에서발생할수있는부식에대하여설명하시오.
q-134-4-1,134회 4교시,송배전공학,발송배전,공급하기위하여배전선,22,standard,개념형 표현 1 · 핵심 주제 3 · 답안키워드 개념형 · 서술형 요구,신도시에전력을공급하기위하여배전선로를신설할경우고려사항에대하여설명하시오.
q-134-4-5,134회 4교시,송배전공학,발송배전,콘덴서개폐,22,standard,개념형 표현 1 · 핵심 주제 3 · 답안키워드 개념형 · 서술형 요구,콘덴서의개폐서지에대하여설명하시오.
q-136-1-7,136회 1교시,송배전공학,발송배전,전압변동률,22,standard,개념형 표현 1 · 핵심 주제 3 · 답안키워드 개념형 · 서술형 요구,변압기의전압변동률에대하여설명하시오.
q-136-1-8,136회 1교시,송배전공학,발송배전,계전기부담,22,standard,개념형 표현 1 · 핵심 주제 3 · 답안키워드 개념형 · 서술형 요구,계전기부담(Burden)에대하여설명하시오.
q-136-4-2,136회 4교시,송배전공학,발송배전,계기용변류기,22,standard,개념형 표현 1 · 핵심 주제 3 · 답안키워드 개념형 · 서술형 요구,계기용변류기(CT)의철심포화시2차측전류및전압의변화에대하여설명하시오.
q-114-4-6,114회 4교시,계통공학,발송배전,배전계통,21,standard,개념형 표현 2 · 핵심 주제 2 · 답안키워드 개념형 · 서술형 요구 · 계산형 신호 1,"배전계통의손실계수,부하율과손실계수와관계및분산손실계수에대하여설명하시오. 청렴은 건전한 국가 재정의 첫걸음"
q-127-2-4,127회 2교시,계통공학,발송배전,분산전원,21,standard,개념형 표현 2 · 핵심 주제 2 · 답안키워드 개념형 · 서술형 요구 · 계산형 신호 1,"분산전원의연계위치,용량및역률이배전계통의전압변동에미치는영향에대하여설명하시오."
q-131-1-10,131회 1교시,계통공학,발송배전,분산전원,21,standard,개념형 표현 2 · 핵심 주제 2 · 답안키워드 개념형 · 서술형 요구 · 계산형 신호 1,"분산전원의연계위치,용량및역률에따라배전계통의전압변동에미치는영향에대하여각각설명하시오."
q-135-1-4,135회 1교시,계통공학,발송배전,과도안정도,21,standard,개념형 표현 2 · 핵심 주제 2 · 답안키워드 개념형 · 서술형 요구 · 계산형 신호 1,단단법(stepbystepmethod)에의한과도안정도계산에대하여다음사항을설명하시오.1)정의2)동요방정식(SwingEquation)해석3)고장계산
q-137-4-5,137회 4교시,계통공학,발송배전,배전손실,21,standard,개념형 표현 3 · 핵심 주제 1 · 서술형 요구 · 계산형 신호 1,우리나라송배전손실에대한다음사항을설명하시오.1)전력계통의손실에영향을주는요소2)송배전손실의감소요인3)배전선로의손실경감대책
q-114-4-1,114회 4교시,발전공학,발송배전,발전기출력가능곡선,21,standard,개념형 표현 2 · 핵심 주제 2 · 답안키워드 개념형 · 서술형 요구 · 계산형 신호 1,동기발전기출력가능곡선(CapabilityCurve)을이용하여동기발전기의운전제한조건및운전시주의사항을설명하시오.
q-120-1-11,120회 1교시,발전공학,발송배전,태양광인버터효율,21,standard,개념형 표현 2 · 핵심 주제 2 · 답안키워드 개념형 · 서술형 요구 · 계산형 신호 1,태양광발전시스템에서인버터의단독운전방지를위한수동적검출방식과능동적검출방식에대하여설명하시오.
q-132-3-3,132회 3교시,발전공학,발송배전,발전기출력가능곡선,21,standard,개념형 표현 2 · 핵심 주제 2 · 답안키워드 개념형 · 서술형 요구 · 계산형 신호 1,발전기가능출력곡선에대하여다음사항을설명하시오.1)정의2)운전영역및한계곡선3)출력한계를결정하는요인
q-137-4-4,137회 4교시,발전공학,발송배전,단자정수는a=098b=j707c=,21,standard,개념형 표현 5 · 핵심 주제 4 · 서술형 요구 · 기본개념 키워드 · 계산형 신호 5,"단자정수는A=0.98,B=j70.7,C=j0.56× ,D=0.98이다.무부하시에송전단에154kV를인가할때다음을구하시오.1)수전단전압및송전단전류2)수전단전압을140kV로유지하는데소요될수전단조상설비용량4.터빈발전기냉각방식중수소냉각방식에대하여다음을설명하시오.1)수소냉각방식의원리및장점2)수소냉각방식을채용하는이유3)수소냉각방식채용에따른안전대책"
q-108-4-2,108회 4교시,송배전공학,발송배전,송전용량,21,standard,개념형 표현 2 · 핵심 주제 2 · 답안키워드 개념형 · 서술형 요구 · 계산형 신호 1,"장거리송전선로의송전용량결정시고려해야할조건을제시하고,송전용량을결정하기위한고유부하법과송전용량계수법에대해설명하시오."
q-111-1-7,111회 1교시,송배전공학,발송배전,양수발전소,21,standard,개념형 표현 2 · 핵심 주제 2 · 답안키워드 개념형 · 서술형 요구 · 계산형 신호 1,양수발전소는저수지용량에따라운전시간이달라진다.운전시간에따른양수발전소의운전방식에대하여설명하시오.
q-111-2-5,111회 2교시,송배전공학,발송배전,변위전류,21,standard,개념형 표현 2 · 핵심 주제 2 · 답안키워드 개념형 · 서술형 요구 · 계산형 신호 1,변위전류에대하여다음물음에답하시오.1)전도전류와변위전류의개념을설명하시오.2)전력용유입콘덴서에유전율이2인절연유에인가된전계가sin(V/m)일때콘덴서내부에서변위전류밀도(A/m2)를계산하시오.
q-126-4-4,126회 4교시,송배전공학,발송배전,계전기,21,standard,개념형 표현 2 · 핵심 주제 2 · 답안키워드 개념형 · 서술형 요구 · 계산형 신호 1,"단락방향계전방식을90°진상전류법으로설명하고,계전기의최대토크각을설명하시오.(단,선로의임피던스각은70°이다.)"
q-131-1-9,131회 1교시,송배전공학,발송배전,단권변압기,21,standard,개념형 표현 2 · 핵심 주제 2 · 답안키워드 개념형 · 서술형 요구 · 계산형 신호 1,단권변압기의구조와권수비및용량에대하여설명하시오.
q-131-4-5,131회 4교시,송배전공학,발송배전,전력원선도,21,standard,개념형 표현 2 · 핵심 주제 2 · 답안키워드 개념형 · 서술형 요구 · 계산형 신호 1,전력원선도에관한다음을설명하시오.1)전력원선도개념2)전력원선도로부터파악할수있는사항3)일정역률의부하를증가시키는경우에정전압을유지하기위한수전단의조상설비운용방법
q-134-1-3,134회 1교시,송배전공학,발송배전,단권변압기,21,standard,개념형 표현 2 · 핵심 주제 2 · 답안키워드 개념형 · 서술형 요구 · 계산형 신호 1,단권변압기의다음항목에대하여설명하시오.1)결선도2)용량및권수비3)장점
q-137-2-4,137회 2교시,송배전공학,발송배전,지중케이블,21,standard,개념형 표현 3 · 핵심 주제 3 · 서술형 요구 · 계산형 신호 2,"지중케이블의시스유기전압저감대책을설명하고,다음그림의크로스본드접지방식에서유기전압을구하시오."
q-137-3-4,137회 3교시,송배전공학,발송배전,저항3ω에흐르는전류ia,21,standard,개념형 표현 2 · 핵심 주제 2 · 답안키워드 개념형 · 서술형 요구 · 계산형 신호 1,"다음4가지정리의개념을설명하고,아래회로에서각각의방법으로저항3Ω에흐르는전류I(A)를구하시오.1)중첩의정리2)테브난의정리3)밀만의정리4)노튼의정리"
q-104-1-7,104회 1교시,계통공학,발송배전,수전단전압,20,standard,개념형 표현 1 · 핵심 주제 2 · 답안키워드 개념형 · 서술형 요구,전력계통에서수전단전압과송전전력과의관계에대하여설명하시오.
q-110-4-3,110회 4교시,계통공학,발송배전,때영상정상역상대칭분회,20,standard,개념형 표현 1 · 핵심 주제 2 · 답안키워드 개념형 · 서술형 요구,"그림과같은계통의선로중앙에서1선지락고장이발생했을때영상,정상,역상대칭분회로및등가회로를그리고설명하시오."
q-111-2-1,111회 2교시,계통공학,발송배전,참고하여등면적법,20,standard,개념형 표현 1 · 핵심 주제 2 · 답안키워드 개념형 · 서술형 요구,"아래그림을참고하여등면적법에대하여설명하시오.(단,가속·감속영역을과도안정도와연관하여설명할것)"
q-111-2-2,111회 2교시,계통공학,발송배전,고장전류,20,standard,개념형 표현 2 · 핵심 주제 3 · 서술형 요구 · 계산형 신호 1,계통에서고장발생시고장전류저감을위한대책방안을설명하시오.
q-113-4-2,113회 4교시,계통공학,발송배전,전력계통주파수,20,standard,개념형 표현 1 · 핵심 주제 2 · 답안키워드 개념형 · 서술형 요구,전력계통에서주파수변동및부하변동의원인과특성에대하여각각설명하시오.
q-117-2-1,117회 2교시,계통공학,발송배전,전력계통신뢰도,20,standard,개념형 표현 1 · 핵심 주제 2 · 답안키워드 개념형 · 서술형 요구,다음은 전력계통에서 준수해야 할 ‘전력계통 신뢰도 및 전기품질 유지기준’ 항목이다. 각각에 대하여 설명하시오. (1) 전압조정 목표 (
q-117-3-6,117회 3교시,계통공학,발송배전,단락전류억제대책,20,standard,개념형 표현 2 · 핵심 주제 3 · 서술형 요구 · 계산형 신호 1,전력계통의 단락전류 억제대책을 설명하시오.
q-118-1-7,118회 1교시,계통공학,발송배전,부하응답모델,20,standard,개념형 표현 1 · 핵심 주제 2 · 답안키워드 개념형 · 서술형 요구,전력계통의특성해석을위한부하응답모델에대하여설명하시오.
q-121-2-6,121회 2교시,계통공학,발송배전,절연레벨,20,standard,개념형 표현 1 · 핵심 주제 4 · 답안키워드 개념형 · 서술형 요구 · 계산형 신호 1,"절연레벨에따른절연방법을설명하고,우리나라계통에서저감절연채택이가능한이유에대하여피뢰기제한전압을중심으로설명하시오."
q-123-4-5,123회 4교시,계통공학,발송배전,HVDC,20,standard,개념형 표현 1 · 핵심 주제 4 · 답안키워드 개념형 · 서술형 요구 · 계산형 신호 1,기존교류전력계통에500kVHVDC(HighVoltageDirectCurrent)가도입될경우전력계통안정성측면에서고려해야할기술적사항과안정도판별법에대하여설명하시오.
q-126-3-4,126회 3교시,계통공학,발송배전,원활하게하기위하여유연성flexib,20,standard,개념형 표현 1 · 핵심 주제 2 · 답안키워드 개념형 · 서술형 요구,"전력계통에서전력공급을원활하게하기위하여유연성(Flexibility)이필요한이유에대하여설명하고,유연자원(FlexibleResource)을①발전설비,②전력망설비,③에너지저장장치(ESS)측면으로구분하여설명하시오."
q-129-2-1,129회 2교시,계통공학,발송배전,22.9kV케이블,20,standard,개념형 표현 1 · 핵심 주제 4 · 답안키워드 개념형 · 서술형 요구 · 계산형 신호 1,우리나라22.9kV-y배전계통에서사용하는지중배전케이블의절연열화원인과진단법에대하여설명하시오.
q-136-3-2,136회 3교시,계통공학,발송배전,초고압계통전력케이블,20,standard,개념형 표현 1 · 핵심 주제 2 · 답안키워드 개념형 · 서술형 요구,초고압계통전력케이블에서발생하는시스유기전압에대하여설명하시오.
q-108-2-5,108회 2교시,발전공학,발송배전,목재펠릿woodpellet보일러,20,standard,개념형 표현 1 · 핵심 주제 2 · 답안키워드 개념형 · 서술형 요구,목재펠릿(WoodPellet)보일러시스템의안전장치항목및판정기준에대해설명하시오.
q-110-1-10,110회 1교시,발전공학,발송배전,동수력학,20,standard,개념형 표현 1 · 핵심 주제 2 · 답안키워드 개념형 · 서술형 요구,동수력학에서연속의정리와베르누이의정리를설명하시오.
q-111-1-1,111회 1교시,발전공학,발송배전,풍력발전,20,standard,개념형 표현 1 · 핵심 주제 4 · 답안키워드 개념형 · 서술형 요구 · 계산형 신호 1,우리나라전력계통에신규로연계될때요구되는풍력발전기(20MW이상)의형식과해당발전기의특성을설명하시오.
q-113-1-11,113회 1교시,발전공학,발송배전,태양광발전,20,standard,개념형 표현 1 · 핵심 주제 2 · 답안키워드 개념형 · 서술형 요구,태양광발전시스템에서바이패스다이오드(Bypassdiode)와역전류방지다이오드(Blockingdiode)에대하여설명하시오.
q-113-1-6,113회 1교시,발전공학,발송배전,열효율,20,standard,개념형 표현 1 · 핵심 주제 4 · 답안키워드 개념형 · 서술형 요구 · 계산형 신호 1,가스터빈의열효율을P-V선도를이용하여설명하고이용가능한에너지면적을표시하시오.
q-114-2-1,114회 2교시,발전공학,발송배전,개방사이클가스터빈,20,standard,개념형 표현 1 · 핵심 주제 2 · 답안키워드 개념형 · 서술형 요구,개방사이클가스터빈과밀폐사이클가스터빈에대하여설명하시오.
q-117-1-4,117회 1교시,발전공학,발송배전,정리bernoulli’stheor,20,standard,개념형 표현 1 · 핵심 주제 2 · 답안키워드 개념형 · 서술형 요구,동수력학에서 베르누이의 정리(Bernoulli’s Theorem)를 설명하시오.
q-119-1-13,119회 1교시,발전공학,발송배전,원자력발전,20,standard,개념형 표현 1 · 핵심 주제 2 · 답안키워드 개념형 · 서술형 요구,원자력발전에관한다음용어를설명하시오.1)붕괴열2)전자볼트(eV:ElectronVolt)3)α선(AlphaRadiation)
q-120-2-5,120회 2교시,발전공학,발송배전,발전기출력가능곡선,20,standard,개념형 표현 1 · 핵심 주제 4 · 답안키워드 개념형 · 서술형 요구 · 계산형 신호 1,"터빈발전기의가능출력곡선을나타내고,전압제어를위한무효전력공급원으로서의발전기를설명하시오."
q-121-1-7,121회 1교시,발전공학,발송배전,덕커브,20,standard,개념형 표현 1 · 핵심 주제 2 · 답안키워드 개념형 · 서술형 요구,태양광발전량이늘어나면서나타날수있는덕커브(DuckCurve)현상에대하여설명하시오.
q-126-2-4,126회 2교시,발전공학,발송배전,속도조정률,20,standard,개념형 표현 1 · 핵심 주제 4 · 답안키워드 개념형 · 서술형 요구 · 계산형 신호 1,"발전기의출력과주파수의관계를설명하고,속도조정률및조속기프리운전에대하여설명하시오."
q-128-1-3,128회 1교시,발전공학,발송배전,태양광인버터효율,20,standard,개념형 표현 1 · 핵심 주제 6 · 답안키워드 개념형 · 서술형 요구 · 계산형 신호 1,"태양광발전소의‘인버터효율’과이를대표하는최대효율,유로효율,CEC(CaliforniaEnergyCommission)효율을설명하시오."
q-133-3-5,133회 3교시,발전공학,발송배전,최적경제운용,20,standard,개념형 표현 1 · 핵심 주제 2 · 답안키워드 개념형 · 서술형 요구,"낙차변동을무시할수있을경우,수·화력계통의최적경제운용에대하여설명하시오."
q-135-1-13,135회 1교시,발전공학,발송배전,발전기,20,standard,개념형 표현 1 · 핵심 주제 4 · 답안키워드 개념형 · 서술형 요구 · 계산형 신호 1,발전기의다음사항을설명하시오.1)출력과주파수관계2)속도조정률과조속기프리운전2-2
q-135-1-6,135회 1교시,발전공학,발송배전,개방사이클가스터빈,20,standard,개념형 표현 1 · 핵심 주제 2 · 답안키워드 개념형 · 서술형 요구,개방사이클가스터빈과밀폐사이클가스터빈을설명하시오.
q-136-1-4,136회 1교시,발전공학,발송배전,토리첼리정리,20,standard,개념형 표현 1 · 핵심 주제 2 · 답안키워드 개념형 · 서술형 요구,동수력학에서토리첼리(Torricelli)의정리에대하여설명하시오.
q-136-2-3,136회 2교시,발전공학,발송배전,대용량발전기,20,standard,개념형 표현 1 · 핵심 주제 4 · 답안키워드 개념형 · 서술형 요구 · 계산형 신호 1,대용량발전기진상운전시고려사항에대하여설명하시오.
q-137-2-2,137회 2교시,발전공학,발송배전,풍력발전,20,standard,개념형 표현 1 · 핵심 주제 5 · 답안키워드 개념형 · 서술형 요구 · 계산형 신호 1,풍력발전의다음사항에대하여설명하시오.1)이론출력식2)출력제어방법3)아래출력특성곡선에서4개의주요영역
q-104-1-1,104회 1교시,송배전공학,발송배전,과전류보호계전기협조,20,standard,개념형 표현 1 · 핵심 주제 4 · 답안키워드 개념형 · 서술형 요구 · 계산형 신호 1,"6.6kV또는13.8kV급공장구내에설치된한시과전류보호계전기상호간의협조시간간격을제시하고,이간격을유지하기위한시간협조항목을설명하시오."
q-104-1-11,104회 1교시,송배전공학,발송배전,신뢰도,20,standard,개념형 표현 1 · 핵심 주제 2 · 답안키워드 개념형 · 서술형 요구,전력시스템의기본신뢰도지수에관하여설명하시오.
q-104-1-2,104회 1교시,송배전공학,발송배전,고압전동기용과전류계전기,20,standard,개념형 표현 1 · 핵심 주제 4 · 답안키워드 개념형 · 서술형 요구 · 계산형 신호 1,고압전동기용과전류계전기(50/51)를정정하는방법을설명하시오.
q-110-1-9,110회 1교시,송배전공학,발송배전,거리계전기,20,standard,개념형 표현 1 · 핵심 주제 2 · 답안키워드 개념형 · 서술형 요구,거리계전기의언더리치(Underreach)와오버리치(Overreach)에대하여설명하시오.
q-110-3-3,110회 3교시,송배전공학,발송배전,피뢰기,20,standard,개념형 표현 1 · 핵심 주제 2 · 답안키워드 개념형 · 서술형 요구,피뢰기설치위치와피뢰기의정격전압결정시고려할사항에대하여설명하시오.
q-112-1-6,112회 1교시,송배전공학,발송배전,몰드mold변압기,20,standard,개념형 표현 1 · 핵심 주제 2 · 답안키워드 개념형 · 서술형 요구,몰드(Mold) 변압기 제조방법에 대하여 설명하시오.
q-113-1-4,113회 1교시,송배전공학,발송배전,관로내케이블,20,standard,개념형 표현 1 · 핵심 주제 2 · 답안키워드 개념형 · 서술형 요구,관로내케이블설치시발생하는잼레이쇼(JamRatio)에대하여설명하시오.
q-114-1-2,114회 1교시,송배전공학,발송배전,전압분포,20,standard,개념형 표현 1 · 핵심 주제 2 · 답안키워드 개념형 · 서술형 요구,현수애자련의전압분포및각애자에전압분담을균등하게하는방법을설명하시오.
q-115-1-6,115회 1교시,송배전공학,발송배전,변압기각변위,20,standard,개념형 표현 1 · 핵심 주제 2 · 답안키워드 개념형 · 서술형 요구,"변압기의Y-Δ,Δ-Y,Δ-Δ,Y-Y결선에서전압의각변위(angulardisplacement)에대하여설명하시오."
q-117-1-11,117회 1교시,송배전공학,발송배전,전력케이블,20,standard,개념형 표현 1 · 핵심 주제 2 · 답안키워드 개념형 · 서술형 요구,전력케이블의 열화 검출 방법 중 정전 진단 방법을 설명하시오.
q-117-1-5,117회 1교시,송배전공학,발송배전,몰드변압기,20,standard,개념형 표현 1 · 핵심 주제 2 · 답안키워드 개념형 · 서술형 요구,몰드 변압기의 공장검사 시험항목에 대하여 설명하시오.
q-117-4-1,117회 4교시,송배전공학,발송배전,복도체가공송전선로,20,standard,개념형 표현 1 · 핵심 주제 2 · 답안키워드 개념형 · 서술형 요구,"복도체 가공송전선로의 서브스판 진동(Subspan Oscillation)에 대해서 설명하고,"
q-117-4-2,117회 4교시,송배전공학,발송배전,송전선로,20,standard,개념형 표현 1 · 핵심 주제 2 · 답안키워드 개념형 · 서술형 요구,도체 송전선로보다 4도체 송전선로가 서브스판 진동에 더 취약한 이유를 설명하시오. 2. 그림과 같은
q-118-4-3,118회 4교시,송배전공학,발송배전,유입식변압기,20,standard,개념형 표현 1 · 핵심 주제 2 · 답안키워드 개념형 · 서술형 요구,유입식변압기의유중가스를이용한상태진단및고장진단방법에대하여설명하시오.
q-119-1-5,119회 1교시,송배전공학,발송배전,THD,20,standard,개념형 표현 1 · 핵심 주제 2 · 답안키워드 개념형 · 서술형 요구,종합고조파왜형률(THD:TotalHarmonicsDistortion)과등가방해전류(EDC:EquivalentDisturbingCurrent)를설명하시오.
q-120-1-2,120회 1교시,송배전공학,발송배전,허용인체통,20,standard,개념형 표현 1 · 핵심 주제 2 · 답안키워드 개념형 · 서술형 요구,허용인체통과전류의안전한계에대하여설명하시오.
q-120-4-1,120회 4교시,송배전공학,발송배전,역률,20,standard,개념형 표현 1 · 핵심 주제 2 · 답안키워드 개념형 · 서술형 요구,배전선로에서역률개선에따른효과에대하여설명하시오.
q-120-4-2,120회 4교시,송배전공학,발송배전,㎸배전선,20,standard,개념형 표현 1 · 핵심 주제 4 · 답안키워드 개념형 · 서술형 요구 · 계산형 신호 1,아래의22.9㎸배전선로보호장치정정기준에대하여설명하시오.1)변전소계전기(Relay)2)자동재폐로차단기(Recloser)3)선로용휴즈(Fuse)
q-120-4-4,120회 4교시,송배전공학,발송배전,최대송전가능점,20,standard,개념형 표현 1 · 핵심 주제 2 · 답안키워드 개념형 · 서술형 요구,부하전류와수전단전압과의관계인I-V곡선과송전전력과수전단전압과의관계인P-V곡선을이용하여안정운전영역과최대송전가능점을표기하고그이유를설명하시오.
q-122-4-1,122회 4교시,송배전공학,발송배전,IGCC,20,standard,개념형 표현 1 · 핵심 주제 2 · 답안키워드 개념형 · 서술형 요구,IGCC(IntegratedGasificationCombinedCycle)와IGFC(IntegratedGasificationFuelCellCombinedCycle)에대하여설명하시오.
q-124-3-6,124회 3교시,송배전공학,발송배전,k-factor변압기,20,standard,개념형 표현 1 · 핵심 주제 2 · 답안키워드 개념형 · 서술형 요구,"K-Factor변압기에대하여설명하고,K-Factor와변압기고조파저감계수(THDF:TransformerHarmonicsDeratingFactor)의관계를설명하시오. ※ ."
q-125-1-7,125회 1교시,송배전공학,발송배전,송전전압결정,20,standard,개념형 표현 1 · 핵심 주제 2 · 답안키워드 개념형 · 서술형 요구,송전선로설계시경제적인송전전압결정방법에대하여설명하시오.
q-125-1-8,125회 1교시,송배전공학,발송배전,KEC,20,standard,개념형 표현 1 · 핵심 주제 2 · 답안키워드 개념형 · 서술형 요구,한국전기설비규정(KEC)에서정하는TN-C-S접지방법에대하여설명하시오.
q-126-3-3,126회 3교시,송배전공학,발송배전,주접지망,20,standard,개념형 표현 1 · 핵심 주제 4 · 답안키워드 개념형 · 서술형 요구 · 계산형 신호 1,대용량초고압변전소접지망설계시IEEE의접지설계흐름도와고려사항을설명하시오.
q-127-1-2,127회 1교시,송배전공학,발송배전,기타,20,standard,개념형 표현 1 · 핵심 주제 2 · 답안키워드 개념형 · 서술형 요구,다음의용어를설명하시오.(1)뇌충격전압파(2)트래킹(3)유전체손(4)유전체역률
q-129-1-12,129회 1교시,송배전공학,발송배전,가공송전철탑,20,standard,개념형 표현 1 · 핵심 주제 2 · 답안키워드 개념형 · 서술형 요구,가공송전철탑의수평하중경간과수직하중경간에대하여설명하시오.
q-130-1-6,130회 1교시,송배전공학,발송배전,CT,20,standard,개념형 표현 1 · 핵심 주제 2 · 답안키워드 개념형 · 서술형 요구,"초전도현상을설명하고,퀜치(Quench)현상과마이스너효과(Meissnereffect)에대하여설명하시오."
q-130-1-8,130회 1교시,송배전공학,발송배전,변압비측정,20,standard,개념형 표현 1 · 핵심 주제 2 · 답안키워드 개념형 · 서술형 요구,변압기의변압비측정방법및판정기준에대하여설명하시오.
q-132-3-6,132회 3교시,송배전공학,발송배전,지중배전케이블진단,20,standard,개념형 표현 1 · 핵심 주제 2 · 답안키워드 개념형 · 서술형 요구,고압및특고압지중케이블의절연열화원인과활선상태에서의진단방법에대하여설명하시오.
q-136-1-12,136회 1교시,송배전공학,발송배전,변압기,20,standard,개념형 표현 1 · 핵심 주제 2 · 답안키워드 개념형 · 서술형 요구,변압기의시험항목중아래사항에대하여설명하시오.1)무부하시험2)단락시험
q-137-3-2,137회 3교시,송배전공학,발송배전,진행파,20,standard,개념형 표현 1 · 핵심 주제 2 · 답안키워드 개념형 · 서술형 요구,진행파의반사와투과에대하여다음을설명하시오.1)변위점에서반사파와투과파2)반사계수와투과계수3)선로종단에서전압및전류의파고값
q-137-3-6,137회 3교시,송배전공학,발송배전,배전선로보호협조,20,standard,개념형 표현 1 · 핵심 주제 2 · 답안키워드 개념형 · 서술형 요구,배전선로의보호협조장치에대하여설명하시오.
