id,kind,book,subject,chapter,page,number,keyword,formula,reviewNeeded,question
ex-song-0033-01,example,최신 송배전공학,송배전공학,1장 송배전 계동의 구성,33,1.30,444,True,True,"444 각각 2, 6050, 1, 가 같다고 하고 () 같은 aie 전선을 사용할경우 (2) 전선의 전중량을 동일하게 할 경우 단상 2선식과 3상 3썬식의 전력 손실비는 어떻게 되겠는가 (1) 같은 a7 ANS 사용할 경우의 비교 전선의 ari 같으므로 1선당의 AVR 은 같다. 단상] 22404) F wb Ry=aKtn,=3A( 2 이므로 Fis 3, 1 1 ge B-3(S) = 또는 50 한편 du dase 저항[=/ 에 역비레하므로 단상 및 8상의 Gaal"
ex-song-0044-01,example,최신 송배전공학,송배전공학,1장 Sue 계통의 구성,44,17,안정도,True,True,"j SHAS 765(kV]Z 격상시켰을 경우에 AS 수 있는 효과는 1. 대규모 전력 수송이 용이(34506]에 비해 8.4배 중대) 2, 건설에 필요한 소요용지 최소화(34506 ]의 53[%] 경감) 3. 전력 손실 감소(345[6]보다 20[%] 정도 감소) 4. 전력계통의 안정도 향상 5. 국내 전략 분야 기술 도약으로 국제 경쟁력 향상 Cora 1.8 if 우리나라의 SHASS 7OS[KV] - 345[kV] - 154[kV] - 22.9[kV]2] 4"
ex-song-0044-02,example,최신 송배전공학,송배전공학,1장 Sue 계통의 구성,44,1.9,송전,True,True,"우리나라의 송전설비 현황과 그 발달 과정을 설명하라. 그림 1.18~그림 1.159] 보는 바와 같이 초창기(1950년대)에는 154[eV] 방사상 계통 에서 환상망 계통으로 운영하다가 1980년대부터는 송전전압이 345[611로 격상, 84504] 망상계통으로 확충되었다. 그 후 경제성장을 거듭하면서 수요가 크게 늘어나 각처에 대용량 화력발전단지, 대용 량 원자력발전단지가 들어서면서 다시 송전전압이 7650041로 격상되어 이제 우리나라 는 아시아에서도 SEH"
tx-song-0048-05,exercise,최신 송배전공학,송배전공학,1장 송배전 계통의 구성,48,5,송전,True,False,"송전 전력, 부하 역률, 송전 거리, 전력 손실 및 선간 전압이 같을 경우 3상 3선식에서 전선 한 가닥에 흐르는 전류는 단상 2선식의 경우의 몇 배가 되는가"
tx-song-0048-07,exercise,최신 송배전공학,송배전공학,1장 송배전 계통의 구성,48,2,6050,True,False,"6050, l, 가 같다고 하고 전선의 전 중량을 동일하게 할 경 우 단상 2선식과 3상 3선식의 전력 손실비는 어떻게 되겠는가"
tx-song-0048-08,exercise,최신 송배전공학,송배전공학,1장 송배전 계통의 구성,48,7,송전,True,True,"경동선을 77[ /]의 송전선에 사용할 경우 최대 송전 AAS 20,000[kw], 역률을 0.8 로 하면 얼마만한 F719] MMO 가장 경제적으로 되겠는가 단, 전선 1[9]의 가격을 9.000[원/ 9], 전기 요금을 54[원/001], 8 = 0.1, 송전 선로의 연간 이용률은 60%]라 고 한다."
ex-song-0063-01,example,최신 송배전공학,송배전공학,2장 718 송전 선로,63,2.3,38,True,True,"j 38[mm ]2] 경동 연선을 사용해서 높이가 같고 경간이 330[]인 철탑에 가선 하는 경우 OEE 얼마인가 단, 이 경동 AM] 인장 하중은 1180[(9], 안전율 은 2.2이고 전선 자체의 무게는 0.348[9/00]라고 한다. 인장 하중이 1480[681이고 HAL] 8.8이므로 최대 사용 장력 Ty =~ orate T= Tp = Tyt+wD = Ty +0.348D) 이도 DE 그 wS _ 0.348% 3307 _ 사재 7 O4lml Cori2.4"
ex-song-0063-02,example,최신 송배전공학,송배전공학,2장 718 송전 선로,63,2.5,평평한,True,True,"j 평평한 RUA 같은 장력으로 가선된 2경간의 이도가 각각 4[m] 및 9[07]였다. 여기서, 중간 지지점에서 전선이 떨어져서 처지게 되었다고 하면 이도는 얼마로 되겠는가 단, 지지점의 높이는 모두 다 같다고 하고 전선의 신장은 무시하는 것 으로 한다."
tx-song-0079-04,exercise,최신 송배전공학,송배전공학,2장 가공 송전 선로,79,4,38,True,True,"38[mm ]2] BS AMS 사용해서 높이가 같고 경간이 300[07인 철탑에 가선하는 경 우 이도는 얼마인가 단, 이 경동 AMO] 인장 SSS 1,480[kg], HIBS 2.2이고 전 선 자체의 무게는 0.334[ 9/0]라고 한다."
tx-song-0079-05,exercise,최신 송배전공학,송배전공학,2장 가공 송전 선로,79,5,경간이,True,True,"경간이 250[m]el 가공 전선로에서 전선 1[07]의 무게가 0.41 9], 전선의 수평 장력이 150[191이라고 한다. 이 전선로의 이도외 전선의 실제 길이를 구하여라."
tx-song-0079-06,exercise,최신 송배전공학,송배전공학,2장 가공 송전 선로,79,6,온도,True,True,"온도 20[ㄷ]이고 맑은 날씨에 100[mm2]2] ASAS 가선하려고 한다. 경간 230[0]에 서 이도를 계산하니 5.25[], WSS 한 결과는 [mech 이도를 5.25[m]= 늘리기 위 해서는 전선을 얼마나 더 늘려서 가선해야 하는가"
tx-song-0079-08,exercise,최신 송배전공학,송배전공학,2장 가공 송전 선로,79,2,011이다,True,True,"=9[011이다. 중앙의 지지점에서 전선이 떨어졌을 때 전선의 지표상의 높이는 최저 몇 [mle 되는가 단, = 15[07]라 하고 전선의 늘어남은 무시한다."
tx-song-0080-04,exercise,최신 송배전공학,송배전공학,2장 가공 송전 선로,80,11,전압,True,False,50[%] 섬락 전압이란 PAS 의미하는가
ex-song-0087-01,example,최신 송배전공학,송배전공학,3장 지중 송전 선로,87,3.2,송전,True,True,"j 전압 66[kV], 주파수 6O[Hz], 길이 12[17]의 34 3선식 1회선 지중 송전 선로 가 있다. 케이블의 심선 1선당의 정전 용량이 0.4[//1070]라고 할 때 이 선로의 3 상 무부하 충전 ARIA] 및 충전 용량[ / ]을 구하여라."
ex-song-0137-01,example,최신 송배전공학,송배전공학,4장 선로 정수와 코로나,137,4.4,송전,True,True,"j 3상 1회선의 송전 선로에 3상 전압을 인가해서 충전하였을 때 전선 1선에 흐르는 충전 ARE 32[4], 또 3선을 일괄해서 이것과 대지간에 위와 같은 선간 전압의 Fe 인가해서 중전하였을 때 전 충전 전류는 60[4]였다. 이때 전선 1선의 대 지 정전 용량과 선간 정전용량과의 비를 구하여라."
ex-song-0154-01,example,최신 송배전공학,송배전공학,4장 선로 정수와 코로나,154,4.9,송전,True,True,"66[4],1회선 송전 선로에서 1선의 리액턴스가 22[ㅇ1], 전류가 ZOOLA]A 때 % 리액턴스는 얼마인가 먼저 주어진 데이터로부터 기준 용량 Pek 구하면 P, = V3 VI= V3x 66 x 300 = 34,293.6[kVA] 따라서, _ 2 Py _ 22% 34,2036 _ 가 아아 0 (66) 1732[%] (94 4.10 j 송전단에서는 발전기 전압 6.6[kVIE 66(kVIZ 승압하고 수전단에서는 66[ ] 를 3.3[ /]의 부하 전압으로 강"
ex-song-0160-01,example,최신 송배전공학,송배전공학,4장 선로 정수와 코로나,160,4.12,그림,True,True,"j 그림 4.41과 같은 154[kV] 계통이 있다. 각 기기 및 선로의 용량[ / ]별 %임피 던스 값은 그림에 기입한 값과 같다고 할 때 10,000[kVA] 기준으로 환산한 점 에서 본 합성 임피던스를 구하여라."
ex-song-0161-01,example,최신 송배전공학,송배전공학,4장 선로 정수와 코로나,161,4.13,그림,True,True,"그림 4.43 (8)에 나타낸 바와 같은 계통이 있다. 이 계통에 대해서 100,000[ 4 ] 를 기준 용량으로 한 %임피던스도는 그림 4.43 (b)2 같다고 한다. 선로의 점에서 본 전계통의 %.를 구하여라."
ex-song-0171-01,example,최신 송배전공학,송배전공학,4장 42 정수와 코로나,171,4.15,송전,True,True,"j 154[kV], 60[Hz]2] 3상 송전선이 있다. 전선으로서는 37/2.6[0001], 강심 알루 미늄선(지름 1.82[07])을 쓰고 2 = 430[cm] 2] 정3각형 배치로 되어 있다. 기 압 b= 721[mmHg], 71S = 30[ C], 우천의 경우 코로나 임계 전압 및 100] 당의 코로나 손실을 구하여라."
tx-song-0173-04,exercise,최신 송배전공학,송배전공학,4장 선로 정수와 코로나,173,4,3상,True,True,"3상 1회선 전송 AROMA 7/3.7[mm]2l 경동 ANS MZ 거리 2.14[07로 정3각형으 로 배치하였을 SL, 지상에서 6.5[m] 높이에 수평으로 일직선 배치하였을 경우의 SAS 작용 인덕턴스를 구하여라. 단, 선로는 완전 연가되어 있다고 한다."
tx-song-0173-05,exercise,최신 송배전공학,송배전공학,4장 선로 정수와 코로나,173,5,430,True,True,430[mm7]9 406560(반지름 = 14.6[mm])0 그림 E 4.59 같이 배치되어 완전 연가된 345[kV] 선로가 있다. 이 선로의 인덕턴스
tx-song-0173-08,exercise,최신 송배전공학,송배전공학,4장 선로 정수와 코로나,173,6,송전,True,True,"3상1회선의 송전 선로가 있다. 지금 그 중 2선을 일괄해서 대지를 귀로로 하는 인덕턴 AS SSSA 1.78[mH/km], 다음에 3선을 일괄해서 HAS ASS 하는 인덕턴 AZ 측정하였더니 1.57[mH/km]ACt. 이 실측값으로부터 송전 선로의 대지를 Wee 하는 1선 1[00당의 자기 인덕턴스, 상호 인덕턴스 및 작용 인덕턴스를 구하여라."
tx-song-0174-01,exercise,최신 송배전공학,송배전공학,4장 선로 정수와 코로나,174,7,송전,True,True,"아래의 3상 1회선 송전 선로의 작용 임피던스, Z =ㅠ+ joL[O/km]s 구하여라. 단, 주파수는 6072], 저항은 20[ ㄴ]라고 한다. (1) 154[kV] MZ 410[mm ] ACSR, 알루미늄(26/4.5[000]), BM(7/3.5[mm]) (2) 154[kV] MZ 200[mm ] 19/3.7[mm] (HDCC) D=5[m] (3) 66[kV] 42 100[mm ] 7/4.3[mm] (HDCC) D=3[m] (4) 66[kV] MZ 55[mm"
tx-song-0174-02,exercise,최신 송배전공학,송배전공학,4장 선로 정수와 코로나,174,8,송전,True,True,"AEA 두 개로 된 복도체 방식의 3상 3선식 송전 선로가 있다. 소도체의 지름 2100], 소도체 ZA 16lom], 등가 선간 거리 200[007]일 경우 1상당의 작용 정전 SBluF/km] 은 얼마인가"
tx-song-0174-03,exercise,최신 송배전공학,송배전공학,4장 선로 정수와 코로나,174,9,송전,True,True,"3상 SMA 3각형 배치의 송전 선로가 있다. 선로가 연가되어 각 선간의 정전 SBS 0.009[uF/km], 각 선의 대지 정전 SS 0.003[wF/kmJeta 하면 1선의 작용 정전 용량[//107 은"
tx-song-0174-04,exercise,최신 송배전공학,송배전공학,4장 선로 정수와 코로나,174,10,전압,True,True,"어느 발전소의 발전기는 전압이 13.2[ ], 용량이 93,000[kva]ola 동기 임피던스 Z,= 95[%]라고 한다. 이 발전기의"
tx-song-0174-05,exercise,최신 송배전공학,송배전공학,4장 선로 정수와 코로나,174,4,해당하는가,True,False,는 몇 [요]에 해당하는가
tx-song-0174-06,exercise,최신 송배전공학,송배전공학,4장 선로 정수와 코로나,174,11,변압기,True,True,"단상 변압기의 SEE 20,000[kVA] 9대, 전압 11/154[kV], A-Y 결선, 저항 0.6[%], 리 액턴스 12[%]의 3뱅크의 설비가 있다. 고압측에서 본 전 뱅크의 임피던스[)]을 구하 여라. 스모 저알모션 고알모선 11060 154[kV]"
ex-song-0186-01,example,최신 송배전공학,송배전공학,5장 송전 특성,186,5.5,송전,True,True,"j 100[mm ] 경동 연선(7/4.3[0007])을 전선으로 사용한 38 60[Hz], 길이 100 [km], 등가 선간 거리 3[77]의 1회선 송전 선로가 있다. 전선의 사용 온도를 40[ ㅇ] 라고 가정해서 (1) 이 송전 선로를 (가) 집중 임피던스 회로 (나) TS 회로 (다) 7형 회로 로 하였을 때의 등가 회로"
ex-song-0195-01,example,최신 송배전공학,송배전공학,5장 송전 득성,195,5.6,송전,True,True,"j HO 300[km]2] 3상 1회선 송전선이 있다. 지금 단위 길이당의 임피던스 및 어 드미턴스가 각각 2 =rt jx =0.09475 + 7 0.4932[0/km] y =jwC= 73.325 x 107 [6/km] 라고 한다. HBS 무시한 경우의 이 송전선의 특성 임피던스 2,, 및 전파 ys + 를 구하여라."
ex-song-0203-01,example,최신 송배전공학,송배전공학,5장 송전특성,203,5.9,송전,True,True,"j 길이 100[07]의 34 3선식 1회선 송전 선로가 있다. 이 선로의 저항 r=0.1905[Q/km], 리액턴스 = 0.4821[0/km], 서셉턴스 8= 3.410 ×10 [65/ 07]라 할 때 이 선로의 (1) 4단자 정수 4, 2, , DE 구하여라."
ex-song-0206-01,example,최신 송배전공학,송배전공학,5장 송전특성,206,5.11,변압기,True,False,"그림 5.15처럼 송전단 및 수전단 변압기의 임피던스를 각각 , , 2, 라 하고 선 로의 4단자 정수를 A, 2, C, 2라고 할 때 이 회로의 합성 4단자 정수 Ay, B, Co, DoS 구하여라."
ex-song-0207-01,example,최신 송배전공학,송배전공학,5장 송전특성,207,5.12,그림,True,False,"그림 5.17처럼 정수가 다른 선로가 병렬로 접속되어 있을 경우 이들을 종합한 합 성 4단자 정수 Ay, By, , Dy 구하여라."
ex-song-0230-01,example,최신 송배전공학,송배전공학,5장 송전 특성,230,5.16,전류,True,True,"j 345[kV] 2회선 선로가 있다. 선로 길이가 250[07]이고 선로의 작용 용량이 0.01[//600]라고 한다. 이것을 자기 여자를 일으키지 않고 충전하기 위해서는 최소한 몇 [kVA] 이상의 발전기를 사용하여야 하는가 단, 발전기의 단락비는 11, 포화율은 0.12라고 한다. 선로의 충전 용량을 구하기 위해서는 먼저 1선을 흐르는 충전 전류 를 계산하여야 한 다. L.=2nfCl er 2x 60 0.01 x 107% x 250% a 187.2[A] 따"
tx-song-0242-01,exercise,최신 송배전공학,송배전공학,5장 송전 특성,242,1,송전,True,False,"송전 선로는 선로 길이에 따라 그 취급을 달리할 + 있다. 이것을 단거리. 중거리, 장거 리로 나누어서 그 개요를 설명하여라."
tx-song-0242-02,exercise,최신 송배전공학,송배전공학,5장 송전 특성,242,2,송전,True,True,"길이 20007], 저항 0.3[Q/km], 리액턴스 0.4[요/107]인 3상 3선식 단거리 송전 선로 가 있다. 수전단 전압이 60,000[ /], 부하 역률 0.8(지상), 선로 AAS 10[%]et 할 때 송전단 전력"
tx-song-0242-03,exercise,최신 송배전공학,송배전공학,5장 송전 특성,242,2,송전,True,False,및 송전단 전압 는 각각 얼마로 되겠는가
tx-song-0242-04,exercise,최신 송배전공학,송배전공학,5장 송전 특성,242,3,송전,True,True,"MEO] 8[요], 리액턴스가 14[]인 22.9[kVA] 선로에서, 수전단의 피상 전력이 10,000 [kVA], 송전단 전압이 22.9[/], 수전단 전압이 20.6[1 /]라고 할 경우 이 선로의 수전단 역률은 얼마인가"
tx-song-0242-05,exercise,최신 송배전공학,송배전공학,5장 송전 특성,242,4,송전,True,True,"3상 송전 선로가 있다. 전선 1가닥당의 r=15[0], = 30[으]이고, 수전단 전압이 3O[KV], 부하의 역률이 80[%]일 경우 전압 강하율이 8[%)였다고 한다. (1) 이 송전 MBE 몇 [kw] 수전할 수 있겠는가 (2) 이 때의 전력 손실 및 전력 Agee 얼마인가"
tx-song-0244-02,exercise,최신 송배전공학,송배전공학,5장 송전 특성,244,16,송전,True,True,"송전선의 4단자 정수가 다음과 같이 주어져 있다. A=D=0.95 B= 565(Q] ㅇ=421.5×10 [0] (1) 무부하시에 송전단 전압을 154[kvle 유지하려고 한다, 이때 수전단에서 필요로 하는 조상 용량을 구하여라. (2) 부하 150[MW], 역를 0.8(지상)일 때 송전단 Mets 159[kv], 수전단 전압을 147[ ] 로 문전하는 데 소요될 조상 용량 및 송전 전력을 구하여라."
tx-song-0244-03,exercise,최신 송배전공학,송배전공학,5장 송전 특성,244,17,송전,True,True,"길이 500[km]o] 송전 선로가 있다. 그 수전단을 단락하였을 경우 송전단에서 본 임피 던스가 7 275 Q], 또 수전단을 개방하였을 경우 송전단에서 본 어드미턴스가 71.72 ×10 키[0]였다고 한다. 이 송전 선로의 특성 임피던스 및 전파 정수를 구하여라. 단, tanh j 0.6025 = 7 0.683이라고 한다."
tx-song-0244-04,exercise,최신 송배전공학,송배전공학,5장 송전 특성,244,18,송전,True,True,"그림 ㄷ 5.182 같은 22[/] 3상 60 사이클, ZO] 30[km]2] 송전선이 있다. 전선 1가닥의 r=0.32[0/km], = 0.47[요/100], 2 , 끄는 다같이 25[MVA] x 3대, 3,300/22,000[V], X,, = ㅅ,, = 2.5[%]이다. 송전단 1차 전압 3,300[V], 수전단 2차 전 류 270[4], 그 역률이 0.8(지상)일 경우의 수전단 2차 전압, 송전단 1차 역률, 송전단 전력 및 송전 손실을 구하여라. a 1차"
tx-song-0244-05,exercise,최신 송배전공학,송배전공학,5장 송전 특성,244,19,송전,True,True,"문제 182] 선로에서 수전단 2차 Met 3,000[V], SHE 전력 1,200[kW], 역률 0.8(지 상)일 경우의 송전단 1차 전압 및 수전단 전력을 구하여라."
tx-song-0273-07,exercise,최신 송배전공학,송배전공학,6장 중성점 접지 방식과 유도 장해,273,7,송전,True,True,"154[kV], 60사이클, 선로 길이 200[07]의 병행 2회선 송전선에 설치하는 소호 리액터 의 공진 탭 SSS 계산하여라. 단, 1선의 대지 정전 SSS 0.0043[uF/km]atz 한다."
tx-song-0273-09,exercise,최신 송배전공학,송배전공학,6장 중성점 접지 방식과 유도 장해,273,9,송전,True,True,"154[kV], 601721의 34 3선식 송전선에서 전선 1선당의 대지 정전 용량은 각각 다음 과 같다고 한다. C6, =0.935[uF], G,=0.95[zF], 2 = 0.95[/00 이때 중성점이 개방되어 있을 경우 중성점에 나타나는 잔류 전압은 얼마로 되겠는가"
tx-song-0274-01,exercise,최신 송배전공학,송배전공학,6장 중성점 접지 방식과 유도 장해,274,10,배전,True,True,"그림 ㄷ 6.10과 같은 선로에서 b, = 500[m], 5 = 700[m], 6 = 600[m], b, = 500[m], = 50971. by = 40970, 2 100 = 30001. too = 10001, troo-s = 2-5 km], tsa = 5[km] 이다. 배전선은 60121, 3상 1회선인데 지락 사고 때문에 영상 전류 SOfAl7t 전선에 걸 쳐 균등하게 흐른다고 할 때 통신선에 유기될 전자 유도 전압을 구하여라. 단, 지질 계 수는 0.000"
ex-song-0279-01,example,최신 송배전공학,송배전공학,7장 고장 계산,279,7.1,전류,True,True,"의 SHE SHOE 풀어라. 먼저 기준 용량으로서 , =100,000[4]를 잡으면 정격 전류 Le 4 = 13 4 으로 부터 _ 100.000 _ 시 06 이 _ 50 374.9 _ Yor, = 70007 100 = 21.08[%] %e, = 11x aan = 18.33[%)"
ex-song-0281-01,example,최신 송배전공학,송배전공학,7장 고장 계산,281,7.4,변압기,True,True,"154[(01/22.9[60],12,000[/4]의 3상 변압기 1대를 갖는 변전소로부터 길이 3[1000]의 1회선 고압 배전 MES 공급되는 수용가 인입구에서의 3상 단락 전류 를 구하여라."
ex-song-0282-01,example,최신 송배전공학,송배전공학,7장 고장 계산,282,7.5,그림,True,False,( 그림 7.4와 같은 발전소에서 각 유입 차단기(28)의 차단 용량을 계산하여라.
ex-song-0289-01,example,최신 송배전공학,송배전공학,7장 고장계산,289,7.6,전압,True,True,"지금 3상 전압이 불평형으로 되어 각각 y,=7.3/12.5 , ,=0.4 / 100 , = 4.47154 로주어져 있다교할경우 이들의 대칭 성분 Vo, Vi, 를구하여 라."
ex-song-0293-01,example,최신 송배전공학,송배전공학,7장 고장 계산,293,7.7,전압,True,True,"j BA 10[MVA], 무부하 단자 Het 6.6[kV]2 동기 발전기가 있다. 이 발전기의 대칭분 임피던스는 다음과 같다. 스=0.08+74.38[0] Zy = 0.49 + 51.34[Q)] 4 = 0.16 +50.54[Q] 지금 이 발전기의 a, 6, 상의 전기자 권선에 다음과 같은 불평형 전류 4, =338-7516[41 5, =- 146-7474[A] Z,= 108+ 5352[A] 가 흐를 때 이 발전거의 단자 전압(상전압 및 선간 전압)을 구하여라."
ex-song-0301-01,example,최신 송배전공학,송배전공학,7장 고장 계산,301,7.10,전압,True,False,"j 그림 7.142 같은 발전기에 대해서 6, 상의 2단자가 접지하였을 경우(2선 접지 사고)의 지락 전류를 계산하며라. 또, 이때 개방 단자 상의 전압도 구하여라."
ex-song-0311-01,example,최신 송배전공학,송배전공학,7장 고장 계산,311,7.11,전류,True,False,j 그림 7.232 BE 154[kV] 1회선 SAMO] 있다. 선로의 중앙에서 141 지락 고장 이 발생하였을 경우 지락 전류의 크기를 구하여라.
ex-song-0312-01,example,최신 송배전공학,송배전공학,7장 고장 계산,312,7.12,전류,True,False,j 그림과 같은 DAS 접지의 SH 계통에 있어서 점에서 1선 지락 고장이 발생하 였을 경우의 지락 전류를 계산하여라.
tx-song-0316-01,exercise,최신 송배전공학,송배전공학,7장 교장 계산,316,1,전류,True,False,"3상 불평형 전류를 /,,"
tx-song-0316-02,exercise,최신 송배전공학,송배전공학,7장 교장 계산,316,4,전류,True,False,라고 하였을 경우 대칭분 전류를 구하는 계산식을 보이고 그 물리적 의의에 대해서 설명하여라.
tx-song-0316-05,exercise,최신 송배전공학,송배전공학,7장 교장 계산,316,4,배전,True,True,그림 ㄷ7.4와 같은 22[kv] 3상 1회선 선로의 점에서 3상 단락 고장이 발생하였다면 고장 전류[는 얼마로 되겠는가 입 배전 선로 06 R4jX=204425.5(Q) F Xe=20%) Xp=10%) 10000 kva) 10000(kVA)
tx-song-0316-06,exercise,최신 송배전공학,송배전공학,7장 교장 계산,316,5,변압기,True,True,"그림 ㄷ7.5와 같은 무부하의 송전선의 8점에서의 3상 단락 전류를 계산하여라. 단, 발전 기 Gy, 6,는 각각 150,000[kVA], 11[kV], 리액턴스 30[%], 변압기 T= 300,000[kVA], T1/154[kV], 리액턴스 8[%], 송전선 76간은 5007], 리맥턴스는 0.5[으/ 07]라고 한 다. 15000000040 버 s 3000000kVA 4=05( Sen) = 80%) 150000 kVA)"
tx-song-0318-02,exercise,최신 송배전공학,송배전공학,7장 교장 계산,318,6,전압,True,True,"상 사이가 단락되었을 경우의 단락 전류와 각 선의 전압을 계산하여라. 픈 =__oy, L=0 님 (3 고장 전의 선간 전압 66001V] rar 4=06/78 (0) 나 1001 4=45/39 [Q]"
tx-song-0318-03,exercise,최신 송배전공학,송배전공학,7장 교장 계산,318,9,송전,True,False,"THE 7.99 같이 , 8 양 발전소를 연결하는 154[ /]의 3상 SAMO 있다. 무부하 상태에서 송전선의 중앙 지점에서"
tx-song-0318-04,exercise,최신 송배전공학,송배전공학,7장 교장 계산,318,6,변압기,True,True,"ㅇ 상의 2선이 동시에 접지되었을 때 건전상인 3상 의 교장 전과 고장 후의 전위를 비교하여라. 단, 회로 정수로서는 저항과 정전 용량을 무시하고 154[kV], 45(MVAJE 환산한 다음의 유도 리액턴스만을 고려하는 것으로 한 다. 발전기 AO] 정상 및 역상 임피던스 35[%] 발전기 8의 정상 및 역상 임피던스 28[%] 변압기 7,의 리맥턴스 10[%] 변압기 7,의 리액턴스 8[%] 송전선의 정상 및 역상 리액턴스 2[%] (송전단에서 본 값임) 송전"
ex-song-0330-01,example,최신 송배전공학,송배전공학,8장 안정도,330,8.3,전압,True,True,"[ 그림 8.7과 같은 17] 무한대 모선 ASS 정태 안정도를 해석하여라. 단, 모든 at 2 1,000[MVA] 기준의 단위값이라고 한다. 주 705 jlo Ea 1.05/6, Loot 모밀 계통 Qe 받전기의 전류 be , _ Fil, ~ Blo a= =, [90 발전기의 내부 전압 He B= 476 + 1% E,[0, ~By/0 = E, (8, +2490 ie , al of Te) = _ =E,(9, (+34)-0 (2 = 1.575 /6, 0.5 한편,"
ex-song-0339-01,example,최신 송배전공학,송배전공학,8장 안정도,339,8.5,고장,True,False,"j 그림 8.14에 보인 계통에서 1선 지락, 2선 지락, 2선 단락 사고가 발생하였을 경우 의 각각의 등가 정상 고장 임피던스를 구하여라."
tx-song-0355-08,exercise,최신 송배전공학,송배전공학,8장 안정도,355,9,송전,True,True,"그림 ㄷ8.9와 같은 동기 발전기가 2회선의 SAMS 거쳐 무한대 모선에 접속되어 있다 고 할 때 이 ASO 최대 가능 송전 전력은 몇 [MWe 되겠는가 단, 이때의 기준 용량 은 1,000[MVAIE 취하는 것으로 한다. V,=10 ee ei V4=155/256 Py=0584"
tx-song-0356-01,exercise,최신 송배전공학,송배전공학,8장 안정도,356,10,송전,True,True,"그림 8,102 같이 발전기와 전동기가 송전 선로를 통해서 연결된 2기 시스템이 정상 상태로 운전하고 있다. 다음 두 가지 경우에 대한 정태 안정도를 해석하여라. 단, 수전 BAS 1.2[ㅁ0], 전동기의 ABS 1.0이라고 한다. (1) 송전 선로가 평행 2회선인 경우 (2) 송전 선로가 1회선인 경우 Xin E Ou 700 Vie En 21 AS"
tx-song-0356-03,exercise,최신 송배전공학,송배전공학,8장 안정도,356,12,전류,True,False,"그림 E 8.129 같은 2기 계통의 중간점 에서 고장이 발생하면 고장 임피던스 78S 해 1,2] 고장 전류가 흐른다고 한다. 이 경우 이 계통에서의 고장 중의 전송 전력은 어 떻게 되겠는가 또, 이때"
tx-song-0356-04,exercise,최신 송배전공학,송배전공학,8장 안정도,356,2,Bp,True,True,"= Bp=1.0[PU],"
tx-song-0356-05,exercise,최신 송배전공학,송배전공학,8장 안정도,356,2,고장,True,True,"= Zp = 0-2[PU], 2 = 0.1[040]라고 할 때 고장 중 전 송 전력 Pyle 교장 전 전송 전력 2/ 의 몇 배가 되겠는가 ch 고장 전후에서 By, By 및 양기간의 상차각 0/,는 변하지 않는 것으로 한다. 0220 그 Es a 4 Ep 4[]4 교장 임피던스의 삽입"
ex-song-0370-01,example,최신 송배전공학,송배전공학,9장 이상 전압,370,9.1,파동,True,True,"파동 임피던스가 500[으]인 가공 SAN [km] so] 정전 용량, 인덕턴스를 구 하여라. Lkm) 39] 인덕턴스를 L[mH/km], VA 용량을 0[/ /1021라고 하면 4 파동 임피던스 2 = 5 =s0001 a 전파 속도 v= Jie 3 10 [km/s] 이므로, 이 두 식으로부터 4, ㅇ를 구하면 L=167x 10 [H/km] = 1.67[mH/km] =6.7X10- [F/km] = 0,0067[HF/km]"
ex-song-0370-02,example,최신 송배전공학,송배전공학,9장 이상 전압,370,9.2,변압기,True,True,"( 파동 임피던스 2, = 400[Q]e 선로의 종단에 파동 임피던스 , =1,200[0]2 변압기가 접속되어 있다. 지금 선로로부터 파고 , = 800[ /]1의 전압이 진입하 였다. 접속점에 있어서의 전압의 반사파, 투과파를 구하여라."
ex-song-0371-01,example,최신 송배전공학,송배전공학,9장 이상 전압,371,9.3,변압기,True,True,"j 그림 9.50] 나타낸 바와 같이 변압기의 중성점이 변압기와 같은 크기(값)의 파동 임피던스를 가진 리액터로 접지되고 있다. 만일 이때 변압기의 1권선에 전압의 진 입파가 침입해 왔을 경우 중성점의 전위는 얼마로 되겠는가 변압기 ~ n ey 변압기와 중성점의 리액터의 파동 임피던스를 어느 것이나 ZZ 나타내면 4] (9.16)으 로부터 전류의 부과파 , 는 다음과 같이 된다. 26 Fate 그러므로 중성점의 전위 e = 1 , 그 26, = ZX = ZX l"
ex-song-0379-01,example,최신 송배전공학,송배전공학,9장 이상 전압,379,9.6,전압,True,True,"j 그림 9.132 같이 파동 임피던스 % = 500[ㅇ] 및 , = 400[으]의 2개의 선로의 접속점 Pol 피뢰기를 설치하였을 경우 의 선로로부터 파고 = 600[ /]의 전압파가 내습하였다. 선로 에의 전압 투과파의 파고를 250[ /]로 억제하기 위해서는 피뢰기의 저항 의 값은 얼마로 하면 되겠는가 P qu aL 3317)"
tx-song-0390-07,exercise,최신 송배전공학,송배전공학,9장 이상 전압,390,7,송전,True,True,"3450 1급의 송전 계통에 있어서 선로의 섬략10500461) 횟수를 감소시키고 또한 섬 락에 의한 송전 AAS 피하기 위한 계통 구성, 선로 절연, 선로 보호 장치에 대해서 고 려하지 않으면 et 될 점을 설명하여라."
tx-song-0390-10,exercise,최신 송배전공학,송배전공학,9장 이상 전압,390,10,전압,True,True,"파동 임피던스 z, = 500[0] 및 %, = 400[요]인 2개의 선로의 접속점에 피뢰기를 설치 하였을 경우 4 의 선로로부터 파고 800[ 의 전압파가 내습하였다. 선로 4,에의 전 압 투과파의 ES 300[ 로 억제하기 위해서는 피뢰기의 MES 얼마로하면 되겠 는가"
ex-song-0406-01,example,최신 송배전공학,송배전공학,10장 보호 계전 방식,406,10.3,송전,True,False,"그림 10.129 같은 송전 계통에서 변전소로부터 Ofkm] 떨어진 점에서 각각 (1) 3상 단락 고장 (2) 1선 지락 고장 이 발생하였을 때의 3상 단락 전류( ,)와 1선 지락 전류( )를 구하여라."
ex-song-0408-01,example,최신 송배전공학,송배전공학,10장 보호 계전 방식,408,10.4,전류,True,False,앞 메제에서 지락 고장이 각각 Of 40[으]일 때의 1선 지락 전류를 구하여라.
ex-song-0438-01,example,최신 송배전공학,송배전공학,11장 변전소,438,11.8,전류,True,True,"그림 11.140] 보이는 바와 같은 전력 계통이 있다. 각 부분의 %2는 그림에서와 같 으며 이들은 모두 100[MVA 기준으로 환산된 것이라고 한다. 이 전력 계통에서 차단기 a 및 차단기 의 차단 용량은 각각 얼마로 하여야 하는가 b dj 8 ae 6 51%] 3[%] 다 000 다 다 Oe 7 a 다 000 다 다 = ) em RS 440 고장 전류 중 0,으로부터의 성분을 Ja, 0 로부터의 성분을 1, , 0 으로부터의 성분을 라고 한다. 또 1000"
ex-song-0440-01,example,최신 송배전공학,송배전공학,11장 변전소,440,1.10,송전,True,True,"j 최근 우리 나라에서의 변전소에 관한 새로운 AST 운용 추세에 대해 설명하여 라. (1) 변전소의 고전압, 대용량화 1970년대 중반 이후 우리 나라에서도 345[kV] 변전소가 건설되고 계동 강화를 위 해서 345[kV] 변전소가 계속 건설됨과 동시에, 송전 용량의 증대에 따라 단일 변전 소 S48 2,000~4,000[MVA]2 대형화하는 등 계속 고전압 대용량화의 추세를 보이고 있다. 2000년대에는 장거리, 대용량 송전이 345[kv] 송전만으로는 송"
ex-song-0461-01,example,최신 송배전공학,송배전공학,12장 배전 계통의 구성,461,12.5,송전,True,True,"j 배전 선로의 선간 전압을 3.3[( /]에서 6.6[kV]E BAS 경우 같은 전선을 사용 하면 같은 전력 및 같은 전력 손실 하에서 송전 거리는 몇 배로 늘어나겠는가 승압 전 전압을 VY, SUF 전압을 라 하면 같은 전력이므로 역률이 같다면 P = V3 640050 = 73 40060 . 4 6 66 0 BUY 33 1 제의에 따라 전력 손실은 같으므로 3RR, =38R, . Ay. 4 ROB OT 또, R= pha 제의에 따라 SU 전후에서 같은 전선을"
ex-song-0471-01,example,최신 송배전공학,송배전공학,12장 배전 계통의 구성,471,12.6,배전,True,True,"j 220[V] 단상 2선식 배젼에 의한 BP 220[V] 3상 3선식 배전에 의한 경우에 있어서 배전선의 길이, 배젼선에 사용되는 전선의 총중량 및 전선 내의 전력 손실 이 같다고 할 경우 각 방식으로 보낼 수 있는 전력을 비교하여라."
ex-song-0473-01,example,최신 송배전공학,송배전공학,12장 배전 계통의 구성,473,12.8,배전,True,True,"f 전선의 HAE 같은 3상 3선식 220[V] 배전선과 단상 2선식 10[ /] 배전선이 있 Ch 선로 길이, 부하 전력 및 역률이 같을 경우 3상 3선식 배전선과 단상 2선식 배 전선의 선로 손실의 비틀 구하여라."
ex-song-0487-01,example,최신 송배전공학,송배전공학,13장 배전 선로의 전기적 특성,487,13.2,배전,True,True,"j 3상 3선식 고압 배전선로의 말단에 3, OOOLKW], 역률 80[%](지상)의 부하가 접 속되어 있다. 부하단의 전압을 20,400[ ]라고 하면 SAS 전압은 얼마인가 또 한 이때의 전압강하율은 얼마인가 단, 선로의 임피던스는 1선당 0.5 + j1.0[0] 이라고 한다. 송ㆍ수전단 전압을 각각 Vv, VV), 부하 ASS 0050, 부하전력을 PW), 부하전류 를 7[시라고 하면 V, = V,+ 31(Reosé + Xsin ) 로 표시된다. 여기서 부"
ex-song-0488-01,example,최신 송배전공학,송배전공학,13장 배전 선로의 전기적 특성,488,13.3,송전,True,True,"j 3상 3선식 1회선 배전선로의 말단에 역률 80[%](지상)의 평형 3상부하가 있다. 변전소 인출구(곧 송전단) AO] 22,900[V], 부하의 단자전압이 20,600[ ]일 때 부하전력은 몇 [( ]인가 Et, 전선 1가닥당의 저항은 1.4[ㅇ)], 리액턴스는 1.8[0]이라 하고 기타의 선로정수는 무시한다. 배전선의 전압 강하 ㅇ[ 는 선전류를 라고 하면 식 (13.20)으로부터 =22.900-90,600=2,300 = 82(20050ㅜ5100) =78"
ex-song-0489-01,example,최신 송배전공학,송배전공학,13장 배전 선로의 전기적 특성,489,13.5,송전,True,True,"j 저항이 [AQ], 리액턴스가 14[0]인 22.9[kV] 배전 선로에서 수전단의 피상 전 력이 10,000[/], 송전단 전압이 22.9[kV], 수전단 전압이 20.6[]이면 수 전단 역를은 얼마인가 선전류는 피상 전력으로부터 직접 구할 수 있으므로 1000 _ ne 277 A] V, = V+ V31(Reosd + Xsiné) 9] 관계로부터 22.9 = 20.64 /3 x 277 x (8 x cos +14x sind) x 10- = 206+ 3x277x"
ex-song-0502-01,example,최신 송배전공학,송배전공학,13장 al 선로의 전기적 특성,502,13.1,변압기,True,True,"용량 100[ 44], 6,600/105[ /]인 변압기의 철손이 11000], 전부하 동손이 1.25[6 0]이다. 이 변압기의 효율이 최고로 될 때에 부하[ ]는 얼마인가 또, 이 변압기가 무부하로 18시간, 역률 100[%]의 반부하로 4시간, 역를 80[%]의 전 부하로 2시간 운전된다고 할 때 이 변압기의 전일 SSS 구하여라."
ex-song-0509-01,example,최신 송배전공학,송배전공학,13장 배전 선로의 전기적 특성,509,13.12,변압기,True,True,역를 0.6의 유도 전동기 부하 30[kW]Lt 전열기 부하 25[ ]가 있다. 이 부하에 공급할 주상 변압기의 SAKVAIS 얼마로 하면 적당하겠는가 제의에 따라 부하의 유효 Ae P=30+25=55[kW] 부하(전동기)의 무효 전력 Q. = Wind = a + sino= 22x y=08F= 40lkVer] ( 전열기의 역률은 100[%]임) 따라서 부하의 합성 피상 전력 W= (유효 전력) +(무효 Aa) = 557440 5 68[kVA] 따라서 [kVA]
ex-song-0510-01,example,최신 송배전공학,송배전공학,13장 배전 선로의 전기적 특성,510,13,ESS,True,True,"15 어느 변전소의 공급 구역 내에 설치되어 있는 수용가의 설비 용량 합계는 전등 600[kW], 동력 800[ ]이다. 각 수용가의 수용률을 각각 전등 60[%], 동력 80[%], 각 수용가간의 HESS 전등 1.2, 동력 1.6, 변전소에서의 전등 부하와 동 력 부하 상호 간의 부등률을 1.4라고 한다면 이 변전소로부터 공급하는 최대 전력 은 몇 [( ]으로 되는가 AS 합성 최대 수용 전력= 600 x (0.6/1.2) = 30000 ] 동력의 합성 최대"
ex-song-0511-01,example,최신 송배전공학,송배전공학,13장 배전 선로의 전기적 특성,511,13.16,변압기,True,True,"어느 지역에서의 전등 수용가의 SAY) 용량(보유 설비의 ])은 120[( 4]로 서 각 수용가의 수용률은 어느 곳이나 0.5라고 한다. 이 수용가군을 설비 용량 SOLKW], 40100] 및 30[kW]9] 3군으로 나누어 그림 13.15처럼 변압기, 21, 7 및 7,22 공급할 때 각 변압기마다의 종합 최대 수용 전력 및 평균 수용 전력, 고 압 간선에 걸리는 최대 부하 및 종합 HOSS 구하여라."
tx-song-0516-04,exercise,최신 송배전공학,송배전공학,13장 배전 선로의 전기적 특성,516,4,배전,True,True,"단상 2선식의 교류 배전선에서 전선 1가닥의 저항이 0.15[ㅇ1, 리액턴스가 0.25[요]라 고 한다. 부하가 2201V1, 6.60 4/], 역률이 1.08 경우 급전점의 전압을 계산하여라."
tx-song-0516-05,exercise,최신 송배전공학,송배전공학,13장 배전 선로의 전기적 특성,516,5,송전,True,True,"전선 1가닥의 임피던스가 9.0+ 75.0[요]의 3상 1회선 송전선으로 Basin 있는 전력 7,000 kVA]2] 공장이 있다. 송전단의 전압이 23,000[VI= 일정할 때 공장의 수전단에 서의 전압은 얼마로 되겠는가 단, 공장의 역률은 0.8(지상)이고 부하는 평형되고 있는 것으로 한다."
tx-song-0516-06,exercise,최신 송배전공학,송배전공학,13장 배전 선로의 전기적 특성,516,6,송전,True,True,"3상 배전 선로가 있다. 그 말단에 평형된 전등ㆍ전열 부하 1000 4 를 공급하였음 때 변전소의 송전 전압은 선로 말단 전압보다 5[%] 더 높았다. 지금 같은 선로의 말단에 상기 부하와 병렬로 IA 전동기 부하 1OOKWIS 추가하였을 때 선로 말단의 Wee 그 전 전압과 같게 하기 위해서는 변전소의 송전 전압을 배전선 말단 전압보다 몇 [%] 더 높게 하면 되겠는가 단, 전동기 부하 추가 전의 부하 IBS 1.0, 추가 후의 부하의 합 성 역률은 0.8(지"
tx-song-0516-07,exercise,최신 송배전공학,송배전공학,13장 배전 선로의 전기적 특성,516,7,배전,True,True,"연간의 최대 전류 150[4] 배전 거리 10[ 77의 말단에 진중 부하를 갖는 Bal 전압 6.600[ /의 3상 3선식 배전 선로가 있다. 이 선로의 연간 손실 전력량[ 싸]은 얼마인 가 단, 전선의 B71 38[ㅁㅁ], 전선의 저항을 0.48[0/km], 손실 ASS 50[% 라 하고, 또한 손실 계수 CE 다음 식으로 주어지는 것으로 한다. G= W PH"
ex-song-0527-01,example,최신 송배전공학,송배전공학,14장 배전 선로의 관리와 보호,527,14.1,변압기,True,True,"j 단상 교류 회로에서 AB 두 점간에 전압은 3,000[ /]이다. 지금 HAS 올려 주기 위해서 33300/220[ 0]의 변압기를 다음 그림처럼 접속해서 40[( ]의 전력을 전등 부하에 공급하고자 한다. 이때 승압기의 용량은 얼마로 하여야 하는가 이 Baie 권수비= 205, 부하측의 az 전압은 식 (14.1)로부더 Ag Mi 30000 Ee BS z =s,000 1+ 4 - 3,200[V] 이다. 전등 부하이므로 역률 =1.0, 따라서 부하 W=40["
ex-song-0527-02,example,최신 송배전공학,송배전공학,14장 배전 선로의 관리와 보호,527,14.2,변압기,True,True,"3상3선식 3000[4 ], 200[ /]의 배전 선로의 전압을 37100[ /]로 승압하기 위 해서 단상 변압기 3대를 다음 그림과 같이 접속하였다. 이 변압기의 1차, 2차 전압 및 SSS 구하여라."
ex-song-0536-01,example,최신 송배전공학,송배전공학,14장 배전 선로의 관리와 보호,536,14.3,어떤,True,True,"j 어떤 공장의 3상 부하가 20[kW], 역률이 60[%](지상)라고 한다. 이것을 역를 80[% 로 개선하기 위해서 소요되는 콘덴서의 용량[]를 구하여라."
ex-song-0537-01,example,최신 송배전공학,송배전공학,14장 배전 선로의 관리와 보호,537,14.4,OL,True,True,OL 수용가가 당초 역률 80[%] (지상)로 60[ /]의 부하를 사용하고 있었는데 새로이 역률 60[%] (지상)인 40[ ]의 부하를 추가해서 사용하게 되었다. 이때 콘덴서로 합성 역률올 90[%]로 개선하려고 할 경우 이에 소요될 콘덴서 용량 Q 를 구하여라.
ex-song-0537-02,example,최신 송배전공학,송배전공학,14장 배전 선로의 관리와 보호,537,14.5,배전,True,True,"j 3[07]의 3상 3선식 배전 선로의 말단에 1,000[kW], 역률 80[%)(지상)의 부하 가 접속되어 있다. 지금 전력용 콘덴서로 역률이 100[%]로 개선되었다면 이 선로 의 (1) 전압 강하 (2) 전력 손실 은 역률 개선 전의 몇 [%]로 되겠는가 단, 선로의 임피던스는 1선당 0.3+ 70.4[0/107]라 하고 부하 전압은 66000[ ] 로 일정하다고 한다. 선로의 저항 및 리액턴스를 각각 R, LA], 부하 전류를 MA], AHL 0090"
ex-song-0542-01,example,최신 송배전공학,송배전공학,14장 배전 선로의 관리와 보호,542,14.7,변압기,True,True,"BA 용량 300[ ]의 변압기에서 지상 역률 70[%]의 부하에 300[kVA]S 공 급하고 있다. 지금 합성 ABS 90[%]로 개선해서 이 변압기의 전용량까지 공급 하려고 한다. 여기에 소요될 전력용 콘덴서의 용량 및 이때 증가시킬 수 있는 부하 (SBS 지상 70[%])는 얼마인가 전력 콘덴서의 용량 는 식 (14.19)로부터 Q= W008, a - iio, cos, =800 09 fo - -00= 144.9[kVA] 증가 부하의 피상 전력 1 및 전력"
ex-song-0546-01,example,최신 송배전공학,송배전공학,14장 배전 선로의 관리와 보호,546,14.10,배전,True,True,"어느 평형 3상 3선식 배전 선로로 100[ ], 지상 역를 60[%]의 부하에 전력을 공급할 경우 이 선로의 전력 손실률은 12[%]라고 한다. 지금 부하에 병렬로 콘덴서를 설치해서 이 선로의 전력 손실를을 5[%]로 감소 시키기 위해서는 몇 [의 콘덴서를 필요로 하게 되는가롤 계산하여라."
tx-song-0578-04,exercise,최신 송배전공학,송배전공학,14장 wa 선로의 관리와 보호,578,4,변압기,True,True,주상 변압기의 탭 폭은 일반적으로 5[%]로 되어 있는데 이것을 2.5[%]로 하였을 경우 의 득실에 대해서 설명하여라.
tx-song-0578-07,exercise,최신 송배전공학,송배전공학,14장 wa 선로의 관리와 보호,578,7,전력,True,True,전력 880[ 0]로 역률 75[%)(지상)인 부하가 있다. HAS 콘덴서를 설치함으로써 역 률을 90[%]로 개선하고자 한다. 이때 소요될 조상 용량 .는 몇 [/]인가
tx-song-0578-08,exercise,최신 송배전공학,송배전공학,14장 wa 선로의 관리와 보호,578,8,변압기,True,True,"역률 80[%], 10,000[ / 의 부하를 갖는 변전소에 2.000[ /4의 콘덴서를 설치해서 ASS 개선하면 변압기에 A 수 있는 부하[는 얼마까지 늘어나겠는가"
ex-grid-0023-01,example,전력계통공학,계통공학,1장 전력 nigel 개요,23,10,원자력,True,True,08 ~1408HkW] 단위의 원자력을 표준으로 해서 의욕적인 원자력 개발에 박차를 가 ) 하고 있다. 참고로 표 1-3에 2031년까지의 장기전원개발계획에 따른 전원 구성과 그 수급 전망을 보 인다. /
tx-grid-0036-03,exercise,전력계통공학,계통공학,1장 연슴문제,36,3,수력,True,False,우리나라에서의 전원 개발 계획은 화주수종(/(조4048으로 전개되어 가고 있다. 그런데 에너지 공급 면에서 수력 발전이 차지하게 될 필요성에 대해서 설명하여라.
ex-grid-0056-01,example,전력계통공학,계통공학,2장 Be ee 프로 기조 ae ED,56,2-3,변압기,True,True,"i J 1차/ 2차/ 3차 정격 용량이 240[MVA] / 264[MVA] / 120[MVA]9] 3권선 변압기가 있는데 각 권선 간의 임피던스는 정격 전압 기준에서 다음과 같다. 제 = 21.8[%] (240[MVA] 기준) Xp = 7.6[%] (120[MVA] 기준) qq =19-6[%] (120[MVA] 기준) TOO[MVA] 기준의 1, 2, 3차 임피던스 X,, X, ㅅ,을 구하여라."
ex-grid-0083-01,example,전력계통공학,계통공학,2장 전려기동의 교과 2초 4 81,83,22,변압기,True,True,71 ) 그림 2-32의 전력 계통에서 모선 ~Q 간에 설치된 기준 외 권선비를 가진 변압기의 /값 ) 이 1일 경우의 어드미턴스 Hee 다음과 같다고 한다. ㆍ 주 00 ) 0.08 + j0.40 0.10 + j0.40. J 0.12 + j0.50 7080 in J ~j29.0 an ) 그림 2-32 모델 AS
ex-grid-0090-01,example,전력계통공학,계통공학,2장 Bal Bol Be 712 WIN ELD,90,2.10,에서,True,False,"에서 구한 1 ,6와 일치하고 있음을 알 수 있다. 이제까지는 일반적인 계통 구성 변경 시의 Yius 행렬 수정법에 관한 것이었는데 경우에 따 라서는 별로 중요하지 않은 모선이나 부분 계통을 소거해서 Yous VEO] 규모를 축소된 16 행렬로 수정하고자 할 경우도 있을 것이다. ) 이것은 이른바 YAS) 분할에 관한 문제로서 가령 n 차원(4×7)의 Yous 행렬 중 개의 모 선(7 n) 소거해서 (n m) 차원 [(n m) x (n m)]9] 등가적인 186"
tx-grid-0094-01,exercise,전력계통공학,계통공학,2장 연습문제,94,1,69080,True,True,"69080], 15[MW]+j 9[MVarl ] 부하를 66000], 10[MVA] 기준의 단위 어드미턴스로 = 현하여라."
tx-grid-0094-02,exercise,전력계통공학,계통공학,2장 연습문제,94,2,어편,True,True,"어편 전력 계통의 연간 최대 전력이 15,600[Mw], 연간 수요 전력량이 7.34 x 107[MWh] 였다. 이 해의 연부하율은 몇 [%]로 되겠는가"
tx-grid-0094-03,exercise,전력계통공학,계통공학,2장 연습문제,94,3,AU,True,True,"AU] 7 Vow 34502], 용량의 기준값 5 를 11000144041(3상 용량임)이라 할 경 우 다음 제량을 PUSH 나타내어라. 0 V=387.5 [kV] 2) V=330+5 150 [kv] (8) P+jQ= 400 [MW] +5 250 [MVar] (4) 23.645 35"
tx-grid-0094-04,exercise,전력계통공학,계통공학,2장 연습문제,94,4,변압기,True,True,"24 2-37 (8)의 직렬 어드미턴스를 갖는 송전 선로의 한쪽 끝에 그림 2-37 (6)와 같은 탭비가 1 1.1로 설정된 부하 탭 절체 변압기(.ㅁ7)가 접속되었을 때 7형 등가 회로로 나타낸 각 부분의 어드미턴스를 구하여라. 단, LRTS) 누설 리액턴스는 111%]라고 한다. 00 21.1 (9) 송전 선로 6 송전 선로의 한쪽 끝에 LATS 접속 그림 2-37 송전 선로(수치는 0) 어드미턴스)"
tx-grid-0094-05,exercise,전력계통공학,계통공학,2장 연습문제,94,5,변압기,True,True,다음과 같은 BAS 갖는 3권선 변압기가 있다. 1차 / 2차 / 3차 정격 용량 = 20[MVA] / 20[MVA] / 5[MVA] 1차 / 2차 / 3차 정격 전압 = 77080] / 22[kV] / 3.3080] 누설 임피던스는 리액턴스분만 갖는 것으로 정격 전압 기준 하에서 다음과 같은 값을 지니고 있다.
ex-grid-0202-01,example,전력계통공학,계통공학,4장 전력 조류 계산,202,4-5,에서,True,True,"에서 사용한 3모선 모델 계통에서의 조류 계산을 고속 06004060법으로 풀어 a. OM WA 주어진 계통의 Yus= -725 710 415 = 210 -202 215 j2 927. 인데 고속 060002100법에서 사용되는 B 행렬은 % Bos [2 회 B= = By By 12 -271 이다. 먼저 식 (4.149)로부터 Any A (2) ( 22 과 AE ea 00000 az Le ad am, 19026 0.0489) Ap, AE 14 , 또는 6, = 0"
ex-grid-0217-01,example,전력계통공학,계통공학,4장 29 조예,217,4.5,에서,True,True,"에서 사용했던 모델 계통 및 운전 조건을 기초로 하고 모선 1을 슬랙 모선으로 취하였을 때의 조류 계산을 (0) Decoupled (2) Fast 200042160법으로 풀어라. 단, 여기서는 1회 반복 시의 수정 방정식을 유도하는 것으로 한다."
ex-grid-0238-01,example,전력계통공학,계통공학,5장 수진 0 237,238,5-6,주파수,True,True,"1O0[Mw] 2] 발전기 5대와 200[ / ]의 발전기 5대로 602], 1,200[MW]9 부하에 전력을 공 급하고 있다. 자금 100[MW] 발전기의 속도 ABE 447 3[%]이고 200[Mw] 발전기의 속도 ABB 0 가 4[%], 부하의 전력ㆍ주파수 특성 정수 % 이 0.21%400/0.+2 라고 할 경우 다음 값을 구하여라."
ex-grid-0248-01,example,전력계통공학,계통공학,5장 주르 전 90 해,248,5-9,주파수,True,True,"전력 계통의 총 수요가 1800[ // 이고 계통 주파수는 60[닌로 안정된 운전을 하고 있다. 이때 각 발전소의 출력은 표 5-3과 같다고 한다. E53 Som See 현재 출력 Gx 조정를 운전 4005 FG Gov, Free 헤레 Bacon [em __ 여기서 부하 측의 계통 정수 KS 4[%4 /2 라 하고 다음 물음에 답하여라. () A 발전기 25000] 탈락 시 계통 주파수는 얼마로 되는가 ㅣ (2) 이때의 각 발전기의 출력을 구하여라."
tx-grid-0265-01,exercise,전력계통공학,계통공학,5장 주뚜유전 xo ED,265,1,주파수,True,True,"100[MW]2] 발전기 5대와 200[MW]2 발전기 ScHE 60[c/s], 1,200[MW]9] 부하에 전 력을 공급하고 있다. 100[MW] 발전기의 조정률이 3[%], 200[14 ]의 발전기의 조정률이 419, 부하의 전력 - 주파수 특성 ㅅ,이 0.2[%] MW/0.1[Hz]a 경우, 100[Mw]o] 정격 출력을 내고 운전하고 있던 발전기 1대가 갑자기 계통으로부터 탈락했을 경우에 생기는 주파수 변화량과 각 발전기의 출력 변화량을 구하여라."
tx-grid-0265-02,exercise,전력계통공학,계통공학,5장 주뚜유전 xo ED,265,2,주파수,True,True,"정격 출력 600[40 1의 발전기가 정격 주파수 60[212]로 정격 부하를 담당해서 운전하고 있다. (1) 계통 주파수가 갑자기 60.2022로 상승하였을 때의 발전기 출력을 구하여라. 단, 속 도 조정률은 4.01%로 설정되어 있는 것으로 한다. (2) 속도 조정률을 변경하지 않고 60[121로 출력을 400[44 ]로 하려면 조속기의 SYS 어떻게 변경하면 되겠는가"
tx-grid-0265-03,exercise,전력계통공학,계통공학,5장 주뚜유전 xo ED,265,3,주파수,True,True,"SO0[MW]2] 발전기 25대가 6O[Hz]= 11,000[MW]2] 부하에 ABS 공급하고 있다. 정 격 출력으로 운전하고 있던 1대의 발전기가 갑자기 탈락(트립)하였을 때의 계통 주파수 를 구하여라. 단, 각 발전기의 조정률(6)은 4[%]라 하고, Pops] 전력ㆍ주파수 특성 정 수 은 3.01%86 /22]라고 한다."
tx-grid-0265-04,exercise,전력계통공학,계통공학,5장 주뚜유전 xo ED,265,4,주파수,True,True,"계통 용량 5,000[MW], 계통 특성 정수 1.0[%84 /0.1012]에서 +250[MW]9] 부하 변동 이 있을 때 허용 주파수 변동폭을 ~0.21821로 억제하고자 한다면 여기에 필요한 조정 용량은 얼마로 되겠는가 또, 이때의 조정력의 발동까지 포함한 계통 특성 정수 BK[AMW/Hz= 얼마로 되겠는가 단, 계통 및 조정 발전기의 시정수는 무시하는 것으 로 한다."
tx-grid-0265-05,exercise,전력계통공학,계통공학,5장 주뚜유전 xo ED,265,5,주파수,True,True,"A, 8 2개의 계통이 연계 운전하고 있다. A 계통 내의 전원 탈락으로 계통 주파수가 0.12032 저하하고 AAA 전력(8 계통 수전을 정(+)으로 Aho 120[Mw] 감소하였 다. 8 계동의 전력ㆍ주파수 특성 정수를 구하여라."
tx-grid-0265-06,exercise,전력계통공학,계통공학,5장 주뚜유전 xo ED,265,6,주파수,True,True,"A, 3 2계통이 연계 운전 중, BAS) 발전기 유닛 500040 ]가 갑자기 탈락해서 주파수 가 0.2082) 저하하고 동시에 계통으로부터 B 계통에의 연계선 조류가 100[MwW] 증가 하였다. 이때 A, B 각 계통의 계통 정수를 구하여라."
ex-grid-0281-01,example,전력계통공학,계통공학,5장 주무우로 CEE,281,6-3,연료비가,True,False,"연료비가 아래 식으로 주어지는 2대의 발전기로 구성되는 전력 계통이 있다. 부하 이 주 ㅣ 어졌을 때의 계통 중분비 AS 구하는 계산식을 유도하고 2,이 200[mwie 때의 경제적인 각 발전기의 출력 배분 및 총 연료비를 계산하여라."
ex-grid-0284-01,example,전력계통공학,계통공학,6장 전 거의 ESE,284,6.4,에서,True,False,"에서 Po, 의 운전 범위가 50 을 Pg, 150 로 주어질 경우의 최적해를 구하여라."
ex-grid-0306-01,example,전력계통공학,계통공학,6장 전 Ago anes 해,306,6-14,그림,True,True,"그림 6-18과 같은 27 계통에서의 손실 계수(2, , )는 다음과 같다고 한다. By, =0.001[1/MW] By = 0.0005[1/MW] Boo = 0.0024[1/MW] 또, 이때 2 발전기의 증분 연료비 계수는, Ba Path + F=00l 2.=20 ak, 222 FoPat he 20001 fy=15 라고 할 때 이 계통의 경제 부하 배분을 결정하여라. 프 쓰 eS Fe 그림 6-19 모델 계통"
ex-grid-0346-01,example,전력계통공학,계통공학,7장 Bee 전 0 ED,346,7-3,송전,True,True,"그림 7-6에서 B= 발전기 기전력, 는 부하 단자 전입, R+ XE 발전기의 내부 리액턴 스까지 포함한 송전 계통의 임피던스이다. 일반적으로 송전 계통에서는 AR XT 성립한다. 이러한 경우 송전선상의 유효 전력은 와 의 위상치에, 무효 전력 Ok 송전 계통의 전압 강하에 밀접하게 관계한다는 것을 보여라. RX 7 f 그 fy sy 5 올리 mat 90 . 869 이 80 [후 yt i av ) 계통도 (9 벡터도 그림 7-6 단상 송전 계통 OM) 부하 전력"
tx-grid-0375-03,exercise,전력계통공학,계통공학,7장 연슴문제,375,3,송전,True,True,"임피던스 3+ 77[)]의 가공 선로와 임피던스 5+ 72[으]의 지중 케이블이 병렬로 연결 되어서 10000], 역률 88[%)(지상)의 부하에 전력을 공급하고 있다. 수전단 전압이 150064]로 유지되어 있을 때 송전단 전압과 그 위상각 및 역률, 그리고 각 선로를 흐르 는 조류를 구하여라."
tx-grid-0375-04,exercise,전력계통공학,계통공학,7장 연슴문제,375,4,송전,True,True,"그림 7-25와 같은 송전 시스템에서 발전기 HSS 구하여라. 단, 시스템 내의 단위값은 각 모선 전압과 100001시를 기준으로 한 것이다. E ou) D 0.04(Pu] C 000미 B 01001 A -3 sony 0100 0.04[PU] oaPul 0.1[PU] pf =1 ) 345K] 부하 16461 28.9020 20000) P AM)=08 그림 7-25 방사상 전력 시스템"
tx-grid-0375-05,exercise,전력계통공학,계통공학,7장 연슴문제,375,5,송전,True,False,"그림 7-269] 송전 선로에 부하를 접속하였더니 점 Do] 전압이 공칭 전압보다 5000] 떨어졌다. 원래의 전압으로 회복하는 데 필요한 무효 전력량을 구하여라. 단, 그림에서 의 단위값은 SOOMVAIS 기준으로 한 것이고 ABS 무시한다."
tx-grid-0450-01,exercise,전력계통공학,계통공학,8장 연습문제,450,1,전압,True,False,"정격 용량 350[MVA], 정격 전압 15024], 직축 초기 과도 리액턴스"
tx-grid-0450-02,exercise,전력계통공학,계통공학,8장 연습문제,450,2,전압,True,True,"= 25 [%], 역상 리액턴스 x, = 25 [%]의 발전기가 정격 전압에서 무부하 운전 중에 발전기 단자에서 다 음의 고장이 발생하였을 때의 고장 발생 직후의 전류를 구하여라. (0) 3 단락 (2) 선간 단락"
tx-grid-0450-03,exercise,전력계통공학,계통공학,8장 연습문제,450,2,전압,True,True,"정격 전압 15004], 정격 용량 400[MVA], x, = 20 [%]의 발전기가 있다. 정격 전압에서 무부하 운전 중 (3) 정격 전압에서 출력 360[MW]+ j16o[MVAR]= 운전 중 발전기 단자에서 3상 단락 되었을 경우 단락 직후의 7 를 구하여라."
tx-grid-0450-04,exercise,전력계통공학,계통공학,8장 연습문제,450,3,송전,True,True,"어떤 변전소의 6600)측 모선의 합성 임피던스는 10044] 기준의 임피던스 맵으로부 터 ay =011.6, 20 =77.8, 27 =76.8이었을 때 다음 값을 구하여라. (1) 66[kV] 모선의 단락 용량 (3) 이 모선에 접속되어 있는 송전선의 송전단 근방에서 3상 단락 사고 발생 ajo 3상 단락 고장 전류"
tx-grid-0450-05,exercise,전력계통공학,계통공학,8장 연습문제,450,4,송전,True,True,"그림 8-44에 나타낸 바와 같은 무부하 G, 60.00000041 Gz 5,000kVA] 송전선의 8점에서 34 단락 사고가 났다 za = 80%) 362=8080 고 할 때 6점을 흐르는 단락 전류를 각각 22000 22000 ~ 옴법 메 wa 100,000 VA] 으로 구하여라. 단, 계산에 사용할 수치 stem [200 는 그림 8-44에 나타낸 것과 같다고 한 x= 70.5[Q/km] 3 ae 8-44"
ex-grid-0476-01,example,전력계통공학,계통공학,9장 전 Ago 인도 QED,476,9-3,송전,True,True,"그림 9-ㄱ12와 같이 발전기와 전동기가 송전 MES 통해서 연결된 2기 시스템이 정상 상태로 문전하고 있다. 다음 두 가지 경우에 대한 정태 안정도를 해석하여라. 단, 수전 전력은 1202], 전동기의 SHS 1.0이라고 한다. (1) 송전 선로가 평행 2회선인 경우 (2) 송전 선로가 1회선인 경우 2 Xn , ㅠㅠ V, E, Xi if Xe ie X, Xm = Xn 그림 9-12 271 계통 OE 수전 전력이 1.20[ㅁ0], 전동기의 단자 전압이 1.0"
tx-grid-0523-02,exercise,전력계통공학,계통공학,9장 연습문제,523,2,전압,True,True,"정격 용량 400[4[ 4], 단락비가 0.9인 터빈 발전기가 단락 SF 1000[0시의 모선에 접속되어 있다. 이 발전기가 정격 전압 및 정격 전압의 95[%에서 운전할 때의 전력, 무 효 전력에 관한 안정 한계 곡선을 그려라."
tx-grid-0523-03,exercise,전력계통공학,계통공학,9장 연습문제,523,3,안정도,True,False,"제동 ASS 고려한 1기 무한대 모선 계통의 정태 안정도는 제동 계수 DQ] 부호가 정이 면 안정하다는 것을 설명하여라. 또, 이때의 동요의 주기를 구하여라."
tx-grid-0523-04,exercise,전력계통공학,계통공학,9장 연습문제,523,4,변압기,True,True,"그림 9-433 같이 600060]의 발전기가 전압이 345[6]인 무한대 모선에 연결되어 5500004], 역률 0.9(지상)로 AGS 공급하고 있을 때 이 계통의 정태 안정 극한 전력은 얼마로 되겠는가 단, 그림에 표시되지 않는 다른 정수는 무시한다. OA 2 EY aed 모선 발전기 변압기 변압기 부하 55000] 60000] 역률 0.9(지상) (8) 계통도 쑥=845000] X4=30(%) Xg=171%) X= 7.52] Xp = 10186] ㆍ ..0"
tx-grid-0523-05,exercise,전력계통공학,계통공학,9장 연습문제,523,5,단위,True,True,단위 관성 정수 HE 발전기의 축세차(17466) 효과 GD [kg - m]S 사용하면 다음 식으로 주어진다는 것을 보여라. y= 287GD rpm/1000) 107 [sec] Py
ex-grid-0583-01,example,전력계통공학,계통공학,3장,583,4-6,에서와,True,True,"에서와 같이 뉴턴ㅡ랩슨법에 의한 수정 방정식은 AP, 46, al Ab, AP) = (Ml 00 ag AQ, z= 로 되는데 여기서 [N]=0, [4] =022 둔 것이 260042160법이다. 원래"
ex-grid-0583-02,example,전력계통공학,계통공학,3장,583,4-6,뉴턴,True,True,"의 뉴턴ㅡ랩슨법에서도 [ ] =0, [44] =0으로 되어 있기 때문에 이 경 우어는 양자 간에 아무런 차이가 없어 앞서 구한 그대로 계산할 수 있다. (2) Fast Decoupled d 먼저 Fast 260040160법에 의한 수정 방정식은 420 Eo [F 0 Ae ag lo a ) Lag Ee 로 된다. 여기서 [B94 [8 ]는 [- Yous] 행렬의 A 서셉턴스에 대응하는 것이다. 즉, 이 예에서는"
ex-generation-0029-01,example,최신 발전공학,발전공학,2장 수력발전의 개요,29,21,수차,True,False,"총 낙차(29) 300[m], 사용수량(0) 20[m /slel 발전소의 수차출력( ,), 발전 기 출력(2 , )을 구하여라."
ex-generation-0029-02,example,최신 발전공학,발전공학,2장 수력발전의 개요,29,2.2,수력,True,True,"유효낙차 3017], 출력 20,000[ 401의 수력 발전소를 전부하로 운전할 경우, 1 시간당의 사용수량은 몇 [0 인가 단, 수차 및 발전기의 SSS 각각 82[%] 및 95[%]라고 한다. 수차 및 발전기의 효율이 주어졌기 때문에 매초당의 사용수량 QE _ 20,000 _ O= Sexaoxosmxons 7 3lm /s 로 되므로 1시간당의 사용수량 QE Q) =87.3 60 x 60 = 316,000[m ] (or 2.3 최대출력 50,000[kWI2]"
ex-generation-0041-01,example,최신 발전공학,발전공학,2장 수려발전의 개요,41,2.5,수력,True,True,"상시 출력 8,000[kw], 상시 첨두출력 12.000[ ], 8시간 계속 발전할 수 있는 BSAA 수력 발전소가 있다. 평균 유효낙차가 60[0)이고 수차, 발전기의 종 합효율이 80[%]라고 할 때. 저수면적 80,000[07로 단면적이 일정한 이 조정 지에서는 위와 같은 SHS AAS 경우 수심 몇 [7]까지 사용하면 되겠는가 단, 이 조정지에서는 낙차변동의 영향은 무시하는 것으로 한다. 6300 25 출력시의 사용수량을 2,[ㅠ /9], 상시 출력시의"
ex-generation-0042-01,example,최신 발전공학,발전공학,2장 수려발전의 개요,42,2.6,수력,True,True,유효 저수용량 200x10 [mo] 조정지를 갖는 유효낙차가 80[0)인 수력 발전 소가 있다. 자연유량이 25 [01 /6]일 때 그림 2.13과 같은 부하곡선으로 운전하 였을 경우의 첨두부하 시 및 저수 시(곧 경부하시가 됨)의 출력을 구하여라.
ex-generation-0044-01,example,최신 발전공학,발전공학,2장 수려발전의 개요,44,2.8,수력,True,True,"경사 1/1,500, Sz 3[070의 HES 갖는 수력 발전소가 있다. 이 발전소의 a 수구와 방수구와의 TARE 170[m], 수압관의 손실낙차를 1.5[01], 방수구의 손실낙차를 1 [m], 최대 사용수량을 매초 50[077 라고 한다면 이 발전소에서 발 생할 수 있는 최대출력은 몇 [ /]인가 또, 발전소가 연부하율 60[%]로 운전 할 경우 연간 발생 전력량은 얼마[ ]인가 단, 수차의 SSS 86[%], 발전기 의 효율은 96[%]라고 한다. i h"
ex-generation-0045-01,example,최신 발전공학,발전공학,2장 수려발전의 개요,45,2.9,낙차,True,True,"낙차 30[071의 상부 저수지에 OHA 30[0 1의 수량을 4시간 연속해서 양수한 다 음 이것을 방류해서 발전할 경우 (1) 양수용 전력량 Ww, (2) 조정지 BBV (3) 발전 전력량 We (4) 양수 발전의 효율 7 를 구하여라."
tx-generation-0049-05,exercise,최신 발전공학,발전공학,2장 수려발전의 개요,49,5,수차,True,True,"유효낙차 300[2], 사용수량 150[m5/s], 수차효율 87[%], 발전기 효율 96[%)일 때의 이론출력 및 발전기 출력을 구하여라."
tx-generation-0049-06,exercise,최신 발전공학,발전공학,2장 수려발전의 개요,49,6,수력,True,True,"유효낙차 100[ㅁ1, 사용수량 60[ㅁ /8의 수력지점을 개발할 때 대략 몇 [ㅠ ]의 발전 출력을 얻을 수 있겠는가 단, 발전기 및 수차의 종합효율은 80[%]라고 한다."
tx-generation-0049-07,exercise,최신 발전공학,발전공학,2장 수려발전의 개요,49,7,수차,True,True,"유효낙차 50[m], 출력 40,000kW]9] 수차 발전기를 전부하로 운전할 경우 1일간의 사용수량 QE 얼마로 FRET 단, /, =90[%],"
tx-generation-0049-08,exercise,최신 발전공학,발전공학,2장 수려발전의 개요,49,7,97,True,False,= 97[%]라고 한다.
tx-generation-0049-09,exercise,최신 발전공학,발전공학,2장 수려발전의 개요,49,8,수차,True,True,"총낙차 80.9[ㅁ], 사용수량 30[7 /8의 발전소가 있다. 수로의 SH 3,800[m], 수로 구배 1/2,000, 수압철관의 손실낙차 1[70]라고 한다면 이 발전소의 출력은 얼마[ㅠ ] 인가 또, 여기에 시설하여야 할 발전기 SS 대로 하려면 발전기 및 수차의 용량은 각각 얼마로 하여야 할 것인가 단, 수차의 효율은 86[%], 발전기의 ASL 96[%]라고 한다."
tx-generation-0049-10,exercise,최신 발전공학,발전공학,2장 수려발전의 개요,49,9,수력,True,True,"최대 사용수량 120[ㅠ /8 , 유효낙차 75[m], 발전소 종합효을 85[%]인 수력 발전소의 최 대출력 을 구하여라. 또, 이 발전소를 1년 중 200일간은 평균 사용수량 100[ㅁ /8], 효율 70[%)로, 50일간은 평균 사용수량 60[ㅁ /8], 효율 55[% 로, 나머지 기간은 최대 사용수량으로 운전하였다고 하면 1년 365일을 통한 전발전량 wWikwhle 얼마가 되겠 는가 단, 유효낙차는 사용수량의 대소에 관계없이 일정하다고 한다."
ex-generation-0052-01,example,최신 발전공학,발전공학,2장 수력발전의 개요,52,3.1,그림,True,True,"그림 3.2와 같이 수심이 50[00(인 수조가 있다. 이 수조의 측면에 미치는 수압 쓰는 얼마인가 50120 그림 3.2 정수 중 임의의 깊이 AA 압력의 세기 pe p=1,000H [kg/m ]= 7 H[kg/om ] roy a Hm) pS Aol vase 그림 3.3에서 AW p,=0(H=0) Cc B 1 qyatke/cm ] Ba pg=1,000H [ke/m ]= 75 [ke/em ] 그림 3.3 따라서 48면(즉, 측면)에 작용하는 평균압력의 세기 2"
ex-generation-0061-01,example,최신 발전공학,발전공학,2장 수력발전의 개요,61,3.3,그림,True,False,그림 3.11과 같은 수조에 물이 채워져 있다. 수면으로부터 20 [01] 깊이의 측벽 에 분출공을 들었을 때 물이 이 구멍으로부터 분출하는 분출속도를 구하여라.
ex-generation-0061-02,example,최신 발전공학,발전공학,2장 수력발전의 개요,61,3.4,수력,True,True,"낙차가 중간 정도의 수력 발전소에서 유효낙차 [00]가 변화하였을 경우 이에 따라 수차의 최대출력 PE 어떻게 변화하는가 단, 이 경우 수차효율 n= 일 정하다고 한다. 수차출력 P= 9.8 QHn, 000] 그림 8.1에서 수압관 출구의 단면적을 Alm ), 48 vlm/slet 하면 수량 Q [m/s] 는 연속의 원리에 따라 Qz= Av [m/s] 3 한편, 유속 vb 토리첼리의 정리로부터 수압관 이므로 6 v[nvs] Q= Ae Vig Aer] 로 된다."
ex-generation-0067-01,example,최신 발전공학,발전공학,3장 수력학 7,67,4.3,수력,True,True,"평균표고 300[m], 면적 50만[79인 지역의 연간 강수량이 1500[0071일 때 이론 포장(원를)수력, 포장수력 및 발전소 용량을 구하여라."
ex-generation-0067-02,example,최신 발전공학,발전공학,3장 수력학 7,67,4.4,수력,True,False,다음과 같은 수력 발전소의 최대 출력을 계산하여라.
ex-generation-0072-01,example,최신 발전공학,발전공학,4장 유랑과닉차,72,4.5,수력,True,True,"유역면적 A00[km ], 1년간의 총강수량 1.500[000인 수력지점이 있다. 유출계 수를 70[%]라 하고 HFSS 연간 평균유량의 1/3 이라고 할 때 이 하천의 저수 Be 얼마인가 연간 BERS Olm/ske 식 (4.1로부터 저수량은 연간 평균 유량 (2 의 1/9이라고 하였으므로 13.32 ie 4.44 [m /s] ("
ex-generation-0072-02,example,최신 발전공학,발전공학,4장 유랑과닉차,72,4.6,수력,True,True,"그림 4.6과 같은 유황곡선을 가진 하천에서 최대 사용 수량 9O[m /s], 최소 At 용수량 30[01 /6], 유효낙차 60[001의 수력 발전소를 설계할 경우 아래 사항의 US 구하여라."
ex-generation-0074-01,example,최신 발전공학,발전공학,4장 유랑과닉차,74,47,수차,True,True,"7. 직하에 발전소를 둔 조정지식 발전소가 있다. 하천의 유황꼭선은 그림 4.7과 BON, 풍수량 이하의 유량범위에서는 유량 [07 /5]와 일수 7과의 관계가 같 은 그림의 수식으로 표시된다고 한다. 이 발전소의 최대 사용수량은 풍수량과 같으며, 또 유효낙차는 100[01], 수차와 발전기의 종합효율은 88[%로서 사용 수량에 관계없이 일정하다고 할 경우, 이 발전소에 대해서 다음의 값을 구하여 라. 단, 이 조정지는 일간 조정용의 것이라고 한다. 노새 Q 1"
ex-generation-0085-01,example,최신 발전공학,발전공학,4장 Selah At,85,4.8,수차,True,True,"평균 유효낙차 5O[m], BE 160,000[kw], SH 저수량 40.000,000[07 의 발 전소가 있다. 이 저수량은 몇 [kwh]oil 해당하는가 단, 수차의 효율은 86[%], 발전기 효율은 97[%]이다. 160,000 [kW] 발전하는 데 필요한 유량을 [ㅁㅠ /이라고 하면 160,000 = 9.8 x 50x Qx 0.86 x 0.97245) ee 160,000 _ + O- Taxepxasexoor 89143im /s] 1시간의 발전량 160,0"
ex-generation-0086-01,example,최신 발전공학,발전공학,4장 Selah At,86,4.10,수력,True,True,"유역면적 200[07], 1년간의 총강수량 1,500[mm]e 수력지점이 있다. 유출계 수를 70[%]라 하고 갈수량을 연간 평균유량의 1/3 이라고 한다면 갈수량은 얼 마인가 다음 갈수 시에 이 유량을 사용해서 그림 4.19와 같은 부하율 50[%]1, 첨두부하 계속시간 4시간의 부하를 담당해서 발전하는 데 필요한 조정지의 용 량을 구하여라."
tx-generation-0088-01,exercise,최신 발전공학,발전공학,4장 Selah At,88,1,유역면적,True,True,"유역면적 60002], 연강수량 2,300imm] 2] 하천에 유출하는 연간 평균유량 [m/s] 을 구하여라. 단, 이 하천의 유출계수는 70[%]라고 한다."
tx-generation-0088-02,exercise,최신 발전공학,발전공학,4장 Selah At,88,2,수력,True,True,"유역 면적 400[km ), 1년의 총강수량 1500[ㅁ00]인 수력지점이 있다. 유출계수를 70 19]라 하고 갈수량올 연간 평균유량의 1/3이라고 할 때 이 하천의 갈수량은 얼마인가"
tx-generation-0088-07,exercise,최신 발전공학,발전공학,4장 Selah At,88,7,수차,True,True,"평균 유효낙차 60.6[m], HSS 5,000[kw]o] 발전소에서 유효용량 80,000[2 ]의 조정지를 가지고 있다. 상시 사용수량이 6[0 /61라고 할 때 이 조정지를 이용하면 발전 소를 최대출력으로 몇 시간 운전할 수 있겠는가 단, 수차 발전기의 종합효율은 80[%] 라고 한다."
tx-generation-0088-08,exercise,최신 발전공학,발전공학,4장 Selah At,88,8,면적,True,True,"면적 80,000[m7]2] 조정지가 있다. 이 조정지에 대하여 다음 각 사항을 계산하여라. (4) 이용수심 1[20]당의 유효 저수량 (2) 평균 유효낙차 75 [mJ] 대하여 이용수심 1[ㅁ]당의 발생 전력량 단, 발전소 종합효율은 80 [WS 일정하다고 한다."
ex-generation-0107-01,example,최신 발전공학,발전공학,5장 수력설비,107,5.1,수력,True,True,"유효낙차 80007], 출력 40,000[kw]o] 수력 발전소에서 사용하게 될 수압관의 평균지름(안지름)은 얼마인가 단, 발전소의 종합효율은 80[%], 수압관 내의 유속은 3[07/6]라고 한다. 먼저 이 발전소의 유량 Omsk P=9.8 Fn, ZEA 다옴과 같이 구해진다, 고 40,000 , = 98800, 9.8×80×08 63 78[m /s] 따라서 수압관의 ASS DABS Alm ), 유속을 vlm/s]2t 할 때 Q=Av= we tv 의 관계로부터"
ex-generation-0107-02,example,최신 발전공학,발전공학,5장 수력설비,107,5.2,수차,True,True,"사용수량 5[7 /6], 수조수면과 수차와의 고저차가 160[0]인 발전소에 용접수 압 철관 1관을 설치하려고 할 경우, 철관의 안지름 및 상ㆍ하 양단에서의 강판 의 두께를 계산하여라."
ex-generation-0135-01,example,최신 발전공학,발전공학,0장 수차,135,6.2,수차,True,True,"펠톤 수차를 사용하는 발전소가 있다. 수조면과 수차의 노즐과의 고저차가 200 [001에서 수차와 직결된 발전기가 60,000[kWIS 발생하고 있다. 수차와 발전기 와의 합성효율은 75[%], 수압관 내의 수두손실을 고저차의 2[%]라고 하면 사용 수량은 몇 [m /s]2 71 제의에 따라 수압관 내의 손실수두가 2[% 이므로 유효낙차 는 교=200-200×0.02=196[2ㅁ2] 따라서 1초당의 사용수량은 P=98n,7, 0H 의 관계삭으로부터 8 ca To"
ex-generation-0136-01,example,최신 발전공학,발전공학,0장 수차,136,6.3,수차,True,True,"유효낙차 150[0]에서 출력 26,500[kwlel 수차가 있다. 유효낙차가 5007] 저하 하였을 때의 SAS 구하여라."
ex-generation-0137-01,example,최신 발전공학,발전공학,0장 수차,137,6.4,주파수,True,True,"유효낙차 160[m], 출력 22,500[kw], 주파수 60[121의 수차 발전기의 정격 회 전속도를 구하여라."
ex-generation-0138-01,example,최신 발전공학,발전공학,0장 수차,138,6.6,주파수,True,True,"= osust 256[m], 출력 40,000[kw], 주파수 60 [Hz]e 수차 발전기의 회전수 10071]는 얼마로 하면 적당하겠는가 단, 수차의 비속도 한도 의 개략값은 _ 20,000 . = Fry 99 t 0000 - kW] 로 표시된다고 한다. 제의에 따라 어 수차의 비속도의 한도 NE 20,000 은 = 256+20 7 20 + 102.5[m - kW] 비속도의 일반식은 수차 ASS N[rpm], 출력을 2 100 ]라고 할 때 20213 가 이므"
ex-generation-0139-01,example,최신 발전공학,발전공학,0장 수차,139,6.7,주파수,True,True,"유효낙차 10[0], 사용수량 20.3(07 /8의 수력을 얻을 수 있는 지점에 발전소 를 건설할 경우 수차, 발전기의 회전수는 얼마가 적당하겠는가 단, 수차 효율 은 87[%], 주파수는 6012], 비속도 의 한계값은 20,000 . N.S Fea 30 때 kw] 로 표시된다고 한다. 먼저 이 발전소에 설치할 수차(를 낙차, 사용수량이 각각 110 m], 20.3[2 /61로 중 간 정도이므로 프란시스 수차가 적당함)의 비속도의 한계값 NE 20,000. 0"
ex-generation-0140-01,example,최신 발전공학,발전공학,0장 수차,140,6.8,주파수,True,True,". 유효낙차 200[m], 최대 사용수량 8207 /9]의 수력 발전소를 건설해서 주파수 가 601721인 전력계통에 연계시키고자 한다. 이 경우 아래 값을 구하여라."
ex-generation-0149-01,example,최신 발전공학,발전공학,6장 수차,149,6.10,주파수,True,True,"60[121에서 300[ ㅠ0의 수차발전기의 극수[7 는 얼마인 가. 또 48극수의 수차 발전기의 회전수는 얼마인가 회전수 Nirpm), 주파수 7182], 극수 7의 사이에는 y= pe 의 관계가 있기 때문에 이 식을 사용해서 = 00. 10500, P= = 399 지키 N= ee 0 150.0[rpm] (ora 61 최대 사용수량 및 유효낙차가 주어진 수력 발전소를 설계함에 있어서 수차 발 전기의 단위용량을 크게 해서 대수를 적게 하는 경우와 단위용량을 작게"
ex-generation-0162-01,example,최신 발전공학,발전공학,6장 수차,162,6.13,수차,True,True,"정격 회전수 375[ 607 의 프란시스 수차가 전부하 SHS 하고 있을 때 갑자기 부하가 차단되었기 때문에 수차의 속도가 상승하였다. 이때의 속도 변동률이 25 [%]였다고 하면 수차의 속도 상승시의 회전수는 몇 [ 007]이었겠는가 속도 WEE 의 정의식은 = a 100%) 여기서, 2 정격 BASE [rpm] N 변화하였을 때의 회전속도 [rpm] 따라서 N= N,(1 +e) =375(1+0.25) 5 469[rpm] (16.14 정격 AHH Goltz],"
ex-generation-0163-01,example,최신 발전공학,발전공학,6장 수차,163,6.15,주파수,True,True,"정격출력 50,0000 4 의 수차 발전기가 6072 의 전력계통에 접속되어 전부 하, 정격 주파수로 운전 중에 있다. 여기서 이 계통에 접속되어 있던 일부의 부 하가 갑자기 차단되어 주파수가 60.3[[12 로 상승하였다고 하면 발전기 출력 kw] 어떻게 되겠는가 단, 수차 발전기의 속도 조정를은 4[%]라 하고 조속 기 특성은 직선이라고 한다. 속도 조정률의 일반식은 M- 2 b= oR 100 Py 이다. 제의에 따라 6) =4[%], Py= Py =50.0"
ex-generation-0166-01,example,최신 발전공학,발전공학,6장 수차,166,6.18,그림,True,True,"그림 6.40과 같이 2대의 발전기가 병렬문전하여 200[ / ]의 부하를 공급하고 있다. 이때 용량 100[Mw]e 발전기의 속도 ABS 6/는 4[%]이고, 용량 200 [Mw]e 8발전기의 속도 조정률 spo 4[%)(단, 속도 ABBE 어느 것이나 직 선 특성으로 가정함)라고 한다. 이 경우 양발전기의 조속기가 다같이 조속기 자 유운전(조속기 프리)한다고 하면 각 발전기의 부하분담은 어떻게 되겠는가 용량10004 _ 용량20004] 스발전기 8 발전기 %"
ex-generation-0176-01,example,최신 발전공학,발전공학,6장 수차,176,6.22,수차,True,True,". 발전기 정격출력 350[//4의 양수식 발전소가 있다. 양수종합(펌프 및 전동 기) 효율이 75[%], 발전종합(수차 및 발전기) 효율이 85[%]라고 할 때 1100 [Mwh]2 전력량으로 양수한 저수를 사용해서 최대출력의 발전을 계속할 수 있 는 시간은 얼마인가 단, 발전기의 역률은 100[%]라고 한다. 양수 전력량 ,10 )는 양수량을 Olm /s], 유효양정을 Alm], 양수시간을 /,41 라고 하면 W,,= Satin 0 Tha Mp 로 되고 발전"
tx-generation-0181-01,exercise,최신 발전공학,발전공학,6장 수차,181,10,어느,True,True,"어느 양수 발전소에서 40,000[MWh] 2] 전력량을 사용해서 60×1091ㅁㅠ 의 BS 양수 하였다고 한다면 이때의 유효양정(전양정)은 몇 [20 ]인가 단, 펌프 효율 =86[%], 전동기 효율"
tx-generation-0181-02,exercise,최신 발전공학,발전공학,6장 수차,181,4,98,True,False,=98[%]라 하고 양수에 따른 유효양정에는 변화가 없는 것으로 한다.
tx-generation-0181-03,exercise,최신 발전공학,발전공학,6장 수차,181,11,수차,True,True,"상부지와 하부지의 수위차가 250[ㅁ]인 양수 발전소가 있다. 수압관 기타의 손실이 4 [20]. 수차효율이 89[%], 발전기 효율이 98[%], 펌프효율이 88[%], 전동기 효율이 98 [%]라고 하면 이 양수 발전소의 종합효을은 얼마인가"
tx-generation-0181-04,exercise,최신 발전공학,발전공학,6장 수차,181,12,유효양정,True,True,"유효양정 90121, 펌프효율 87[% , 전동기 효율 98[% 의 양수 발전소가 있다. ARSE 량 50[2 /91로 4시간 발전하기 위한 양수량과 이때의 전력량을 구하여라."
tx-generation-0181-05,exercise,최신 발전공학,발전공학,6장 수차,181,13,600,True,True,"600,000[kWh]9] 전력량으로 유효양정 100[2]의 저수지에 양수할 경우의 가능 양수 Bm ]S 구하여라. 단, 펌프효율은 90[%], 전동기 효율은 98[%]라 하고 양수에 의한 유효양정은 변하지 않는다고 한다."
tx-generation-0181-06,exercise,최신 발전공학,발전공학,6장 수차,181,14,수차,True,False,"A, 8 대의 수차가 있다, ASA] 수량은 BEALS] 수량의 3배인데, 낙차는 BEAR 이 ASAD] 낙차보다 9배가 높다고 한다. 어느 쪽 수차의 회전수가 더 클 것인가 단, 능률 및 출력은 , 2 수차 공히 같다고 한다."
tx-generation-0181-07,exercise,최신 발전공학,발전공학,6장 수차,181,15,수차,True,True,"유효낙차 50[ㅁ]에서 출력 7,500[kW]2] 수차가 있다. 유효낙차가 2.51ㅁ]만큼 저하 하였다고 하면, 출력은 몇 [6 ]으로 떨어지겠는가 단, 수차의 안내 날개의 개도는 일정하다고 하고, 또 낙차변화에 따른 효율의 변화는 무시하는 것으로 한다."
tx-generation-0181-09,exercise,최신 발전공학,발전공학,6장 수차,181,10,주파수,True,True,"000[kW], 주파수 60[0/8 의 수차 발전기의 FASE 매분 몇 회전이 적당하겠는가 단, 수차의 특유속도 /,의 개략값은 유효낙차 로부터 _ 13,000 2 에 따라 구하는 것으로 한다. 또한, 계산된 특유속도의 값으로부터 수차의 형식은 어 떤 것이 적당한가를 살펴보아라."
ex-generation-0203-01,example,최신 발전공학,발전공학,7장 기력 발전의 개요,203,8.1,화력,True,True,"어느 화력발전소에서 과열기 출구의 증기기압이 174 [ 9/0기라고 한다. 이것 은 각각 몇 기압 [atalat 몇 [psilol 해당하는 것인가 171 Hata]=1,033[kg/em ] 이므로 174/1.033 = 168.5[ata] AUpsil]=0.0703 kg/em ] 이므로 174/0.0703 + 2.475[psi]"
ex-generation-0203-02,example,최신 발전공학,발전공학,7장 기력 발전의 개요,203,8.2,대기압력이,True,True,대기압력이 755[mmHg]e 때 복수기 내의 압력과 대기압과의 차가 735 [007191였다고 한다면 이때의 진공도는 얼마인가
ex-generation-0210-01,example,최신 발전공학,발전공학,8장 열역학,210,8.3,16,True,True,"16[]의 물 500[ 01이 100[ 의 증기로 변화하는 데에는 몇 [08 의 열량을 필요로 하는가 또, 이것을 [814 ]로 나타내면 얼마로 되겠는가 수온을 100 [1] 높이는 데 필요한 열량 Oe Q, =500(100-16) = 42,000[keal] 다음 증기화하는 데 필요한 열량 QE 100 [ C] 9] 온수 [kg]o] 100[C]9] 건조 포화 증기로 변화하는 데 599[ 0811의 AHS 필요로 하므로 Q, = 539 x 500 = 269,50"
ex-generation-0211-01,example,최신 발전공학,발전공학,8장 열역학,211,8.5,어느,True,True,"어느 물질 1[ 91이 압력 1[ko/om ], 부피 0.86[00의 상태로부터 압력 5 [ka/cm ], 부피 0.2[m ]2] 상태로 변화하였다. 이 변화에서 내부 에너지 변화는 없었던 것으로 한다면 엔탈피의 증가는 얼마인가 처음 상태에서의 엔탈피를 1,, 최종상태에서의 엔탈피를 ,라고 하면 상태 변화에 따 른 엔탈피의 증가는 di=dU+ AdW 로부터 ni, =(Q-U)+A(AY-PY) 제의에 따라 U, = HBS ig 4 =A(P,K- PY) = we x"
ex-generation-0214-01,example,최신 발전공학,발전공학,8장 열역학,214,8.6,보일러,True,True,"보일러 연소실을 나올 때 800[ 인 연소가스의 온도가 BO] 입구에서는 130 [ㄷ]까지 내려가 있다고 한다. 이 경우 가스의 체적은 머느 정도 감소되었 겠는가 절대온도 TAA 체적 인 가스가 같은 압력 하에서 BALE TZ 되었을 때의 체 적을 라고 하면 %_D yh 지금 연소실 출구의 연소가스의 체적을 Vi, SH 입구의 체적을 라고 한다. 한편 제의에 따라"
ex-generation-0228-01,example,최신 발전공학,발전공학,8장 열역학,228,8.12,터빈,True,True,"_ 재열식 기력발전소에서 온도 538[ㅇ], 기압 1691 9/073], 엔탈피 815 [kcal/kg] 의 증기를 터빈의 고압단에 사용하였더니 기압 25[ 9/00 ], 엔탈피 694 [kcal/kg]2] 증기로 되었다. 이 증기 전부를 재열기에서 재열하여 온도 538[], 엔탈피 848[kcal/kg]= 해 서 터빈의 중압단 이하에 사용하여 기압 0.050 9/07 절대압력)의 복수기에 배기하였다. 폐기의 엔탈피는 542[ 68/ 9], 복수의 온도는 32["
ex-generation-0239-01,example,최신 발전공학,발전공학,8장 열역학,239,8.17,화력,True,True,"화력발전소에서 1 띠의 석탄으로 발생할 수 있는 전력량은 몇 [ ]인가 단, 석탄의 발열량은 5,500[ 608 /9], 발전소의 효율은 34[%]라고 한다."
ex-generation-0240-01,example,최신 발전공학,발전공학,8장 열역학,240,8.18,송전,True,True,"출력 500,000[ 0/4 로 운전 중인 화력발전소가 발열량 10,000[ ㅇ8/)]의 SF 를 매시간당 107 [ki] 사용하고 있다고 한다. 이 발전기의 열효율 7 및 송전단 열효율 7,2 구하여라."
ex-generation-0240-02,example,최신 발전공학,발전공학,8장 열역학,240,8.19,화력,True,True,"최대출력 400[41의 화력발전소가 일부하율 90[% 로 운전하고 있다. 중유의 BASS 9,600[kcal/ ], 발전소의 열효율을 39.21%]라고 한다면 이 발전소의 하루 동안의 중유 소비량은 얼마 [0]가 되겠는가 먼저 하루(24시간)의 발생 전력량 kWh W= 400 x 10 x 0.9 x 24 = 8,640 x 10 [kWh] 이다. 7 =39.2[%], H=9,600[kcal/t]7 주어져 있으므로 연료의 소비량 BE 4] (8.51)로부터 _ 86"
ex-generation-0241-01,example,최신 발전공학,발전공학,8장 열역학,241,8.20,기력발전소에서,True,True,"기력발전소에서 1일에 5,000[1의 석탄을 소비하고 있다. 석탄의 발열량은 6,000[kcal/kg], 발전소 효율이 30[%]라고 할 때 이 발전소에서 1일간에 발생 할 수 있는 전력량 [kwh] 및 이 발전소의 평균출력 [kw]s 계산하여라."
ex-generation-0242-01,example,최신 발전공학,발전공학,8장 열역학,242,8.22,화력,True,True,"_ 현재 우리나라의 주요 석탄화력발전소의 발전기 최대출력은 500,000[ ]급 이다. 쓰발전소는 이러한 발전기를 6대 설치해서 일부하율 90[%]로 운전하고 있다. 이 발전소가 한달(30일) 동안에 소비할 석탄량을 구하여라."
ex-generation-0242-02,example,최신 발전공학,발전공학,8장 열역학,242,8.23,송전,True,True,"수력 발전소와 화력발전소로부터 수용단에서 최대전력 200,000[kW], 연부하 율 70[%]의 부하에 대하여 전력을 공급하고 있다. 수력 발전소의 출력이 150,000[kW], 연이용률이 60[%]라고 하면 화력발전소의 연간 석탄 소비량은 얼마인가 단, 수력 발전소로부터 수용단까지의 SHAMS 10 [%], 화력발전 소로부터의 송전손실은 무시하고, 화력발전소의 석탄 소비율은 0.65 [kg/kWh] 라고 한다. 수용단의 연간 수용 전력량 7[ 는 W = 200"
ex-generation-0243-01,example,최신 발전공학,발전공학,8장 열역학,243,8.24,화력,True,True,"최대 출력 SOO[MW], 부하을 70[%]로 발열량 9800[kcal/ ]91 SSS 연소하면 A 운전하는 화력발전소가 있다. 이 발전소의 열효율이 39[%]라고 할 때 (1) 1일간의 중유 소요량 (2) 1 [kwh] 당의 발전원가 를 구하여라."
ex-generation-0244-01,example,최신 발전공학,발전공학,8장 열역학,244,8.25,송전,True,False,출력 GORE [kW] 발전기의 발전원가 (발전단 및 송전단)를 계산하여라.
tx-generation-0247-01,exercise,최신 발전공학,발전공학,8장 열역학,247,9,터빈,True,True,"2Y 120[kg/cm ], 22 773[ ]의 증기 터빈 내에서 열팽창할 경우, 그 팽창도중의 40687027]에서 1단 추기를 할 때 이 재생 사이클의 열효율을 구하여라. 또, 이때의 추 기증기의 비율도 구하여라. 단, 복수기 내의 압력은 0.04[68/07 ]라 하고, 급수 가열 기는 표면식이라 한다."
tx-generation-0247-02,exercise,최신 발전공학,발전공학,8장 열역학,247,10,화력,True,True,"66,000[kW]2] 화력발전소에서 6,000[081/ 8)1의 석탄을 사용하고 있는데 열효율 은 301%]라고 한다. 이 경우의 116 1]당의 석탄 소비량 및 1681이 부담한 출력을 구 하여라."
tx-generation-0247-03,exercise,최신 발전공학,발전공학,8장 열역학,247,11,000,True,True,"5,000[kcal/kg]9] 석탄을 사용해서 석탄 TS, 1,500[kWh]S 발전하고 있는 기력 발전소의 종합효율을 구하여라."
tx-generation-0247-04,exercise,최신 발전공학,발전공학,8장 열역학,247,12,최대출력,True,True,"최대출력 500[84 ]의 기력발전소가 부하율 75[%]로 1 개월(30일간) 연속 운전하였 을 때 64,000[40]의 연료를 소비하였다. 발열량을 9,500[081/0]라고 한다면 이 발전 소의 발전단 열효율은 얼마인가"
tx-generation-0247-05,exercise,최신 발전공학,발전공학,8장 열역학,247,13,보일러,True,True,"보일러 입구 급수의 엔탈피가 30[6081/8], 보일러 출구의 과열증기의 엔탈피가 850 [kcal/kg] Acts 한다. 보일러 효율이 80[%], 터빈 발전기의 합성효율이 93[%]일 때 랭킨 사이클의 효율 및 종합효율은 얼마인가"
tx-generation-0247-06,exercise,최신 발전공학,발전공학,8장 열역학,247,14,화력,True,True,"출력 30,000[12 ]의 화력발전소에서 6,000[1 081/ 8]의 석탄을 매시간 15[ 의 비율 로 사용하고 있을 때, 소내동력을 2,000[ ]라고 한다면 소내비을 및 Sad 효율을 구하여라."
tx-generation-0247-07,exercise,최신 발전공학,발전공학,8장 열역학,247,15,보일러,True,True,"어느 기력발전소에서 다음과 같은 값을 얻었다. 보일러 중기배관 장치의 효율 my, 81.5[%] 증기터빈의 열 사이클 HE ny, 36,2[%] 중기터빈의 발전기의 효율 n,, 76.0[%] 사용석탄의 발열량 6,000[kcal/kg] 사용증기의 보유열량 772[kcal/kg] 배기의 보유열량 504[kcal/ke]"
ex-generation-0259-01,example,최신 발전공학,발전공학,9장 보일러 및 연소장치,259,9.2,보일러,True,True,"급수의 엔탈피 15,04[kcal/kg], 압력 160 9/00 ], 보일러 출구의 증기 엔탈피 703.2[ 081/ 9]를 3001 발생하는 보일러가 있다. 저위 발열량 5.5000 08/91 인 석탄을 시간당 4.690[ 9] 소비한다고 할 경우 이 보일러의 효율은 얼마인 가 제의에 따라 . = SLB 급수량은 같다.) i, =15.04 [kcal/kg] i, = 703.2 [kcal/kg]"
ex-generation-0266-01,example,최신 발전공학,발전공학,9장 보일러 및 연소장치,266,9.6,화력,True,True,"매시간당 70[[의 BSS 사용하고 있는 화력발전소의 보일러에서 연소에 필요 한 이론 공기량 [Nm /h] 및 실제의 공기 소요량 [Nm Je 얼마인가 단, 중유의 화학성분(중량)은 탄소 C=85[%], 수소 H=12[%], 유황 6=21%]라 하고 각 성 분의 원자량은 각각 12, 1, 32 그리고 공기의 산소농도는 21.%]라고 한다. 먼저 중유 중에 포함되는 0, 및 SS 계산한다. C2] 중량 Wo=70X 10 x 0.85 = 59,500 [kg] HO"
ex-generation-0279-01,example,최신 발전공학,발전공학,9장 보일러 및 연소장치,279,9.9,화력,True,True,"화력발전소에서 1[ ]의 석탄으로 발생할 수 있는 전력량은 몇 [kwh]el7t 단, 석탄의 발열량은 6,000[ 608 / 9], 발전소의 효율은 36[%]라고 한다. 석탄 1 [1]의 발열량 중에서 전력으로 변환된 총열량 QE Q=1,000 x 6,000 x 0.36 = 21.6 x 10 [kcal] 한편 1[kWhl 860 160811이므로 이 OB 전력량 LS 환산하면"
ex-generation-0280-01,example,최신 발전공학,발전공학,9장 보일러 및 연소장치,280,9.10,화력,True,True,"석탄화력발전소에서 매일 최대출력 80,000[kW], 부하율 90[%]로 30일간 연 속운전할 경우 필요한 석탄량은 몇 [1]인가 단, 열효율은 35[%], 보일러 효율 은 85[%], 터빈 SBS 85[%], 발전기 효율은 98[%]라 하고 석탄의 발열량은 5,500[ 6081/ 9]라고 한다. 먼저 30일간의 전력 발생량 BE E= 80,000 x 0.9 x 24 x 30 = 51.84 X 10 [kWh] 이 Zo) 상당하는 열량 OE kWh]= 860 [ㅠ"
ex-generation-0286-01,example,최신 발전공학,발전공학,9장 보일러 및 연소장치,286,9.12,보일러,True,True,"회분 30[%]를 포함한 석탄을 매시간마다 40[ 의 비율로 태우는 미분탄 연소 보일러가 있다. 연소 시에 생기는 재의 약 20[%]가 화로의 바닥에 떨어지고 나 머지 80[%]는 연소가스와 함께 연도로 운반되는 것으로 한다. 연도에 집진장치 를 설치해서 이 비산회(1/351))를 채취한다면 하루에 몇 [ ]의 재가 채취되겠는 가 단, 집진효율은 90[%]라고 한다. 1일의 전체 회분량은 40x 0.3 x 24 = 288[t] 이중 80 [%]가 연도로 가고 그"
ex-generation-0286-02,example,최신 발전공학,발전공학,9장 보일러 및 연소장치,286,9.13,기력발전소에서의,True,False,기력발전소에서의 공해 방지대책으로서 각광을 받고 있는 SAR (SOx 제거) 와 탈초장치(40× 제거)에 대해서 설명하여라.
ex-generation-0295-01,example,최신 발전공학,발전공학,9장 보일러 및 연소장치,295,9.15,보일러,True,True,"증발량 40007], 압력 120[1 9/07 의 보일러에 급수펌프 2 대로 급수하고 있 다. 급수펌프의 평균효율을 75[%]라고 하면 이것을 운전하는 전동기의 용량은 몇 [1/]면 적당하겠는가 펌프의 소요동력을 [100], 소요수위를 Alm), 급수량을 [ㅠ /9], 펌프 효율을 7, 라고 하면 p= 28QH % 일반적으로 급수 펌프일 경우에는 Me 1.3배, 는 1.5배 정도로 설계하는 것이 보통 이다. 따라서 O= Begg % s00% x 15 =0.088"
ex-generation-0315-01,example,최신 발전공학,발전공학,10장 중기터빈,315,10.3,터빈,True,True,"100,000[kw]el 증가터빈에서 증기 소비율은 7.50 9/0]인데 그 중 15[%]가 급수가열을 위해 추기된다고 한다. 시간당의 냉각수의 소요량을 계산하여라."
ex-generation-0315-02,example,최신 발전공학,발전공학,10장 중기터빈,315,10.4,터빈,True,True,"전열량 736[ 08/ 9104 기압, 30 [ ))의 증기를 발전소 배압터빈에서 사용하 고 전열량 6601 08 /9](2.5 기압)을 갖는 일부 증기를 공장 작업용으로 사용하 고자 한다. 지금 터빈 내의 열량의 변화는 이것의 80[%]가 전력으로 되는 것으 로 가정하면, 1 [kWh] 발전하는 데 필요한 증기량은 몇 9]으로 되겠는가 터빈 내에서 일을 하는 열량은 736 650 = 86[kcal/kg] 이다. i[kWh]=860[kcal] 이므로 제의에 따라"
ex-generation-0317-01,example,최신 발전공학,발전공학,10장 중기터빈,317,10.6,주파수,True,True,"60721 2극, 200,000[kWI2] 터빈 발전기가 전력계통과 연계되어 운전하고 있다. 지금 계통의 주파수가 갑자기 60.2[시까지 상승하였다고 하면 이 발전 기의 출력은 몇 [까지 감소하겠는가 단, 이 터빈의 속도 조정를은 4.%]라고 한다. 속도 조정률은 정격 회전수를 N, 무부하 상승에 의한 회전수를 Met 하면 e= 0 1001%] 회전수와 주파수는 비례관계에 있으므로 NM 대신에 /, HE 두어도 위의 관계식에 는 아무런 변화가 없다. 따라서 fo"
ex-generation-0335-01,example,최신 발전공학,발전공학,10장 중기터빈,335,10.11,터빈,True,True,"증기 소비율 4[kg/kWh], 4 300,000[kw]2] 증기터빈을 전부하 운전하는 데 필요한 표면 복수기의 냉각면적 및 1시간당의 냉각수량을 구하여라."
ex-generation-0360-01,example,최신 발전공학,발전공학,11장 기타의 화력발전,360,11.1,보일러,True,True,"가스 터빈의 배기를 배열회수 보일러에 유도해서 증기를 발생시켜 중기터빈을 구동하는 복합 사이클 발전소에서, 가스 터빈 효율이 32[%], 배기가 보유하는 열량에 대한 증기터빈 발전효율이 20[%]였다고 한다. 이 발전소에서 복합 사이 클 발전전체의 효율은 얼마인가"
ex-generation-0386-01,example,최신 발전공학,발전공학,13장 AAS OE,386,13.1,28,True,True,". 28[6171의 알루미늄 APFO 있다. 최초의 BX Ny = 6.02 ×10[300051이고, ㅅ= 0.8309[077 ]일 때 2.24 분 후에 남아 있는 원자의 수 및 이때의 방사능의 세기를 구하여라."
ex-generation-0387-01,example,최신 발전공학,발전공학,13장 AAS OE,387,13.3,UO,True,True,"UO] 오늘 존재비는 0.72[%]이고 반감기는 7.04×109./68/이다, 의 존재 비가 3[%]였을 때는 지금부터 몇 년 전이겠는가 N= Me 식에 N=0.72, M=3"
ex-generation-0396-01,example,최신 발전공학,발전공학,13장 원자로이톤,396,13.4,3041의,True,True,"1[3041의 에너지를 [09] 및 [46 / 로 나타내어라. APS Mel, 광속을 CBX 10 [cm/sec] eT 하면 아인슈타인의 공식에 따라 에너 지 Be 2=7ㅠ으로 표현된다. 1[8041는 1.66×10 [6]이므로 1[62피의 에너지 =(1.66×10 그) x (3x 10 ) =0.00149 [erg]=931 [MeV] (QAI13.5 1[MeVIE 몇 [081인가 반대로 1[68 는 몇 [MeVIE 되는가 또, [MeV] IW sec] 나타내면"
ex-generation-0397-01,example,최신 발전공학,발전공학,13장 원자로이톤,397,13.4,참조,True,True,참조) 0.215[8001×9310061] = 200[MeV]=3.2x 10 [erg] (
ex-generation-0397-02,example,최신 발전공학,발전공학,13장 원자로이톤,397,13.7,MWD,True,True,"1 [MWD]E 몇 [kWh]2I71 CHE 이 1 [MWD]O 에너지를 얻기 위해서는 20 를 몇 [9] 필요로 하겠는가 또, 이때 발생한 OLIALE 5,500[kcal/kg]2] 발열 SS 갖는 석탄 몇 [toy 해당하는가 단, oO] 원자핵 1 개가 핵분열하면 200[MeV]J2 에너지가 방출되는 것으로 한다."
ex-generation-0398-01,example,최신 발전공학,발전공학,13장 원자로이튼,398,13.8,220,True,True,"220 1[0]이 핵분열함으로써 발생하는 에너지는 6.000[ 08/ 9의 발열량을 갖는 석탄 몇 [toll 상당하는가 40 1 [glo] 발생하는 에너지는 oF 1.961×10 [66811 이므로 석탄량 TE _1,965x 10 . 은 그 Fag 이 06061 5 334 (주) 앞 예제에서 0 1.05 [81이 1[MWD]= 2,064 x 10 [kcal]o] 해당하였으므로 이로부터 05 1 [일 1,965 10 [kcallo] 해당합을 알 수 있다."
ex-generation-0399-01,example,최신 발전공학,발전공학,13장 원자로이튼,399,13.9,원자력,True,True,"전기출력 OOO[MW]2 원자력발전소가 있다. 열효율은 33.2[%]라고 할 때 이 발전소를 1년간 운전하려면 UPS 몇 [ko] 필요로 하겠는가 이때 천연 우라 늄을 사용한다고 하면 몇 [to] 필요하겠는가 원자로의 열출력 PIMWhE 열효율이 33.2[% 이고 전기출력이 900[40 ]이므로 - 000 _ R= 79908 2710-81MW] 따라서 2,71106 ]의 열출력으로 1년간 운전하였을 경우 발생 에너지 FE E=2,711 X 365 = 989.51"
ex-generation-0399-02,example,최신 발전공학,발전공학,13장 원자로이튼,399,18.7,에서와,True,True,"에서와 같이 1 [MWD] 2] 에너지를 얻기 위해서는 ㅁ가 1.05 [8] 필요하였으므로 연간 필요량 2068]은 X= 989.515 x 1.05 x 107 5 1,039[kg] 또, 천연 우라늄에는 중량비로 0.714[%]의 ㅁ가 포함되어 있으므로 필요로 하는 천연 우라늄량 XIE X= aa 10 =145.5(t] ("
ex-generation-0399-03,example,최신 발전공학,발전공학,13장 원자로이튼,399,13.10,원자력,True,False,ger 1008 [의 발전소가 이용를 70[% 로 운전할 AS 연간 소요될 연료의 소비량을 각각 ()) 석유 (2) 석탄 (3) 원자력 의 경우에 대해 구하여라.
ex-generation-0402-01,example,최신 발전공학,발전공학,13장 원자로 이론,402,13.1,020,True,True,"1[0]의 020 가 HAS 하였을 때 발생한 에너지가 전부 열에너지였다면 그 크기는 몇 [kcal] 되겠는가 단, UME 1핵분열당 200[ /6 /1의 에너지를 방 출하는 것으로 한다. 1amu)= 1.6610 [g] 이로부터 1[g]= 6.023 x 10 [amu] 004 의 한 개의 BAPE 235 [3ㅁ11]이므로 1[8]의 원자수는 6.023 x 10 x (1/235) = 2.562 x 10"
ex-generation-0409-01,example,최신 발전공학,발전공학,19장 원지로이튼 ㆍ,409,13.14,원자로,True,True,"어느 원자로에서 한 개의 열중성자가 Ul 흡수(충돌)될 적마다 발생하는 고속 중성자의 평균수가 1.32, 고속 중성자의 핵분열 효과가 1025, 고속 중성 자가 열중성자로 되는 과정에서 공명을 벗어나는 SHH] 0.892, 열중성자의 이 용률이 0.897이었다. 이 원자로에서 중성자의 누출이 전혀 없다고 하면 중성자 증배율은 얼마로 되겠는가 누출이 전혀 없는 원자로의 중성자 증배율은 무한대 원자로의 중배율과 같다고 볼 수 있다. 즉, 4. =nepf 인데, 제의"
tx-generation-0418-01,exercise,최신 발전공학,발전공학,19장 원지로이튼 ㆍ,418,1,Einstein9,True,True,Einstein9 에너지식을 이용하여 7.5[8661]에 해당하는 질량(ㅁ868)을 구하여라.
tx-generation-0418-03,exercise,최신 발전공학,발전공학,19장 원지로이튼 ㆍ,418,3,6207,True,True,"6207 1[9]이 핵분열하였을 때 방출하는 전유효 에너지를 계산하여라. 또, 이것을 [MWD] 단위로 나타내어라."
tx-generation-0418-07,exercise,최신 발전공학,발전공학,19장 원지로이튼 ㆍ,418,7,원자로,True,False,다음 사항을 간단히 설명하여라. (1) 질량수 (2) 질량 결손 (3) 반감기 (4) 원자로의 배율 (5) 반응도 (6) 임계상태 (7) 핵분열 (8) 핵반응 (9) 미시 단면적
tx-generation-0418-11,exercise,최신 발전공학,발전공학,19장 원지로이튼 ㆍ,418,11,원자로,True,False,"현재 이용되고 있는 몇 가지 원자로에 대해서 연료, 감속재, 냉각재로서 어떤 것들을 사용하고 있는지 간단히 설명하여라."
tx-generation-0419-02,exercise,최신 발전공학,발전공학,19장 원지로이튼 ㆍ,419,13,핵종표에서,True,False,핵종표에서 U9 반감기가 4.47x10A 임을 알았다. 붕괴상수는 얼마인가
tx-generation-0419-03,exercise,최신 발전공학,발전공학,19장 원지로이튼 ㆍ,419,14,원자력,True,True,"원자력발전에서의 60 1[8]은 중유의 에너지로 환산하면 몇 [)]에 상당하는가 단, U2] 질량결손은 0.09 [%], 중유의 발열량은 10,000 [061/ㄴ81이라고 한다."
tx-generation-0419-04,exercise,최신 발전공학,발전공학,19장 원지로이튼 ㆍ,419,15,원자로,True,True,"0620 를 ARS 하는 무한대 원자로의 열중성자 배율 ,,는 다음 식으로 주어진다고 한다. ke = nepf 이 식의 각 항에 대해서 간단히 설명하여라."
tx-generation-0419-05,exercise,최신 발전공학,발전공학,19장 원지로이튼 ㆍ,419,16,원자로,True,True,"고속 중성자의 핵분열 계수 6== 1.023, 중성자 AVS y= 1.69, 공명 흡수 탈출계수 7 ㅋ= 0.76, 열중성자 이용률 /= 0.86인 무한대 원자로의 증배율 를 구하여라."
tx-generation-0419-06,exercise,최신 발전공학,발전공학,19장 원지로이튼 ㆍ,419,17,원자로,True,True,"어느 원자로에서 1개의 열중성자가 AR(U )o] 흡수되었을 때 방출하는 고속 중성 자의 평균수가 2.08, 고속 중성자의 핵분열 효과가 1.03, 공명 흡수 탈출확클이 0.865, 열중성자 이용률이 0.603이라고 한다. 중성자의 누출이 없다고 할 경우 이 원자로의 중성자 SSS 계산하여라."
tx-generation-0419-07,exercise,최신 발전공학,발전공학,19장 원지로이튼 ㆍ,419,18,518461,True,True,"1.518461]의 고속 중성자가 중수소핵에 충돌해서 0.025[611의 열중성자로 감속될 때 까지에 필요한 중성자의 평균충돌 회수를 구하여라. 단, 에너지 대수 감쇄율은 0.73 이라고 한다."
ex-generation-0439-01,example,최신 발전공학,발전공학,14장 발전용 원자로,439,14.2,원자력,True,True,"전기 출력 1000[ / 1의 원자력발전소가 있다. 열효율을 33.2[%]라고 할 때 이 발전소를 1년간 운전하려면 US 몇 [9] 필요로 하겠는가 이때 천연 우라 SS 사용한다고 하면 몇 [ ]이 필요하겠는가 원자로의 dee [14 ]는 열효율이 38.2[%(이고 전기출력이 1000[40 1이므로 R= 2000 = 3,012.00]"
ex-generation-0491-01,example,최신 발전공학,발전공학,16장 원자력발전의 안전성,491,16.2,송전,True,True,"최근에 발생한 일본의 후쿠시마 원자력발전소의 사고에 대해 설명하라. 201년 3월 1일, 후쿠시마 제1 원자력발전소는 동북지방태평양 대지진과 이에 따른 쓰나미(해일)에 휠쓸리고 말았다. 저진의 규모는 진도 9.0였으나 쓰나미는 14[20]가 넘는 초유의 것이었다. 당시 후쿠시마 제1원발(1-3호기), 제3원발(1-4호기)이 가동 증이었는데, 지진발생 직후 모든 원자로는 자동정지되었다. 그러나 제1 원발에서는 구내의 송전철탑이 도 괴, 수전시설도 손상되어 외부전원"
ex-generation-0509-01,example,최신 발전공학,발전공학,16장 원자력발전의 안전성,509,17.3,화력,True,False,/110-화력복합 시스템에 대해서 간단히 설명하여라.
ex-generation-0516-01,example,최신 발전공학,발전공학,16장 원자력발전의 안전성,516,17.6,터빈,True,True,". MENS 가스화해서 연료로 하는 가스-증기 복합 사이클 발전소에서 연료열량 을 , 가스 터빈 입력열량을 , 가스 터빈 출구열량을 ,, 증기터빈 입력열 BS Q, 증기터빈 출구열량을 ),라고 할 때 이 사이클의 열효율 7가 _ (.- ae al 00 로 된다는 것을 보여라. 먼저 복합 사이클의 구성은 그림 17.8과 같고 이때의 전체 사이클 열효율 는 다음 식 으로 된다는 것이 알려져 있다. 끼 ~~ ELE fp 그림 17.8 복합 사이클의 개념도 7=1-10"
ex-generation-0522-01,example,최신 발전공학,발전공학,16장 원자력발전의 안전성,522,17.7,다음과,True,False,다음과 같은 집중형 태양열 발전소에 필요한 수광( ) 면적을 계산하여라.
ex-generation-0532-01,example,최신 발전공학,발전공학,17장 새로운 발전,532,17.8,전압,True,True,"태양전지의 변환효율을 15[%]라고 할 때 가로. 세로의 길이가 각각 10[07)]인 태양전지의 최소단위인 솔라 셀을 직렬로 36개 접속한 태양전지 모듈(스트링) 의 최대 SAS 얼마가 되겠는가 Ct, 태양광의 반사조도는 1000[ /0 라고 한다. 또, 셀의 출력전압을 0.5[ /]라고 하면 모듈의 출력전압은 얼마인가 태양전지의 SAS 일사량에 의존하기 때문에 먼저 기준 상태를 정해주어야 한다. 일반적으로는 태양광의 스펙트럼 분포 AM=15, 반사조도 1000"
ex-generation-0532-02,example,최신 발전공학,발전공학,17장 새로운 발전,532,17.9,풍력,True,True,평균의 일조시간을 4시간/일 이라고 할 때 30 0]의 태양광발전 시스템의 연간 발전량은 얼마가 되는가 여기서 주어진 평균의 일조시간 4시간/일 이란 태양광발전 시스템이 하루 24시간 중 에서 100(%] 풀로 SAS 낼 수 있는 시간이 4시간이라고 하는 것이므로 연간 발전량 = 3[kW] x 4(시간) × 365(일) = 4380[kWh] 세계 규모로 본다면 태양광발전은 풍력발전에 이어 두 번째로 발전량이 큰 신재생에너 지이다. 2000년대 전반까지는 이 태양
ex-generation-0536-01,example,최신 발전공학,발전공학,17장 새로운 발전,536,7.12,2009142,True,True,"2009142) 우리나라의 총수요 전력(총판매 전력량)은 약 4.4 ×10 [ 7였다. 이것을 변환효율 10[%]의 태양전지로 발전하려면 어느 정도의 면적이 필요하 겠는가 또, 이것은 우리나라 면적의 몇 [%]에 해당하겠는가 ct 연간 일조시 간은 2000 시간, 태양복사 에너지는 평균 0.5[4/0 ]라고 한다. 소요될 수광면적을 라고 하면 그 A= PESO 4.4 10 [m ]= 4.4 10 [km ] 한편 우리나라의 WAS oF 90,000[km ] 이므로"
ex-generation-0549-01,example,최신 발전공학,발전공학,17장 새로운발전,549,17.15,로터의,True,True,로터의 지름이 31077인 프로펠러헝 풍차가 풍속이 16.5[0/6)일 때에 회전수 50 [ 007]으로 800[ 1의 발전기 SAS 내고 있다고 한다. 이때 이 풍차의 출 력계수와 주속비를 구하여라.
ex-generation-0550-01,example,최신 발전공학,발전공학,17장 새로운발전,550,17.17,풍력,True,True,"품력발전의 운전특성을 나타내는 데 사용되는 아래의 용어를 설명하라, (1) 설비 이용률 (2) 시간 가동률 1. 설비 이용률(80801 Factor) 풍력발전에서의 설비이용률은 주어진 풍력발전장치가 어느 기간에 최대의 발전 능력(정격출력)으로 발전했을 때의 출력에 대한 그 기간의 실제의 발전량의 비율 을 말한다. 일반적으로는 연간발전량으로 비교하기 때문에 그 풍력발전장치의 1년간의 발전량을 그 발전장치의 정격출력×8760시간(1년간의 시간 수)로 나눈 값으로 나"
ex-generation-0554-02,example,최신 발전공학,발전공학,17장 새로운 발전,554,17.20,온도,True,True,"온도 30[×ㅇ의 표층해수와 온도 5[6ㅁ의 심층해수를 각각 고온, 저온의 Wao 로 하는 열기관을 생각해 본다. 이와 같은 열기관의 실현은 실제로 가능한 것인 지 검토하여라 ( 카르노 열기관의 효율을 참조해서 검토할 것)."
ex-generation-0587-01,example,최신 발전공학,발전공학,10장 에너지 저장기술,587,18.1,전압,True,False,. 비유전율 3의 절연재료를 사이에 평행평판 콘덴서에 전압을 인가해서 전극 간의 전계강도를 A0[kV/mm]z 하였을 경우 이 콘덴서에 ABE 저장 에너지 BES 구하여라.
ex-generation-0590-01,example,최신 발전공학,발전공학,10장 에너지 저장기술,590,18.2,낙차,True,False,낙차 100[7의 양수 발전소가 있다. 단위 수량당의 저장 에너지를 구하여라.
