status,priority,book,subject,page,numberCandidate,markerType,ocrLine,ocrPreview,extractedIds,extractedQuestion
추출됨,낮음,전력계통공학,계통공학,34,1-1,grid_heading,@ 예제,예제 전력 시스템의 특징과 이의 문제점에 대해서 간단히 설명하여라. OH) 전력 AAW 다음과 같은 특징이 있다. 우리는 이 득징을 잘 이해하고 이 특징 때문에 받,ex-grid-0034-01,"전력 시스템의 특징과 이의 문제점에 대해서 간단히 설명하여라. OH) 전력 AAW 다음과 같은 특징이 있다. 우리는 이 득징을 잘 이해하고 이 특징 때문에 받 생하게 되는 문제점에 대해 잘 대차해 나가야 할 것이다. 1) Saat 수요의 동시성 전력 수요는 연간을 통해서 계절적으로 변화함과 동시에 요일에 따른 주간 변화, 하루의 Abele 따른 일간 변화, 그 밖에 수분 단위의 단시간 변화 "
추출됨,낮음,전력계통공학,계통공학,35,1-2,word,이제 1-2 ),이제 1-2 ) 우리나라의 전력거래소에 대해 설명하여라. ) Qe 우리나라의 전력산업구조 개편 AL) 조치로 발전 부분의 경쟁 체제를 구축하기 위하여,ex-grid-0035-01,우리나라의 전력거래소에 대해 설명하여라.
추출됨,낮음,전력계통공학,계통공학,56,2-2,grid_alias,WA 2-2,"WA 2-2 저황이 O.1[Q/krn], 리액턴스가 0,36[Q/km]e 154[kV], 120 km]2] 송전선이 있다. 154[kV], JOO[MVAIE 기준으로 했을 때 이 송전선의 임피던스를 %법으로 표시하여라. 다음 기준 용량",ex-grid-0056-01,"저황이 O.1[Q/krn], 리액턴스가 0,36[Q/km]e 154[kV], 120 km]2] 송전선이 있다. 154[kV], JOO[MVAIE 기준으로 했을 때 이 송전선의 임피던스를 %법으로 표시하여라. 다음 기준 용량 을 1000[MVAl= 하면 이들 값은 어떻게 되겠는가 1 BM AT 전압 V=154[kV], 3상 용량 P, =100,000[kVA]S] WS 식 (2.15)에 대입하면"
추출됨,낮음,전력계통공학,계통공학,56,2-3,word,이제 2-3 i J,이제 2-3 i J 1차/ 2차/ 3차 정격 용량이 240[MVA] / 264[MVA] / 120[MVA]9] 3권선 변압기가 있는데 각 권선 간의 임피던스는 정격 전압 기준에서 다음과 같다.,ex-grid-0056-02,"1차/ 2차/ 3차 정격 용량이 240[MVA] / 264[MVA] / 120[MVA]9] 3권선 변압기가 있는데 각 권선 간의 임피던스는 정격 전압 기준에서 다음과 같다. 제 = 21.8[%] (240[MVA] 기준) Xp = 7.6[%] (120[MVA] 기준) qq =19-6[%] (120[MVA] 기준) TOO[MVA] 기준의 1, 2, 3차 임피던스 X,, X, ㅅ,을 구하여라."
추출됨,낮음,전력계통공학,계통공학,64,2-4,word,여제 24,"여제 24 1480 41, 801400+7 6000480의 부하 임피던스 Z 및 어드미턴스 를 1541 /], 100[MVAl 기준의 단위법으로 표시하여라.",ex-grid-0064-01,"1480 41, 801400+7 6000480의 부하 임피던스 Z 및 어드미턴스 를 1541 /], 100[MVAl 기준의 단위법으로 표시하여라. 풀이 = M8 [kV] _ 먼저 VIPUI= 가사 000 [Pu] (P+iQ) PUl= eA el fon 008 =08+06 [PU] 따라서 식 (2.47), 4) (2.48)로부터, zipu) = 애미 0 (09603 _ , ZiPul= Wo F"
추출됨,낮음,전력계통공학,계통공학,64,2-5,grid_alias,A 2-5 및,"A 2-5 및 15401 0/], 1000[MVA] 기준에서 임피던스가 (20+780)[%인 송전선의 수전단에 3000 /[(역 를 100(%)/의 조류가 BRS 경우 이 송전선의 전력, 무효 전력 손실 및 이때의 송전단 전압",ex-grid-0064-02,"15401 0/], 1000[MVA] 기준에서 임피던스가 (20+780)[%인 송전선의 수전단에 3000 /[(역 를 100(%)/의 조류가 BRS 경우 이 송전선의 전력, 무효 전력 손실 및 이때의 송전단 전압 ㅣ 의 크기를 구하여라."
추출됨,낮음,전력계통공학,계통공학,69,2-7,grid_alias,wa 27,"wa 27 정격 전압 [kv], 정격 용량 A00[MVA], Xq = 20[%]의 발전기가 있다. ) (1) 정격 전압에서 무부하 운전 중 )",ex-grid-0069-01,"정격 전압 [kv], 정격 용량 A00[MVA], Xq = 20[%]의 발전기가 있다. ) (1) 정격 전압에서 무부하 운전 중 ) (2) 정격 전압에서 Set 360[4/]+ HGO[MVARIS 운전 중 발전기 단자에서 3상 단락되었을 , 경우 단락 직후의 7 를 구하여라."
추출됨,낮음,전력계통공학,계통공학,79,2-10,grid_alias,Wi 210,"Wi 210 ) 그림 2-202 같은 27 52M 계통의 선로 정수가 표 2-4에서와 같이 100,000[kva] 기준의",ex-grid-0079-01,"그림 2-202 같은 27 52M 계통의 선로 정수가 표 2-4에서와 같이 100,000[kva] 기준의 PURSE 주어져 있다. 이 ASS Yous 행렬을 구하여라."
추출됨,낮음,전력계통공학,계통공학,88,2-12,grid_alias,wa 212,wa 212 그림 2-249 같이 AMOS 표시된 계통이 있다. 먼저 이 계통의 어드미턴스 행렬 Yous 구하고 이 계통에서 다음과 같은 계통 변경이 발생하였을 SPO] 어드미턴스 행렬 ㅠ6를,ex-grid-0088-01,"그림 2-249 같이 AMOS 표시된 계통이 있다. 먼저 이 계통의 어드미턴스 행렬 Yous 구하고 이 계통에서 다음과 같은 계통 변경이 발생하였을 SPO] 어드미턴스 행렬 ㅠ6를 수정하여라. (1) 새로운 선로(= 0.08+ 7 0.24, 46 /2= 7 0.025)가 모선 로부터 인출되어 새로운 모선 와 접속될 경우 (2 모선 Q, 간에 새로운 선로(6 =0.04+ 7 0.12, 726 "
추출됨,낮음,전력계통공학,계통공학,152,441,grid_alias,FH 441,FH 441 그림 4-2에 보인 2모선 계통의 어드미턴스 행렬과 모선 전압 벡터를 다음과 같이 직각 좌표 표시로 하였을 경우의 전력 방정식을 구하여라.,ex-grid-0152-01,그림 4-2에 보인 2모선 계통의 어드미턴스 행렬과 모선 전압 벡터를 다음과 같이 직각 좌표 표시로 하였을 경우의 전력 방정식을 구하여라.
추출됨,낮음,전력계통공학,계통공학,154,4-2,grid_alias,Wi 4-2,Wi 4-2 그림 4-32 같은 3모선 계동에서의 전력 방정식을 각각 (1) 직각 좌표 변환,ex-grid-0154-01,"그림 4-32 같은 3모선 계동에서의 전력 방정식을 각각 (1) 직각 좌표 변환 (2) SHE 변환 을 사용해서 유도하여라. 운 Y=4 ji0 45 Pa=17 A e=21249 Py=2 E,=10f Qy=1 전압과 전력에 관한 수치는 모두 PU 값이다. 그림 4-3 모딜 계동"
추출됨,낮음,전력계통공학,계통공학,168,4-3,grid_alias,WA 4-3,"WA 4-3 그림 4-5와 같은 전력 계통의 선로 정수 및 운전 조건이 각각 표 4-6 및 표 4-7처렴 주어져 있다. 이때의 전력 조류를 가우스-자이델 반복 계산법으로 계산하여라. 단, 수렴 판정은 허용",ex-grid-0168-01,그림 4-5와 같은 전력 계통의 선로 정수 및 운전 조건이 각각 표 4-6 및 표 4-7처렴 주어져 있다. 이때의 전력 조류를 가우스-자이델 반복 계산법으로 계산하여라.
추출됨,낮음,전력계통공학,계통공학,176,4-4,grid_alias,wil 4-4 a,"wil 4-4 a 다음의 비선형 방정식을 뉴턴 - 랩슨번으로 풀어라. 기 t_)= 23 +22,-3=0",ex-grid-0176-01,"a 다음의 비선형 방정식을 뉴턴 - 랩슨번으로 풀어라. 기 t_)= 23 +22,-3=0 Fala, Bq) = 2429 34_7+2=0 단, 초기값은 2 =3.0, 2 = 2.0으로 가정한다. OM 먼저 이 방정식의 자코비안은 으으 oh, Oh 1 Ox, 002 이다. 여기에 초기값 2 =3.0, af = 2.08 대입해서 식 (4.56/의 수정 방정식을 Bel 100 600 2.00] [4"
추출됨,낮음,전력계통공학,계통공학,191,4-5,grid_alias,WA 4-5,WA 4-5 그림 4-8과 같은 3모선 계통에서 모선 1을 슬랙 모선으로 취하고 표 4-12에 주어진 운전 A Hol 기초한 조류 계산을 뉴턴-랩슨법으로 실행하여라.,ex-grid-0191-01,"그림 4-8과 같은 3모선 계통에서 모선 1을 슬랙 모선으로 취하고 표 4-12에 주어진 운전 A Hol 기초한 조류 계산을 뉴턴-랩슨법으로 실행하여라. 9 34010 PrtiQe 슬렉 모선 E,20 Av=-j12 r9= 16 Py Es 그림 4-8 모델 계통 (수치는 PURE) 표 4-12 운전 조건 (수치는 PUB) 발전단 부히단 전입값 슬랙 1.0 o P-Qaa = 0 = P-BAA 0"
추출됨,낮음,전력계통공학,계통공학,202,4-6,grid_alias,WA 4-6,WA 4-6 앞의 예제 4-5에서 사용한 3모선 모델 계통에서의 조류 계산을 고속 06004060법으로 풀어 a.,ex-grid-0202-01,앞의 예제 4-5에서 사용한 3모선 모델 계통에서의 조류 계산을 고속 06004060법으로 풀어 a. OM WA 주어진 계통의 Yus= 725 710 415 = 210 -202 215 j2 927. 인데 고속 060002100법에서 사용되는 B 행렬은 % Bos [2 회 B= = By By 12 -271 이다. 먼저 식 (4.149)로부터 Any A (2) ( 22 과 AE ea 00000 
추출됨,낮음,전력계통공학,계통공학,214,200,grid_alias,4 200) as or,4 200) as or ner a 가 ) q14) (200) 6 (99,ex-grid-0214-01,as or ner a 가 ) q14) (200) 6 (99 306 (809)
추출됨,낮음,전력계통공학,계통공학,214,6,grid_alias,46,46 as) 300,ex-grid-0214-02,as) 300 (300) 그림 4-17 직류법 조류 계산 Zam)
추출됨,낮음,전력계통공학,계통공학,232,5-1,grid_alias,WA 5-1,WA 5-1 증기 etl 및 수치에서 사용되고 있는 조속기에 대해서 설명하여라. ORO) 오늘날 중기 터빈 및 수차에서는 전기식 조속기가 사용되고 있으나 여기서는 설명의 편의상 그,ex-grid-0232-01,증기 etl 및 수치에서 사용되고 있는 조속기에 대해서 설명하여라.
추출됨,낮음,전력계통공학,계통공학,234,5-2,grid_alias,WA 5-2,WA 5-2 계통 용량 15.000[ / ]의 계통에서 SOO[MW19] 화력기 4대와 80[ /]의 수력기 3대가 조속 기 프리 운전을 하고 있다. 속도 조정률이 화력기는 5[%]. 수력기는 4[%]라고 하면 이 계통에,ex-grid-0234-01,"계통 용량 15.000[ / ]의 계통에서 SOO[MW19] 화력기 4대와 80[ /]의 수력기 3대가 조속 기 프리 운전을 하고 있다. 속도 조정률이 화력기는 5[%]. 수력기는 4[%]라고 하면 이 계통에 서의 전력 주파수 특성 정수 Kee 얼마로 되겠는가 AP, P, ~ 스가 90004 0 또는 ㅠ 대의 발전기가 운전되고 있을 경우에는"
추출됨,낮음,전력계통공학,계통공학,235,5-3,grid_alias,WI 5-3,"WI 5-3 정격 출력 50,000[kw]2] 수차 발전기가 6ofHz]2 전력 계통에 접속되어 전부하, 정격 주파 수로 운전 중에 있다. 여기서 이 계통에 접속되어 있던 일부의 부하가 갑자기 차단되어 주파",ex-grid-0235-01,"정격 출력 50,000[kw]2] 수차 발전기가 6ofHz]2 전력 계통에 접속되어 전부하, 정격 주파 수로 운전 중에 있다. 여기서 이 계통에 접속되어 있던 일부의 부하가 갑자기 차단되어 주파 수가 60.3172 로 상승하였다고 하면 발전기 출력 [kWIS 어떻게 되겠는가 Et 수차 발전기 의 속도 조정들은 4%]라 하고 조속기 특성은 직선이라고 한다. Ow) 속도 조정돌의 일반식은 NM "
추출됨,낮음,전력계통공학,계통공학,236,5-4,grid_alias,WI 54,WI 54 정격 출력 70004] 및 1000[Mw12] 2대의 발전기가 무부하로 병렬 운전하고 있다. 발전기 의 속도 조정를이 각각 2.5[%] 및 3.0[%로 설정되어 있다면 부하 1300[Mw]e 때의 각 발전,ex-grid-0236-01,"정격 출력 70004] 및 1000[Mw12] 2대의 발전기가 무부하로 병렬 운전하고 있다. 발전기 의 속도 조정를이 각각 2.5[%] 및 3.0[%로 설정되어 있다면 부하 1300[Mw]e 때의 각 발전 기의 출력은 얼마이겠는가 CMW PHS, 기준 주파수(2)로 병렬 운전하고 있는 상태에서는 그림 5-14처럼 조속기 특성이 설 정되어 있다. 61%) = (F,-F)/Fy x 100[%) "
추출됨,낮음,전력계통공학,계통공학,237,5-5,grid_alias,wl 5-5,"wl 5-5 602] 계통에서 정격 출력 350[ ]의 발전기가 300[ 로 조속기 프리 운전을 하고 있을 때 계통 주파수가 O.15[Hz] 저하하였다면, 이때의 발전기 출력은 얼마/ 로 되겠는가 =,",ex-grid-0237-01,"602] 계통에서 정격 출력 350[ ]의 발전기가 300[ 로 조속기 프리 운전을 하고 있을 때 계통 주파수가 O.15[Hz] 저하하였다면, 이때의 발전기 출력은 얼마/ 로 되겠는가 =, 이때의 계통 용량을 3.000[ 4 라고 하였을 경우 발전기의 계통 특성 정수(%-)는 얼마로 되겠는가 단, 터빈의 속도 조정률은 dele 조정되고 그 특성은 직선이라고 한다. 풀어 속도 조정를 /는 정의"
추출됨,낮음,전력계통공학,계통공학,238,5-6,word,이제 5-6,"이제 5-6 1O0[Mw] 2] 발전기 5대와 200[ / ]의 발전기 5대로 602], 1,200[MW]9 부하에 전력을 공 급하고 있다. 자금 100[MW] 발전기의 속도 ABE 447 3[%]이고 200[Mw] 발전기의 속도",ex-grid-0238-01,"1O0[Mw] 2] 발전기 5대와 200[ / ]의 발전기 5대로 602], 1,200[MW]9 부하에 전력을 공 급하고 있다. 자금 100[MW] 발전기의 속도 ABE 447 3[%]이고 200[Mw] 발전기의 속도 ABB 0 가 4[%], 부하의 전력ㆍ주파수 특성 정수 % 이 0.21%400/0.+2 라고 할 경우 다음 값을 구하여라."
추출됨,낮음,전력계통공학,계통공학,247,5-8,grid_alias,WI 5-8,"WI 5-8 표 5-2와 같은 계통이 6012], 1000[ /441의 부하에 전력을 공급하고 있다. 정격 출력 운전 중인 1000[Mw]o) 발전기 1대가 탈락해서 계통 주파수가 0.142[Hz] 저하하였다. 이 경우의 계",ex-grid-0247-01,"표 5-2와 같은 계통이 6012], 1000[ /441의 부하에 전력을 공급하고 있다. 정격 출력 운전 중인 1000[Mw]o) 발전기 1대가 탈락해서 계통 주파수가 0.142[Hz] 저하하였다. 이 경우의 계 통 및 부하의 전력ㆍ주파수 특성 정수를 구하여라."
추출됨,낮음,전력계통공학,계통공학,248,5-9,word,에제 5-9,에제 5-9 전력 계통의 총 수요가 1800[ // 이고 계통 주파수는 60[닌로 안정된 운전을 하고 있다. 이때 각 발전소의 출력은 표 5-3과 같다고 한다.,ex-grid-0248-01,"전력 계통의 총 수요가 1800[ // 이고 계통 주파수는 60[닌로 안정된 운전을 하고 있다. 이때 각 발전소의 출력은 표 5-3과 같다고 한다. E53 Som See 현재 출력 Gx 조정를 운전 4005 FG Gov, Free 헤레 Bacon [em __ 여기서 부하 측의 계통 정수 KS 4[%4 /2 라 하고 다음 물음에 답하여라. () A 발전기 25000] 탈락 시 계통 주파수는 얼"
추출됨,낮음,전력계통공학,계통공학,256,5-10,grid_alias,WA 5-10,"WA 5-10 그림 5-272 같이 2개의 전력 계통이 연락선으로 연결되고 있다. 지금 계통에서 350[MW] 의 발전기가 탈락하였을 경우 계통 주파수, 연락선 전력은 어떻게 변화하는가 단, 계통의",ex-grid-0256-01,"그림 5-272 같이 2개의 전력 계통이 연락선으로 연결되고 있다. 지금 계통에서 350[MW] 의 발전기가 탈락하였을 경우 계통 주파수, 연락선 전력은 어떻게 변화하는가 단, 계통의 계통 Se 40[MW/0.1Hz], B ABS 80[ / //0가니라 하고 탈락 전의 연락선 전력은 0이 었다고 한다. Ka Kg ( ) 연락선 350[MW) aw 5-27 OB A 게동에서의 공급력이 350["
추출됨,낮음,전력계통공학,계통공학,257,5-11,grid_alias,Fi 5-11,"Fi 5-11 A 8 양 계통이 연계 SHS 하고 있다. A 계통의 양수 발전소가 2560 로 양수 SH 중에 탈락하였을 때 발생하는 계통 주파수 변화와 연계선 전력량을 구하여라. 단, , B et 계통의",ex-grid-0257-01,A 8 양 계통이 연계 SHS 하고 있다. A 계통의 양수 발전소가 2560 로 양수 SH 중에 탈락하였을 때 발생하는 계통 주파수 변화와 연계선 전력량을 구하여라.
추출됨,낮음,전력계통공학,계통공학,258,5-12,grid_alias,Wi 5-12,"Wi 5-12 AS 정수가 각각 125[MwI/0,1[Hz]2] 2개의 계통 A, 6에 있어서 각각 100[Mw], 50[Mw]2 부하 증가가 생겼다.",ex-grid-0258-01,"AS 정수가 각각 125[MwI/0,1[Hz]2] 2개의 계통 A, 6에 있어서 각각 100[Mw], 50[Mw]2 부하 증가가 생겼다. (1) A 계통이 FFC, 6 계통이 TECH 적용하고 있을 경우 (2) A 계통이 FFC, B 계통이 FICE 적용하고 있을 경우 의 각 계통의 ABS 발전소의 출력 변화량을 구하여라."
추출됨,낮음,전력계통공학,계통공학,276,6-2,grid_alias,WA 6-2,"WA 6-2 SO[MW] 가스 터빈 발전기의 출력 레벨에 따른 연료 Avis heat rate)Ol 현장에서의 운전 실 적으로부터 아래와 같이 측정되었으며, 이때의 연료 단가가 MBtust 5,000 원이었다고 할 때",ex-grid-0276-01,"SO[MW] 가스 터빈 발전기의 출력 레벨에 따른 연료 Avis heat rate)Ol 현장에서의 운전 실 적으로부터 아래와 같이 측정되었으며, 이때의 연료 단가가 MBtust 5,000 원이었다고 할 때 정격 BHO) 25[%] 문전 시 14.26 [MBtu/MWh] 정격 출력의 40[%] 운전 시 1294 [Metu/Mwh] 정격 BA 100[%] 운전 시 11.70 [MBtu/MWh] "
추출됨,낮음,전력계통공학,계통공학,281,6-3,word,이제 6-3,"이제 6-3 연료비가 아래 식으로 주어지는 2대의 발전기로 구성되는 전력 계통이 있다. 부하 이 주 ㅣ 어졌을 때의 계통 중분비 AS 구하는 계산식을 유도하고 2,이 200[mwie 때의 경제적인",ex-grid-0281-01,"연료비가 아래 식으로 주어지는 2대의 발전기로 구성되는 전력 계통이 있다. 부하 이 주 ㅣ 어졌을 때의 계통 중분비 AS 구하는 계산식을 유도하고 2,이 200[mwie 때의 경제적인 각 발전기의 출력 배분 및 총 연료비를 계산하여라."
추출됨,낮음,전력계통공학,계통공학,282,6-4,grid_alias,FH 6-4,"FH 6-4 다음과 같은 연료비 특성을 가진 2대의 발전기로 구성된 시스템이 있다. F, = 0.0126. + 426. +8,000[10 2/MWh]",ex-grid-0282-01,"다음과 같은 연료비 특성을 가진 2대의 발전기로 구성된 시스템이 있다. F, = 0.0126. + 426. +8,000[10 2/MWh] Fy =0.03Pg + 2P _ + 10,000[10 -21/Mwn] 부하 이 각각 5004]. 100[MW], 250[MW]= 주어질 때 (0) Po. Pent 균등하게 Peo 분담할 경우 2) Pa. Pe7t 경제 부하 배분 출력으로 PS 분담할 경우 "
추출됨,낮음,전력계통공학,계통공학,284,6-5,grid_alias,Wi 6-5,"Wi 6-5 예제 6.4에서 Po, 의 운전 범위가 50 을 Pg, 150",ex-grid-0284-01,"예제 6.4에서 Po, 의 운전 범위가 50 을 Pg, 150 로 주어질 경우의 최적해를 구하여라."
추출됨,낮음,전력계통공학,계통공학,286,6-6,grid_alias,Pi 6-6,Pi 6-6 그림 6-11과 같은 27] 계통에서 계통 부하 Pp oll 전력을 공급하고 있다. 지금 각 발전기의 연 료비 특성이,ex-grid-0286-01,"그림 6-11과 같은 27] 계통에서 계통 부하 Pp oll 전력을 공급하고 있다. 지금 각 발전기의 연 료비 특성이 기 =8,000+ 800Pg, +5 Po, 7[2/h] (1) Fy = 16,000 + 600 Pg + 6 Pol 2/h] 2 로 주어지고 부하 이 그림 6-11 (4)처럼 주어질 때 (1) 각 시간대에서의 경제적인 출력 배분을 구하라. (2) 1일 중 발전기 2대를 계통에 "
추출됨,낮음,전력계통공학,계통공학,292,6-8,grid_alias,WI 6-8,WI 6-8 2화력 발전소가 경제 SRS 하고 있다. 발전소 19] 증분 연료비가 41.0[10 원/ // 7] 발전소 2의 SS 연료비가 38.0[10 원/ ]]일 때 어느 쪽의 발전소의 페널티 계수가 큰가를 보여,ex-grid-0292-01,"2화력 발전소가 경제 SRS 하고 있다. 발전소 19] 증분 연료비가 41.0[10 원/ // 7] 발전소 2의 SS 연료비가 38.0[10 원/ ]]일 때 어느 쪽의 발전소의 페널티 계수가 큰가를 보여 라. 또, 수전단 증분비가 45.5[10 원/ / ]일 때의 각 페널티 계수를 구하여라."
추출됨,낮음,전력계통공학,계통공학,297,6-9,grid_alias,Fi 6-9,Fi 6-9 그림 6-52 같은 계통에서의 BATS 구하고 이를 사용한 손실 방정식으로부터 구한 송전 손실과 ]7 의 값을 비교하여라. ct,ex-grid-0297-01,그림 6-52 같은 계통에서의 BATS 구하고 이를 사용한 손실 방정식으로부터 구한 송전 손실과 ]7 의 값을 비교하여라.
추출됨,낮음,전력계통공학,계통공학,298,6-10,grid_alias,4 6-10,"4 6-10 27 계통에서 2 정수와 화력 발전기 증분 연료비 특성이 다음과 같이 주어져 있다. 수전단 증분비가 10.0[10 원/ / 7]일 때의 발전기 출력, 송전 손실 및 부하를 구하여라.",ex-grid-0298-01,"27 계통에서 2 정수와 화력 발전기 증분 연료비 특성이 다음과 같이 주어져 있다. 수전단 증분비가 10.0[10 원/ / 7]일 때의 발전기 출력, 송전 손실 및 부하를 구하여라."
추출됨,낮음,전력계통공학,계통공학,299,6-11,grid_alias,Wi 6-11,"Wi 6-11 그림 6162 같은 2기 모델 계통에서 증분 연료비 특성 및 송전 손실에 관한 관계식이 다음 과 같이 주어질 경우, 각 발전기의 경제 부하 배분 시의 출력 및 송전 선로 7 에서 발생하는",ex-grid-0299-01,"그림 6162 같은 2기 모델 계통에서 증분 연료비 특성 및 송전 손실에 관한 관계식이 다음 과 같이 주어질 경우, 각 발전기의 경제 부하 배분 시의 출력 및 송전 선로 7 에서 발생하는 송전 손실을 구하여라."
추출됨,낮음,전력계통공학,계통공학,301,6-12,grid_alias,A 672 aris =,A 672 aris = 그림 6-17과 같이 화력기 27/2 구성된 3모선 계통이 있다. 지금 이 계롱에서의 BIS 및 증분 연료비 특성이 다음과 같이 주어질 경우,ex-grid-0301-01,"그림 6-17과 같이 화력기 27/2 구성된 3모선 계통이 있다. 지금 이 계롱에서의 BIS 및 증분 연료비 특성이 다음과 같이 주어질 경우 By =0.04, Byy = By, =0.02, Bop = 0.03 oho o+p, 266 tPa ak, P Wg 204 Pen () 송전 AMS 무시할 경우의 경제적 부하 배분 (2) 송전 ANS 고려할 경우의 경제적 부하 바분 을 계산하여라"
추출됨,낮음,전력계통공학,계통공학,306,6-14,word,이제 6-14,"이제 6-14 그림 6-18과 같은 27 계통에서의 손실 계수(2, , )는 다음과 같다고 한다. By, =0.001[1/MW]",ex-grid-0306-01,"그림 6-18과 같은 27 계통에서의 손실 계수(2, , )는 다음과 같다고 한다. By, =0.001[1/MW] By = 0.0005[1/MW] Boo = 0.0024[1/MW] 또, 이때 2 발전기의 증분 연료비 계수는, Ba Path + F=00l 2.=20 ak, 222 FoPat he 20001 fy=15 라고 할 때 이 계통의 경제 부하 배분을 결정하여라. 프 쓰 eS Fe 그림 "
추출됨,낮음,전력계통공학,계통공학,312,6-15,grid_alias,Fi 675,"Fi 675 그림 6-229 같이 수력 171, 화력 1712 된 모델 계통이 있다. 지금 각 발전기의 연료비",ex-grid-0312-01,"그림 6-229 같이 수력 171, 화력 1712 된 모델 계통이 있다. 지금 각 발전기의 연료비 및 사용 수량 는 다음과 같이 주어져 있다고 한다. 시=0+62.+오개 % = 0 + PyPy + Pe 한편 송전 손실 Pe = ByP, +2ByP,P,+ 280 이라고 할 때 이 모델 계통의 수ㆍ화력 협조 방정식을 구하여라."
추출됨,낮음,전력계통공학,계통공학,316,6-18,grid_alias,Wi 6-18,Wi 6-18 BE 발전소 각 1개소로 구성된 계통이 있다. 이 계통의 부하 곡선이 그림 6-24처럼 주 어지고 각 운용 조건이 다음과 같이 주어질 때 각 발전소의 최적 부하 운전 곡선을 결정하여,ex-grid-0316-01,"BE 발전소 각 1개소로 구성된 계통이 있다. 이 계통의 부하 곡선이 그림 6-24처럼 주 어지고 각 운용 조건이 다음과 같이 주어질 때 각 발전소의 최적 부하 운전 곡선을 결정하여 a 단, 송전 손실은 무시하는 것으로 한다. 수력 발전소의 출력 -수량 특성 Q(Px)=3+ Pxt 6X10 ) Py [m /s] 24시간에 대한 사용 수량 w= f olPy)dt =1,000 m - h/s]"
추출됨,낮음,전력계통공학,계통공학,344,7-1,grid_alias,wa7,wa7 3상 SMA 배전선의 말단에 1S0[KWIE 역률 80[%의 평형 3상 부하가 있다. 지금 부하점에 부 하와 병렬로 전력 콘덴서를 접속해서 선로 손실을 최소로 하고자 한다. 이애 필요한 콘덴서의,ex-grid-0344-01,3상 SMA 배전선의 말단에 1S0[KWIE 역률 80[%의 평형 3상 부하가 있다. 지금 부하점에 부 하와 병렬로 전력 콘덴서를 접속해서 선로 손실을 최소로 하고자 한다. 이애 필요한 콘덴서의 용량 / 을 구하여라.
추출됨,낮음,전력계통공학,계통공학,345,7-2,grid_alias,Wi 7-2,"Wi 7-2 187[ /]의 무한대 모선으로부터 r= 2[%], c= 10[%]9] 임피던스를 거쳐서 FE 08, 유효 전력 P=1.0[PU]9 부하에 전력을 공급하고 있을 경우",ex-grid-0345-01,"187[ /]의 무한대 모선으로부터 r= 2[%], c= 10[%]9] 임피던스를 거쳐서 FE 08, 유효 전력 P=1.0[PU]9 부하에 전력을 공급하고 있을 경우 (1) 부하의 무효 전력 Q, 부하의 공급 전압 V, 2 04762, aV,/aQel zt 때 on 3) = a7 faQ7 값 을 구하여라."
추출됨,낮음,전력계통공학,계통공학,346,7-3,word,에제 7-3,"에제 7-3 그림 7-6에서 B= 발전기 기전력, 는 부하 단자 전입, R+ XE 발전기의 내부 리액턴 스까지 포함한 송전 계통의 임피던스이다. 일반적으로 송전 계통에서는 AR XT 성립한다.",ex-grid-0346-01,"그림 7-6에서 B= 발전기 기전력, 는 부하 단자 전입, R+ XE 발전기의 내부 리액턴 스까지 포함한 송전 계통의 임피던스이다. 일반적으로 송전 계통에서는 AR XT 성립한다. 이러한 경우 송전선상의 유효 전력은 와 의 위상치에, 무효 전력 Ok 송전 계통의 전압 강하에 밀접하게 관계한다는 것을 보여라. RX 7 f 그 fy sy 5 올리 mat 90 . 869 이 80 [후 yt i a"
추출됨,낮음,전력계통공학,계통공학,352,7-4,grid_alias,PH 7-4,"PH 7-4 전력 계통에서의 무효 전력의 발생원과 소비원을 열거하여라. 또, 이들에게 과부족이 생겼을 경우의 문제점과 대책을 설명하여라.",ex-grid-0352-01,전력 계통에서의 무효 전력의 발생원과 소비원을 열거하여라.
추출됨,낮음,전력계통공학,계통공학,353,7-5,word,여제 7-5,"여제 7-5 그림 7-110) V,=1.0[PU], Vv, =0.95 [PU]",ex-grid-0353-01,"그림 7-110) V,=1.0[PU], Vv, =0.95 [PU] R=05 [이]. x= 2.5 [Q] 이라고 할 때, 부하가 1.0[PU], 역률이 80(%](지상)일 Aol 소요될 조상 용량과 그 설비를 보여라. 단. 661 /1. 100[MVAIE 기준으로 한다. % 동 것 더 refs 007 3 PQ A Jee 그림 7-1 Om 주어진 데이터를 Pues 나타내면 25 = 667/100"
추출됨,낮음,전력계통공학,계통공학,361,7-6,grid_alias,oI 7-6,"oI 7-6 1B4E7/OAKV], 174, 정격 용량 100[MvA], 임피던스 1[%]의 LAC 1차 측이 1541 41로 일정 하게 유지되고 있을 때 다음과 같은 경우에 대해서 LAC 1탭 변화에 의한 전압, 무효 전력 변",ex-grid-0361-01,"1B4E7/OAKV], 174, 정격 용량 100[MvA], 임피던스 1[%]의 LAC 1차 측이 1541 41로 일정 하게 유지되고 있을 때 다음과 같은 경우에 대해서 LAC 1탭 변화에 의한 전압, 무효 전력 변 화분을 구하여라."
추출됨,낮음,전력계통공학,계통공학,383,8-1,grid_alias,oI 8-1,"oI 8-1 그림 819) 3상 송전 계통에서 발전기 G,, 는 어느 것이나 SB 20[Mval, 전압 6.61 /], 리맥턴스 20[%), 변압기 TE 용량 40[MVA], 전압 6.6/660 ], 리액턴스 Bl], 송전 선로는",ex-grid-0383-01,"그림 819) 3상 송전 계통에서 발전기 G,, 는 어느 것이나 SB 20[Mval, 전압 6.61 /], 리맥턴스 20[%), 변압기 TE 용량 40[MVA], 전압 6.6/660 ], 리액턴스 Bl], 송전 선로는 길이 20097], 리액턴스 0.6[O/kmIO Ch 지금 무부하 운전 중에 수전단 점에서 3상 단락 고장이 발생하였을 경우의 고장 전류(단락 전류)를 구하여라."
추출됨,낮음,전력계통공학,계통공학,384,8-2,grid_alias,wi 8-2,wi 8-2 그림 2-29 같은 발전소에서의 각 유입 차단기 1(008의 차단 용량을 계산하여라. Gh,ex-grid-0384-01,그림 2-29 같은 발전소에서의 각 유입 차단기 1(008의 차단 용량을 계산하여라.
추출됨,낮음,전력계통공학,계통공학,393,8-3,grid_alias,wi 8-3 es,"wi 8-3 es 정격 1O[MVA], 무부하 단자 전압 6.60 ]의 동기 발전기가 있다. 이 발전기의 대칭분 임피던 스는 다음과 같다.",ex-grid-0393-01,"es 정격 1O[MVA], 무부하 단자 전압 6.60 ]의 동기 발전기가 있다. 이 발전기의 대칭분 임피던 스는 다음과 같다. . J, =0.08+ 7 4.38 [Q] %=0.49+ 71.34 [Q] ㅣ % =0-16+ 5 0.54 [0]"
추출됨,낮음,전력계통공학,계통공학,401,8-5,grid_alias,Wl 8-5,Wl 8-5 그림 8-102 같은 송전 ABO 발전기 ASHE] 전동기 Boll 송전하고 있다. 선로의 도중에 Af 선간 단락 고장이 일어났을 때 고장 직후의 송전 전력은 고장 전의 정상적인 송전 전력에,ex-grid-0401-01,"그림 8-102 같은 송전 ABO 발전기 ASHE] 전동기 Boll 송전하고 있다. 선로의 도중에 Af 선간 단락 고장이 일어났을 때 고장 직후의 송전 전력은 고장 전의 정상적인 송전 전력에 비해 얼마로 줄어들겠는가 단, 회로의 저항분 및 정전 용량은 무시하고 동일 용량으로 환산 한 Zt 구간의 % 리맥턴스는 아래와 같은 값을 가진다고 한다. 기의 정상 BHA ay, = 25 [%] 기의 역"
추출됨,낮음,전력계통공학,계통공학,412,8-6,grid_alias,Wl 86,"Wl 86 그림 S192 같은 DA 접지의 송전 계통에 있어서 CHolAl 1선 지락 고장이 발생하였을 경우의 지락 전류를 계산하여라. 단, 기기의 정수는 도시한 바와 같이 송전 선로의 정상 임피던",ex-grid-0412-01,그림 S192 같은 DA 접지의 송전 계통에 있어서 CHolAl 1선 지락 고장이 발생하였을 경우의 지락 전류를 계산하여라.
추출됨,낮음,전력계통공학,계통공학,415,8-7,grid_alias,wi 8-7,"wi 8-7 그림 8-21과 BE A, 6 양 발전소를 연결하는 154[ /]의 3상 송전선이 있다. 무부하 상태에 서 송전 선로의 중앙에서 6, 2썬이 동시에 지락 고장을 일으켰다. 이 경우의 건전선 의 고",ex-grid-0415-01,"그림 8-21과 BE A, 6 양 발전소를 연결하는 154[ /]의 3상 송전선이 있다. 무부하 상태에 서 송전 선로의 중앙에서 6, 2썬이 동시에 지락 고장을 일으켰다. 이 경우의 건전선 의 고 장 전과 고장 후의 전위를 비교하여라."
추출됨,낮음,전력계통공학,계통공학,428,8-8,grid_alias,21 8-8,21 8-8 그림 8-322 같은 154] SH 선로의 중앙점 에서 141 지락 사고가 Bes 경우의 지 락 전류의 값을 구하여라.,ex-grid-0428-01,그림 8-322 같은 154] SH 선로의 중앙점 에서 141 지락 사고가 Bes 경우의 지 락 전류의 값을 구하여라.
추출됨,낮음,전력계통공학,계통공학,441,8-9,word,이제 8-9,이제 8-9 방사상 송전 선로의 단락 보호 방식에 대해 설명하여라. 0 의 (1) 전원이 1단에만 있을 경우,ex-grid-0441-01,방사상 송전 선로의 단락 보호 방식에 대해 설명하여라.
추출됨,낮음,전력계통공학,계통공학,442,8-10,grid_alias,WA 870,WA 870 우리나라 송전 계통은 과거의 방사상 계통에서 환상0000) 계통으로 바뀌었다. 앞의 예제와 같은 조건에서의 환상 선로의 단락 보호 방식에 대해 설명하여라.,ex-grid-0442-01,우리나라 송전 계통은 과거의 방사상 계통에서 환상0000) 계통으로 바뀌었다. 앞의 예제와 같은 조건에서의 환상 선로의 단락 보호 방식에 대해 설명하여라.
추출됨,낮음,전력계통공학,계통공학,444,8-11,word,예제 8-11,예제 8-11 송전 선로의 지락 보호 방식에 대해 설명하여라.,ex-grid-0444-01,송전 선로의 지락 보호 방식에 대해 설명하여라.
추출됨,낮음,전력계통공학,계통공학,450,100,grid_alias,"wa 100,000 VA]","wa 100,000 VA] 으로 구하여라. 단, 계산에 사용할 수치 stem [200 는 그림 8-44에 나타낸 것과 같다고 한 x= 70.5[Q/km] 3",ex-grid-0450-01,",000 VA] 으로 구하여라."
추출됨,낮음,전력계통공학,계통공학,473,9-7,grid_alias,wl 97,"wl 97 그림 9-9와 같은 17] 무한대 모선 계통의 정태 ISS 해석하여라. 단, 그림에서의 SE 값",ex-grid-0473-01,"그림 9-9와 같은 17] 무한대 모선 계통의 정태 ISS 해석하여라. 단, 그림에서의 SE 값 2 1000[MVA] 기준의 단위값이라고 한다. 로 js jo 자 Ey, Zé, 1.05 24, 1.020 그림 9-9 모델 계동 OW) 발전기의 전류 는 i- ita 0 발전기의 내부 전압 BS"
추출됨,낮음,전력계통공학,계통공학,475,9-2,grid_alias,Mi 9-2,"Mi 9-2 그림 O12 같은 1기 무한대 계통에서 안정한 운전 상태로 운전하고 있을 때 발전기 출력에 미소한 동요가 발생하였다. 이 전력 동요의 주기를 구하여라. 또, 정태 안정도가 좋을수록 동",ex-grid-0475-01,그림 O12 같은 1기 무한대 계통에서 안정한 운전 상태로 운전하고 있을 때 발전기 출력에 미소한 동요가 발생하였다. 이 전력 동요의 주기를 구하여라.
추출됨,낮음,전력계통공학,계통공학,476,9-3,word,이제 9-3,이제 9-3 그림 9-ㄱ12와 같이 발전기와 전동기가 송전 MES 통해서 연결된 2기 시스템이 정상 상태로 문전하고 있다. 다음 두 가지 경우에 대한 정태 안정도를 해석하여라.,ex-grid-0476-01,"그림 9-ㄱ12와 같이 발전기와 전동기가 송전 MES 통해서 연결된 2기 시스템이 정상 상태로 문전하고 있다. 다음 두 가지 경우에 대한 정태 안정도를 해석하여라. 단, 수전 전력은 1202], 전동기의 SHS 1.0이라고 한다. (1) 송전 선로가 평행 2회선인 경우 (2) 송전 선로가 1회선인 경우 2 Xn , ㅠㅠ V, E, Xi if Xe ie X, Xm = Xn 그림 9-12 271"
추출됨,낮음,전력계통공학,계통공학,488,9-6,grid_alias,Wi 9-6,Wi 9-6 AB 9-199 같이 발전기와 전동기가 송전 MSS 통해서 연결된 27] 시스템의 운동 방정식 을 유도하여라.,ex-grid-0488-01,"AB 9-199 같이 발전기와 전동기가 송전 MSS 통해서 연결된 27] 시스템의 운동 방정식 을 유도하여라. 찌=9.0. y= Ey2 0 1 x ㆍ 발전기 (00 ---ㅜ-0-----ㅠ-(025기 M Pa Pur Ma Pa Pe oral 출력) glad 출력) 그림 9-19 27) AS OW) 발전기를 첨자 1, 전동기를 첨자 2로 표시하면 각각의 운동 방정식은 1기 무한대 계동 따와 마 "
추출됨,낮음,전력계통공학,계통공학,562,10-2,grid_alias,WA 10-2,WA 10-2 우리나라의 전력시장에서는 거래 가격을 어떻게 결정하고 있는가 QED) 전력시장에서 결정되는 전기의 가격은 경쟁 시장에서 일반 ABS) 가격이 수요와 공급의 균형,ex-grid-0562-01,"우리나라의 전력시장에서는 거래 가격을 어떻게 결정하고 있는가 QED) 전력시장에서 결정되는 전기의 가격은 경쟁 시장에서 일반 ABS) 가격이 수요와 공급의 균형 점에서 결정되는 원리와 같다. 우리나라 전력시장의 시장 가격은 1시간 단위로 전력 거래 당일 하루 전에 결정되며, 하루 전에 예측된 전력수요곡선과 공급 입찰에 참여하는 발전기들로 형성 되는 공급 곡선이 교차하는 점에서 거래 가격이 매"
추출됨,낮음,최신 발전공학,발전공학,15,1.1,word,( 예제1.1 에너지의 대량소비에 따른 환경파괴 문제에 대해서 설명하여라.,"( 예제1.1 에너지의 대량소비에 따른 환경파괴 문제에 대해서 설명하여라. 인류가 활동을 지속하기 위해서는 에너지는 필수 불가결한 것이다. 오늘날 우리는 연간 석유 환산톤으로 90~100억 [이라는 막대한 에너지를 소비하고 있는데, 그 대",ex-generation-0015-01,에너지의 대량소비에 따른 환경파괴 문제에 대해서 설명하여라.
추출됨,낮음,최신 발전공학,발전공학,29,2.2,word,"( 예제 2.2 유효낙차 3017], 출력 20,000[ 401의 수력 발전소를 전부하로 운전할 경우, 1","( 예제 2.2 유효낙차 3017], 출력 20,000[ 401의 수력 발전소를 전부하로 운전할 경우, 1 시간당의 사용수량은 몇 [0 인가 단, 수차 및 발전기의 SSS 각각 82[%] 및 95[%]라고 한다.",ex-generation-0029-02,"유효낙차 3017], 출력 20,000[ 401의 수력 발전소를 전부하로 운전할 경우, 1 시간당의 사용수량은 몇 [0 인가 단, 수차 및 발전기의 SSS 각각 82[%] 및 95[%]라고 한다. 수차 및 발전기의 효율이 주어졌기 때문에 매초당의 사용수량 QE _ 20,000 _ O= Sexaoxosmxons 7 3lm /s 로 되므로 1시간당의 사용수량 QE Q) =87.3 60 x 60 "
추출됨,낮음,최신 발전공학,발전공학,29,21,word,"( 예제 21 총 낙차(29) 300[m], 사용수량(0) 20[m /slel 발전소의 수차출력( ,), 발전","( 예제 21 총 낙차(29) 300[m], 사용수량(0) 20[m /slel 발전소의 수차출력( ,), 발전 기 출력(2 , )을 구하여라. Ct FASS 는 90[%], 발전기 효율 /,는 98[%]라 하고 SAM AHA) 총 낙차의 6(%]라고 한다.",ex-generation-0029-01,"총 낙차(29) 300[m], 사용수량(0) 20[m /slel 발전소의 수차출력( ,), 발전 기 출력(2 , )을 구하여라."
추출됨,낮음,최신 발전공학,발전공학,40,24,word,( 예제 24 수력발전과 비교해서 조력발전의 특징을 설명하여라.,"( 예제 24 수력발전과 비교해서 조력발전의 특징을 설명하여라. 일반적인 수력발전에 대해 조력발전의 차이점(특징)은 다음과 같은 것을 들 수 있다. (0 AYA, 대응량이기 때문에 이에 적함한 수력 터빈(원동형 수차 등)을 채용하여야",ex-generation-0040-01,수력발전과 비교해서 조력발전의 특징을 설명하여라.
추출됨,낮음,최신 발전공학,발전공학,41,2.5,word,"( 예제 2.5 상시 출력 8,000[kw], 상시 첨두출력 12.000[ ], 8시간 계속 발전할 수 있는","( 예제 2.5 상시 출력 8,000[kw], 상시 첨두출력 12.000[ ], 8시간 계속 발전할 수 있는 BSAA 수력 발전소가 있다. 평균 유효낙차가 60[0)이고 수차, 발전기의 종 합효율이 80[%]라고 할 때. 저수면적 80,000[07로 단면적이 일정한 이 조정",ex-generation-0041-01,"상시 출력 8,000[kw], 상시 첨두출력 12.000[ ], 8시간 계속 발전할 수 있는 BSAA 수력 발전소가 있다. 평균 유효낙차가 60[0)이고 수차, 발전기의 종 합효율이 80[%]라고 할 때. 저수면적 80,000[07로 단면적이 일정한 이 조정 지에서는 위와 같은 SHS AAS 경우 수심 몇 [7]까지 사용하면 되겠는가 단, 이 조정지에서는 낙차변동의 영향은 무시하는 것으로 한"
추출됨,낮음,최신 발전공학,발전공학,42,2.6,word,( 예제 2.6 유효 저수용량 200x10 [mo] 조정지를 갖는 유효낙차가 80[0)인 수력 발전,"( 예제 2.6 유효 저수용량 200x10 [mo] 조정지를 갖는 유효낙차가 80[0)인 수력 발전 소가 있다. 자연유량이 25 [01 /6]일 때 그림 2.13과 같은 부하곡선으로 운전하 였을 경우의 첨두부하 시 및 저수 시(곧 경부하시가 됨)의 출력을 구하여라. 단,",ex-generation-0042-01,유효 저수용량 200x10 [mo] 조정지를 갖는 유효낙차가 80[0)인 수력 발전 소가 있다. 자연유량이 25 [01 /6]일 때 그림 2.13과 같은 부하곡선으로 운전하 였을 경우의 첨두부하 시 및 저수 시(곧 경부하시가 됨)의 출력을 구하여라.
추출됨,낮음,최신 발전공학,발전공학,44,2.8,word,"( 에제 2.8 경사 1/1,500, Sz 3[070의 HES 갖는 수력 발전소가 있다. 이 발전소의 a","( 에제 2.8 경사 1/1,500, Sz 3[070의 HES 갖는 수력 발전소가 있다. 이 발전소의 a 수구와 방수구와의 TARE 170[m], 수압관의 손실낙차를 1.5[01], 방수구의 손실낙차를 1 [m], 최대 사용수량을 매초 50[077 라고 한다면 이 발전소에서 발",ex-generation-0044-01,"경사 1/1,500, Sz 3[070의 HES 갖는 수력 발전소가 있다. 이 발전소의 a 수구와 방수구와의 TARE 170[m], 수압관의 손실낙차를 1.5[01], 방수구의 손실낙차를 1 [m], 최대 사용수량을 매초 50[077 라고 한다면 이 발전소에서 발 생할 수 있는 최대출력은 몇 [ /]인가 또, 발전소가 연부하율 60[%]로 운전 할 경우 연간 발생 전력량은 얼마[ ]인가 단, "
추출됨,낮음,최신 발전공학,발전공학,45,2.9,word,( 예제 2.9 낙차 30[071의 상부 저수지에 OHA 30[0 1의 수량을 4시간 연속해서 양수한 다,"( 예제 2.9 낙차 30[071의 상부 저수지에 OHA 30[0 1의 수량을 4시간 연속해서 양수한 다 음 이것을 방류해서 발전할 경우 (1) 양수용 전력량 Ww,",ex-generation-0045-01,"낙차 30[071의 상부 저수지에 OHA 30[0 1의 수량을 4시간 연속해서 양수한 다 음 이것을 방류해서 발전할 경우 (1) 양수용 전력량 Ww, (2) 조정지 BBV (3) 발전 전력량 We (4) 양수 발전의 효율 7 를 구하여라."
추출됨,낮음,최신 발전공학,발전공학,52,3.1,word,( 에제3.1 그림 3.2와 같이 수심이 50[00(인 수조가 있다. 이 수조의 측면에 미치는 수압,( 에제3.1 그림 3.2와 같이 수심이 50[00(인 수조가 있다. 이 수조의 측면에 미치는 수압 쓰는 얼마인가 50120,ex-generation-0052-01,"그림 3.2와 같이 수심이 50[00(인 수조가 있다. 이 수조의 측면에 미치는 수압 쓰는 얼마인가 50120 그림 3.2 정수 중 임의의 깊이 AA 압력의 세기 pe p=1,000H [kg/m ]= 7 H[kg/om ] roy a Hm) pS Aol vase 그림 3.3에서 AW p,=0(H=0) Cc B 1 qyatke/cm ] Ba pg=1,000H [ke/m ]= 75 [ke/em ]"
추출됨,낮음,최신 발전공학,발전공학,61,3.3,word,( 예제 3.3 그림 3.11과 같은 수조에 물이 채워져 있다. 수면으로부터 20 [01] 깊이의 측벽,"( 예제 3.3 그림 3.11과 같은 수조에 물이 채워져 있다. 수면으로부터 20 [01] 깊이의 측벽 에 분출공을 들었을 때 물이 이 구멍으로부터 분출하는 분출속도를 구하여라. 단, 이때의 손실은 무시하는 것으로 한다.",ex-generation-0061-01,그림 3.11과 같은 수조에 물이 채워져 있다. 수면으로부터 20 [01] 깊이의 측벽 에 분출공을 들었을 때 물이 이 구멍으로부터 분출하는 분출속도를 구하여라.
추출됨,낮음,최신 발전공학,발전공학,61,3.4,word,( 예제 3.4 낙차가 중간 정도의 수력 발전소에서 유효낙차 [00]가 변화하였을 경우 이에,"( 예제 3.4 낙차가 중간 정도의 수력 발전소에서 유효낙차 [00]가 변화하였을 경우 이에 따라 수차의 최대출력 PE 어떻게 변화하는가 단, 이 경우 수차효율 n= 일 정하다고 한다.",ex-generation-0061-02,"낙차가 중간 정도의 수력 발전소에서 유효낙차 [00]가 변화하였을 경우 이에 따라 수차의 최대출력 PE 어떻게 변화하는가 단, 이 경우 수차효율 n= 일 정하다고 한다. 수차출력 P= 9.8 QHn, 000] 그림 8.1에서 수압관 출구의 단면적을 Alm ), 48 vlm/slet 하면 수량 Q [m/s] 는 연속의 원리에 따라 Qz= Av [m/s] 3 한편, 유속 vb 토리첼리의 정리로부"
추출됨,낮음,최신 발전공학,발전공학,67,4.3,word,"( 예제 4.3 평균표고 300[m], 면적 50만[79인 지역의 연간 강수량이 1500[0071일 때","( 예제 4.3 평균표고 300[m], 면적 50만[79인 지역의 연간 강수량이 1500[0071일 때 이론 포장(원를)수력, 포장수력 및 발전소 용량을 구하여라. 단, 유출계수는 0,75, 발전소의 설비 이용률은 0.6이라고 가정한다.",ex-generation-0067-01,"평균표고 300[m], 면적 50만[79인 지역의 연간 강수량이 1500[0071일 때 이론 포장(원를)수력, 포장수력 및 발전소 용량을 구하여라."
추출됨,낮음,최신 발전공학,발전공학,67,4.4,word,( 예제 4.4 다음과 같은 수력 발전소의 최대 출력을 계산하여라.,"( 예제 4.4 다음과 같은 수력 발전소의 최대 출력을 계산하여라. SABA 160[km ] 최고 유효낙차 12017] 연간 강우량 1,500[mm] BUSES 85[%]",ex-generation-0067-02,다음과 같은 수력 발전소의 최대 출력을 계산하여라.
추출됨,낮음,최신 발전공학,발전공학,72,4.5,word,"( 예제 4.5 유역면적 A00[km ], 1년간의 총강수량 1.500[000인 수력지점이 있다. 유출계","( 예제 4.5 유역면적 A00[km ], 1년간의 총강수량 1.500[000인 수력지점이 있다. 유출계 수를 70[%]라 하고 HFSS 연간 평균유량의 1/3 이라고 할 때 이 하천의 저수 Be 얼마인가",ex-generation-0072-01,"유역면적 A00[km ], 1년간의 총강수량 1.500[000인 수력지점이 있다. 유출계 수를 70[%]라 하고 HFSS 연간 평균유량의 1/3 이라고 할 때 이 하천의 저수 Be 얼마인가 연간 BERS Olm/ske 식 (4.1로부터 저수량은 연간 평균 유량 (2 의 1/9이라고 하였으므로 13.32 ie 4.44 [m /s] ("
추출됨,낮음,최신 발전공학,발전공학,72,4.6,word,"( 예제 4.6 그림 4.6과 같은 유황곡선을 가진 하천에서 최대 사용 수량 9O[m /s], 최소 At","( 예제 4.6 그림 4.6과 같은 유황곡선을 가진 하천에서 최대 사용 수량 9O[m /s], 최소 At 용수량 30[01 /6], 유효낙차 60[001의 수력 발전소를 설계할 경우 아래 사항의 US 구하여라. 단, 수차효율 n= 88[%], 발전기 효율 /,는 97[%]라고 한다.",ex-generation-0072-02,"그림 4.6과 같은 유황곡선을 가진 하천에서 최대 사용 수량 9O[m /s], 최소 At 용수량 30[01 /6], 유효낙차 60[001의 수력 발전소를 설계할 경우 아래 사항의 US 구하여라."
추출됨,낮음,최신 발전공학,발전공학,85,4.8,word,"( 에제 4.8 평균 유효낙차 5O[m], BE 160,000[kw], SH 저수량 40.000,000[07 의 발","( 에제 4.8 평균 유효낙차 5O[m], BE 160,000[kw], SH 저수량 40.000,000[07 의 발 전소가 있다. 이 저수량은 몇 [kwh]oil 해당하는가 단, 수차의 효율은 86[%], 발전기 효율은 97[%]이다.",ex-generation-0085-01,"평균 유효낙차 5O[m], BE 160,000[kw], SH 저수량 40.000,000[07 의 발 전소가 있다. 이 저수량은 몇 [kwh]oil 해당하는가 단, 수차의 효율은 86[%], 발전기 효율은 97[%]이다. 160,000 [kW] 발전하는 데 필요한 유량을 [ㅁㅠ /이라고 하면 160,000 = 9.8 x 50x Qx 0.86 x 0.97245) ee 160,000 _ + O- "
추출됨,낮음,최신 발전공학,발전공학,85,4.9,word,( 예제 4.9 수력 발전소 출력에서 분류되고 있는 다음의 각 출력을 설명하여라.,( 예제 4.9 수력 발전소 출력에서 분류되고 있는 다음의 각 출력을 설명하여라. (1) 상시출력 (2) 상시 첨두출력,ex-generation-0085-02,수력 발전소 출력에서 분류되고 있는 다음의 각 출력을 설명하여라.
추출됨,낮음,최신 발전공학,발전공학,86,4.10,word,"(예제 4.10 유역면적 200[07], 1년간의 총강수량 1,500[mm]e 수력지점이 있다. 유출계","(예제 4.10 유역면적 200[07], 1년간의 총강수량 1,500[mm]e 수력지점이 있다. 유출계 수를 70[%]라 하고 갈수량을 연간 평균유량의 1/3 이라고 한다면 갈수량은 얼 마인가 다음 갈수 시에 이 유량을 사용해서 그림 4.19와 같은 부하율 50[%]1,",ex-generation-0086-01,"유역면적 200[07], 1년간의 총강수량 1,500[mm]e 수력지점이 있다. 유출계 수를 70[%]라 하고 갈수량을 연간 평균유량의 1/3 이라고 한다면 갈수량은 얼 마인가 다음 갈수 시에 이 유량을 사용해서 그림 4.19와 같은 부하율 50[%]1, 첨두부하 계속시간 4시간의 부하를 담당해서 발전하는 데 필요한 조정지의 용 량을 구하여라."
추출됨,낮음,최신 발전공학,발전공학,107,5.1,word,"( 예제 5.1 유효낙차 80007], 출력 40,000[kw]o] 수력 발전소에서 사용하게 될 수압관의","( 예제 5.1 유효낙차 80007], 출력 40,000[kw]o] 수력 발전소에서 사용하게 될 수압관의 평균지름(안지름)은 얼마인가 단, 발전소의 종합효율은 80[%], 수압관 내의 유속은 3[07/6]라고 한다.",ex-generation-0107-01,"유효낙차 80007], 출력 40,000[kw]o] 수력 발전소에서 사용하게 될 수압관의 평균지름(안지름)은 얼마인가 단, 발전소의 종합효율은 80[%], 수압관 내의 유속은 3[07/6]라고 한다. 먼저 이 발전소의 유량 Omsk P=9.8 Fn, ZEA 다옴과 같이 구해진다, 고 40,000 , = 98800, 9.8×80×08 63 78[m /s] 따라서 수압관의 ASS DABS Alm"
추출됨,낮음,최신 발전공학,발전공학,107,5.2,word,"( 예제 5.2 사용수량 5[7 /6], 수조수면과 수차와의 고저차가 160[0]인 발전소에 용접수","( 예제 5.2 사용수량 5[7 /6], 수조수면과 수차와의 고저차가 160[0]인 발전소에 용접수 압 철관 1관을 설치하려고 할 경우, 철관의 안지름 및 상ㆍ하 양단에서의 강판 의 두께를 계산하여라. 단, 안지름은 상ㆍ하 같은 크기라 하고 발전소의 전부하",ex-generation-0107-02,"사용수량 5[7 /6], 수조수면과 수차와의 고저차가 160[0]인 발전소에 용접수 압 철관 1관을 설치하려고 할 경우, 철관의 안지름 및 상ㆍ하 양단에서의 강판 의 두께를 계산하여라."
추출됨,낮음,최신 발전공학,발전공학,135,6.2,word,( 예제 6.2 펠톤 수차를 사용하는 발전소가 있다. 수조면과 수차의 노즐과의 고저차가 200,"( 예제 6.2 펠톤 수차를 사용하는 발전소가 있다. 수조면과 수차의 노즐과의 고저차가 200 [001에서 수차와 직결된 발전기가 60,000[kWIS 발생하고 있다. 수차와 발전기 와의 합성효율은 75[%], 수압관 내의 수두손실을 고저차의 2[%]라고 하면 사용",ex-generation-0135-01,"펠톤 수차를 사용하는 발전소가 있다. 수조면과 수차의 노즐과의 고저차가 200 [001에서 수차와 직결된 발전기가 60,000[kWIS 발생하고 있다. 수차와 발전기 와의 합성효율은 75[%], 수압관 내의 수두손실을 고저차의 2[%]라고 하면 사용 수량은 몇 [m /s]2 71 제의에 따라 수압관 내의 손실수두가 2[% 이므로 유효낙차 는 교=200-200×0.02=196[2ㅁ2] 따라서 "
추출됨,낮음,최신 발전공학,발전공학,136,6.3,word,"예제 6.3 유효낙차 150[0]에서 출력 26,500[kwlel 수차가 있다. 유효낙차가 5007] 저하","예제 6.3 유효낙차 150[0]에서 출력 26,500[kwlel 수차가 있다. 유효낙차가 5007] 저하 하였을 때의 SAS 구하여라. ct, 수차의 안내날개의 개도(880) 및 SSS 일 정하다고 한다.",ex-generation-0136-01,"유효낙차 150[0]에서 출력 26,500[kwlel 수차가 있다. 유효낙차가 5007] 저하 하였을 때의 SAS 구하여라."
추출됨,낮음,최신 발전공학,발전공학,137,6.4,word,"( 예제 6.4 유효낙차 160[m], 출력 22,500[kw], 주파수 60[121의 수차 발전기의 정격 회","( 예제 6.4 유효낙차 160[m], 출력 22,500[kw], 주파수 60[121의 수차 발전기의 정격 회 전속도를 구하여라. 앞에서 설명한 회전속도의 결정방법에 따라 결정한다.",ex-generation-0137-01,"유효낙차 160[m], 출력 22,500[kw], 주파수 60[121의 수차 발전기의 정격 회 전속도를 구하여라."
추출됨,낮음,최신 발전공학,발전공학,138,6.6,word,"(예제 6.6 = osust 256[m], 출력 40,000[kw], 주파수 60 [Hz]e 수차 발전기의 회전수","(예제 6.6 = osust 256[m], 출력 40,000[kw], 주파수 60 [Hz]e 수차 발전기의 회전수 10071]는 얼마로 하면 적당하겠는가 단, 수차의 비속도 한도 의 개략값은 _ 20,000 .",ex-generation-0138-01,"= osust 256[m], 출력 40,000[kw], 주파수 60 [Hz]e 수차 발전기의 회전수 10071]는 얼마로 하면 적당하겠는가 단, 수차의 비속도 한도 의 개략값은 _ 20,000 . = Fry 99 t 0000 - kW] 로 표시된다고 한다. 제의에 따라 어 수차의 비속도의 한도 NE 20,000 은 = 256+20 7 20 + 102.5[m - kW] 비속도의 일반식은 수차 "
추출됨,낮음,최신 발전공학,발전공학,139,6.7,word,"( 예제 6.7 유효낙차 10[0], 사용수량 20.3(07 /8의 수력을 얻을 수 있는 지점에 발전소","( 예제 6.7 유효낙차 10[0], 사용수량 20.3(07 /8의 수력을 얻을 수 있는 지점에 발전소 를 건설할 경우 수차, 발전기의 회전수는 얼마가 적당하겠는가 단, 수차 효율 은 87[%], 주파수는 6012], 비속도 의 한계값은",ex-generation-0139-01,"유효낙차 10[0], 사용수량 20.3(07 /8의 수력을 얻을 수 있는 지점에 발전소 를 건설할 경우 수차, 발전기의 회전수는 얼마가 적당하겠는가 단, 수차 효율 은 87[%], 주파수는 6012], 비속도 의 한계값은 20,000 . N.S Fea 30 때 kw] 로 표시된다고 한다. 먼저 이 발전소에 설치할 수차(를 낙차, 사용수량이 각각 110 m], 20.3[2 /61로 중 간 정도"
추출됨,낮음,최신 발전공학,발전공학,140,6.8,word,"( 예제 6.8 . 유효낙차 200[m], 최대 사용수량 8207 /9]의 수력 발전소를 건설해서 주파수","( 예제 6.8 . 유효낙차 200[m], 최대 사용수량 8207 /9]의 수력 발전소를 건설해서 주파수 가 601721인 전력계통에 연계시키고자 한다. 이 경우 아래 값을 구하여라. (1) 수차출력 P,[kw]",ex-generation-0140-01,". 유효낙차 200[m], 최대 사용수량 8207 /9]의 수력 발전소를 건설해서 주파수 가 601721인 전력계통에 연계시키고자 한다. 이 경우 아래 값을 구하여라."
추출됨,낮음,최신 발전공학,발전공학,148,6.9,word,( 여제 6.9 수력 발전소를 설계함에 있어 수차 및 발전기의 회전수는 어떠한 관점에서 결,( 여제 6.9 수력 발전소를 설계함에 있어 수차 및 발전기의 회전수는 어떠한 관점에서 결 정되는가를 설명하여라. 639 수차와 발전기와는 직결되는 것이 모동이므로 양자의 회전수는 동일하다고 볼 수 있,ex-generation-0148-01,수력 발전소를 설계함에 있어 수차 및 발전기의 회전수는 어떠한 관점에서 결 정되는가를 설명하여라.
추출됨,낮음,최신 발전공학,발전공학,149,6.10,word,(예제 6.10 60[121에서 300[ ㅠ0의 수차발전기의 극수[7 는 얼마인 가. 또 48극수의 수차,"(예제 6.10 60[121에서 300[ ㅠ0의 수차발전기의 극수[7 는 얼마인 가. 또 48극수의 수차 발전기의 회전수는 얼마인가 회전수 Nirpm), 주파수 7182], 극수 7의 사이에는",ex-generation-0149-01,"60[121에서 300[ ㅠ0의 수차발전기의 극수[7 는 얼마인 가. 또 48극수의 수차 발전기의 회전수는 얼마인가 회전수 Nirpm), 주파수 7182], 극수 7의 사이에는 y= pe 의 관계가 있기 때문에 이 식을 사용해서 = 00. 10500, P= = 399 지키 N= ee 0 150.0[rpm] (ora 61 최대 사용수량 및 유효낙차가 주어진 수력 발전소를 설계함에 있어서 수차 "
추출됨,낮음,최신 발전공학,발전공학,162,6.13,word,(예제 6.13 정격 회전수 375[ 607 의 프란시스 수차가 전부하 SHS 하고 있을 때 갑자기,(예제 6.13 정격 회전수 375[ 607 의 프란시스 수차가 전부하 SHS 하고 있을 때 갑자기 부하가 차단되었기 때문에 수차의 속도가 상승하였다. 이때의 속도 변동률이 25 [%]였다고 하면 수차의 속도 상승시의 회전수는 몇 [ 007]이었겠는가,ex-generation-0162-01,"정격 회전수 375[ 607 의 프란시스 수차가 전부하 SHS 하고 있을 때 갑자기 부하가 차단되었기 때문에 수차의 속도가 상승하였다. 이때의 속도 변동률이 25 [%]였다고 하면 수차의 속도 상승시의 회전수는 몇 [ 007]이었겠는가 속도 WEE 의 정의식은 = a 100%) 여기서, 2 정격 BASE [rpm] N 변화하였을 때의 회전속도 [rpm] 따라서 N= N,(1 +e) =375("
추출됨,낮음,최신 발전공학,발전공학,163,6.15,word,"(예제 6.15 정격출력 50,0000 4 의 수차 발전기가 6072 의 전력계통에 접속되어 전부","(예제 6.15 정격출력 50,0000 4 의 수차 발전기가 6072 의 전력계통에 접속되어 전부 하, 정격 주파수로 운전 중에 있다. 여기서 이 계통에 접속되어 있던 일부의 부 하가 갑자기 차단되어 주파수가 60.3[[12 로 상승하였다고 하면 발전기 출력",ex-generation-0163-01,"정격출력 50,0000 4 의 수차 발전기가 6072 의 전력계통에 접속되어 전부 하, 정격 주파수로 운전 중에 있다. 여기서 이 계통에 접속되어 있던 일부의 부 하가 갑자기 차단되어 주파수가 60.3[[12 로 상승하였다고 하면 발전기 출력 kw] 어떻게 되겠는가 단, 수차 발전기의 속도 조정를은 4[%]라 하고 조속 기 특성은 직선이라고 한다. 속도 조정률의 일반식은 M- 2 b= oR "
추출됨,낮음,최신 발전공학,발전공학,165,617,word,"(여제 617 정격출력 700[4 ] 및 1,000[MW12 대의 발전기가 무부하로 병렬 운전하고","(여제 617 정격출력 700[4 ] 및 1,000[MW12 대의 발전기가 무부하로 병렬 운전하고 있다. 발전기의 속도 조정률이 각각 2.5[%] 및 3.0[%]로 설정되어 있다면 부하 1,300[Mw]2 때의 각 발전기의 출력은 얼마이겠는가",ex-generation-0165-01,"정격출력 700[4 ] 및 1,000[MW12 대의 발전기가 무부하로 병렬 운전하고 있다. 발전기의 속도 조정률이 각각 2.5[%] 및 3.0[%]로 설정되어 있다면 부하 1,300[Mw]2 때의 각 발전기의 출력은 얼마이겠는가 무부하, 기준 FHS (AS 병렬운전하고 있는 상태에서는 그림 6,392 같이 조속기 특성이 설정되어 있다. 즉, Fo rie i 수 Fe seen pe a (Hz)"
추출됨,낮음,최신 발전공학,발전공학,166,6.18,word,(예제 6.18 그림 6.40과 같이 2대의 발전기가 병렬문전하여 200[ / ]의 부하를 공급하고,"(예제 6.18 그림 6.40과 같이 2대의 발전기가 병렬문전하여 200[ / ]의 부하를 공급하고 있다. 이때 용량 100[Mw]e 발전기의 속도 ABS 6/는 4[%]이고, 용량 200 [Mw]e 8발전기의 속도 조정률 spo 4[%)(단, 속도 ABBE 어느 것이나 직",ex-generation-0166-01,"그림 6.40과 같이 2대의 발전기가 병렬문전하여 200[ / ]의 부하를 공급하고 있다. 이때 용량 100[Mw]e 발전기의 속도 ABS 6/는 4[%]이고, 용량 200 [Mw]e 8발전기의 속도 조정률 spo 4[%)(단, 속도 ABBE 어느 것이나 직 선 특성으로 가정함)라고 한다. 이 경우 양발전기의 조속기가 다같이 조속기 자 유운전(조속기 프리)한다고 하면 각 발전기의 부하분담은 "
추출됨,낮음,최신 발전공학,발전공학,178,6.24,word,"(여제 6.24 최대출력 BOOIMW], 총낙차 355[7의 순양수 발전소에서 단가 32[원/4]의","(여제 6.24 최대출력 BOOIMW], 총낙차 355[7의 순양수 발전소에서 단가 32[원/4]의 심야전력으로 양수할 경우, [ 당의 발전단가는 얼마로 되겠는가 단, 손실낙차(발전 시, 양수 시 같다고 본다) 5 [0]",ex-generation-0178-01,"최대출력 BOOIMW], 총낙차 355[7의 순양수 발전소에서 단가 32[원/4]의 심야전력으로 양수할 경우, [ 당의 발전단가는 얼마로 되겠는가 단, 손실낙차(발전 시, 양수 시 같다고 본다) 5 [0] 발전시의 기기효율 88[%] 양수시의 기기효율 851%] 1일의 발전시간(최대출력으로) 6[시간] 발전소의 건설비 840 [억 원] 건설비에 대한 연경비율 1 9[%] (양수 전력비는 제외"
추출됨,낮음,최신 발전공학,발전공학,190,7.1,word,"( 예제7.1 화력발전소에서 생기는 공해문제를 설명하고 이의 대책을 열거하여라,","( 예제7.1 화력발전소에서 생기는 공해문제를 설명하고 이의 대책을 열거하여라, 화력발전소에서 일어날 수 있는 공해로서는",ex-generation-0190-01,화력발전소에서 생기는 공해문제를 설명하고 이의 대책을 열거하여라
추출됨,낮음,최신 발전공학,발전공학,195,7.2,word,( 예제7.2 중간 부하용 화력발전소에서 계통 SSA 요구될 AAS 들어라.,( 예제7.2 중간 부하용 화력발전소에서 계통 SSA 요구될 AAS 들어라. 중간부하 분담은 주로 심야 경부하시를 제외한 주간과 야간에 많이 이루어지는데 이 를 담당한 발전소로서는 다음과 같은 조건을 충족시켜야 한다.,ex-generation-0195-01,"중간 부하용 화력발전소에서 계통 SSA 요구될 AAS 들어라. 중간부하 분담은 주로 심야 경부하시를 제외한 주간과 야간에 많이 이루어지는데 이 를 담당한 발전소로서는 다음과 같은 조건을 충족시켜야 한다. DAY 기동ㆍ정지가 가능할 것 기동이 신속하고, 기동손실이 적을 것 비교적 부하가 많이 걸리는 낮 동안에는 정격부하로 운전이 가능할 것 AFC 운전이 가능할 것 ("
추출됨,낮음,최신 발전공학,발전공학,195,7.3,word,( 에제7.3 기저 부하용 기력발전소와 첨두 부하응 기력발선소에 대해서 계통 SBA 특히,( 에제7.3 기저 부하용 기력발전소와 첨두 부하응 기력발선소에 대해서 계통 SBA 특히 유의하지 않으면 안 될 점에 대해 설명하여라. EDD 건지 기지 부하응 기력발전소는 매일매일 일정한 부하에 전력을 공급하는 발전소로서,ex-generation-0195-02,기저 부하용 기력발전소와 첨두 부하응 기력발선소에 대해서 계통 SBA 특히 유의하지 않으면 안 될 점에 대해 설명하여라.
추출됨,낮음,최신 발전공학,발전공학,203,8.1,word,예제 8.1 어느 화력발전소에서 과열기 출구의 증기기압이 174 [ 9/0기라고 한다. 이것,"예제 8.1 어느 화력발전소에서 과열기 출구의 증기기압이 174 [ 9/0기라고 한다. 이것 은 각각 몇 기압 [atalat 몇 [psilol 해당하는 것인가 171 Hata]=1,033[kg/em ] 이므로",ex-generation-0203-01,"어느 화력발전소에서 과열기 출구의 증기기압이 174 [ 9/0기라고 한다. 이것 은 각각 몇 기압 [atalat 몇 [psilol 해당하는 것인가 171 Hata]=1,033[kg/em ] 이므로 174/1.033 = 168.5[ata] AUpsil]=0.0703 kg/em ] 이므로 174/0.0703 + 2.475[psi]"
추출됨,낮음,최신 발전공학,발전공학,203,8.2,word,예제 8.2 대기압력이 755[mmHg]e 때 복수기 내의 압력과 대기압과의 차가 735,예제 8.2 대기압력이 755[mmHg]e 때 복수기 내의 압력과 대기압과의 차가 735 [007191였다고 한다면 이때의 진공도는 얼마인가,ex-generation-0203-02,대기압력이 755[mmHg]e 때 복수기 내의 압력과 대기압과의 차가 735 [007191였다고 한다면 이때의 진공도는 얼마인가
추출됨,낮음,최신 발전공학,발전공학,210,8.3,word,( 에제 8.3 16[]의 물 500[ 01이 100[ 의 증기로 변화하는 데에는 몇 [08 의 열량을,"( 에제 8.3 16[]의 물 500[ 01이 100[ 의 증기로 변화하는 데에는 몇 [08 의 열량을 필요로 하는가 또, 이것을 [814 ]로 나타내면 얼마로 되겠는가 수온을 100 [1] 높이는 데 필요한 열량 Oe",ex-generation-0210-01,"16[]의 물 500[ 01이 100[ 의 증기로 변화하는 데에는 몇 [08 의 열량을 필요로 하는가 또, 이것을 [814 ]로 나타내면 얼마로 되겠는가 수온을 100 [1] 높이는 데 필요한 열량 Oe Q, =500(100-16) = 42,000[keal] 다음 증기화하는 데 필요한 열량 QE 100 [ C] 9] 온수 [kg]o] 100[C]9] 건조 포화 증기로 변화하는 데 599[ 0"
추출됨,낮음,최신 발전공학,발전공학,211,8.5,word,"( 예제 8.5 어느 물질 1[ 91이 압력 1[ko/om ], 부피 0.86[00의 상태로부터 압력 5","( 예제 8.5 어느 물질 1[ 91이 압력 1[ko/om ], 부피 0.86[00의 상태로부터 압력 5 [ka/cm ], 부피 0.2[m ]2] 상태로 변화하였다. 이 변화에서 내부 에너지 변화는 없었던 것으로 한다면 엔탈피의 증가는 얼마인가",ex-generation-0211-01,"어느 물질 1[ 91이 압력 1[ko/om ], 부피 0.86[00의 상태로부터 압력 5 [ka/cm ], 부피 0.2[m ]2] 상태로 변화하였다. 이 변화에서 내부 에너지 변화는 없었던 것으로 한다면 엔탈피의 증가는 얼마인가 처음 상태에서의 엔탈피를 1,, 최종상태에서의 엔탈피를 ,라고 하면 상태 변화에 따 른 엔탈피의 증가는 di=dU+ AdW 로부터 ni, =(Q-U)+A(AY-PY)"
추출됨,낮음,최신 발전공학,발전공학,214,8.6,word,( 예제 8.6 보일러 연소실을 나올 때 800[ 인 연소가스의 온도가 BO] 입구에서는,( 예제 8.6 보일러 연소실을 나올 때 800[ 인 연소가스의 온도가 BO] 입구에서는 130 [ㄷ]까지 내려가 있다고 한다. 이 경우 가스의 체적은 머느 정도 감소되었 겠는가,ex-generation-0214-01,"보일러 연소실을 나올 때 800[ 인 연소가스의 온도가 BO] 입구에서는 130 [ㄷ]까지 내려가 있다고 한다. 이 경우 가스의 체적은 머느 정도 감소되었 겠는가 절대온도 TAA 체적 인 가스가 같은 압력 하에서 BALE TZ 되었을 때의 체 적을 라고 하면 %_D yh 지금 연소실 출구의 연소가스의 체적을 Vi, SH 입구의 체적을 라고 한다. 한편 제의에 따라"
추출됨,낮음,최신 발전공학,발전공학,222,8.8,word,( 에제 8.8 랭킨 사이클은 기력발전소의 기본적인 열 사이클이다. 그림 8712는 랭킨 사이,( 에제 8.8 랭킨 사이클은 기력발전소의 기본적인 열 사이클이다. 그림 8712는 랭킨 사이 클을 나타내는 7 - 8 선도이다. 이 그림에서 다음 과정은 각각 기력발전소의 어떤 과정에 해당하는가를 설명하여라.,ex-generation-0222-01,랭킨 사이클은 기력발전소의 기본적인 열 사이클이다. 그림 8712는 랭킨 사이 클을 나타내는 7 - 8 선도이다. 이 그림에서 다음 과정은 각각 기력발전소의 어떤 과정에 해당하는가를 설명하여라.
추출됨,낮음,최신 발전공학,발전공학,227,8.1,word,"(이제 8.1 . 추기00888)란 무엇인가 또, 이것을 하게 되는 이유를 설명하여라.","(이제 8.1 . 추기00888)란 무엇인가 또, 이것을 하게 되는 이유를 설명하여라. 중기터빈에서 그 팽창단락의 도중에서 끄집어 낸 증기를 추기라고 한다, 기력발전소 의 AHR] 낮은 것은 낭각수로 실려나가는 열량이 손실로 되기 때문이며, 배기의 잠",ex-generation-0227-01,". 추기00888)란 무엇인가 또, 이것을 하게 되는 이유를 설명하여라."
추출됨,낮음,최신 발전공학,발전공학,228,8.12,word,"(에제 8.12_ 재열식 기력발전소에서 온도 538[ㅇ], 기압 1691 9/073], 엔탈피 815 [kcal/kg]","(에제 8.12_ 재열식 기력발전소에서 온도 538[ㅇ], 기압 1691 9/073], 엔탈피 815 [kcal/kg] 의 증기를 터빈의 고압단에 사용하였더니 기압 25[ 9/00 ], 엔탈피 694 [kcal/kg]2] 증기로 되었다.",ex-generation-0228-01,"_ 재열식 기력발전소에서 온도 538[ㅇ], 기압 1691 9/073], 엔탈피 815 [kcal/kg] 의 증기를 터빈의 고압단에 사용하였더니 기압 25[ 9/00 ], 엔탈피 694 [kcal/kg]2] 증기로 되었다. 이 증기 전부를 재열기에서 재열하여 온도 538[], 엔탈피 848[kcal/kg]= 해 서 터빈의 중압단 이하에 사용하여 기압 0.050 9/07 절대압력)의 복수기에 "
추출됨,낮음,최신 발전공학,발전공학,232,814,word,(여제 814 수은 및 수중기를 사용하는 2유체 사이클 발전소의 계통도 및 T- 선도를 사,"(여제 814 수은 및 수중기를 사용하는 2유체 사이클 발전소의 계통도 및 T- 선도를 사 용해서 2유체 사이클을 설명하여라. 카르노 사이클은 온도 7, TA 동작하는 모든 열 사이클 중에서 가장 높은 열효",ex-generation-0232-01,수은 및 수중기를 사용하는 2유체 사이클 발전소의 계통도 및 T- 선도를 사 용해서 2유체 사이클을 설명하여라.
추출됨,낮음,최신 발전공학,발전공학,235,8.16,word,(예제 8.16 기력발전에서의 열효율에 영향을 미치는 요소에 대해서 설명하여라.,"(예제 8.16 기력발전에서의 열효율에 영향을 미치는 요소에 대해서 설명하여라. 화력발전소의 열효을은 주로 SINUS, 증기온도, 추기단수 및 급수온도 등 증기가 갖",ex-generation-0235-01,기력발전에서의 열효율에 영향을 미치는 요소에 대해서 설명하여라.
추출됨,낮음,최신 발전공학,발전공학,239,8.17,word,(예제 8.17 화력발전소에서 1 띠의 석탄으로 발생할 수 있는 전력량은 몇 [ ]인가,"(예제 8.17 화력발전소에서 1 띠의 석탄으로 발생할 수 있는 전력량은 몇 [ ]인가 단, 석탄의 발열량은 5,500[ 608 /9], 발전소의 효율은 34[%]라고 한다.",ex-generation-0239-01,"화력발전소에서 1 띠의 석탄으로 발생할 수 있는 전력량은 몇 [ ]인가 단, 석탄의 발열량은 5,500[ 608 /9], 발전소의 효율은 34[%]라고 한다."
추출됨,낮음,최신 발전공학,발전공학,240,8.18,word,"예제 8.18 출력 500,000[ 0/4 로 운전 중인 화력발전소가 발열량 10,000[ ㅇ8/)]의 SF","예제 8.18 출력 500,000[ 0/4 로 운전 중인 화력발전소가 발열량 10,000[ ㅇ8/)]의 SF 를 매시간당 107 [ki] 사용하고 있다고 한다. 이 발전기의 열효율 7 및 송전단 열효율 7,2 구하여라. 단, 소내율은 3.5 [%]라고 한다.",ex-generation-0240-01,"출력 500,000[ 0/4 로 운전 중인 화력발전소가 발열량 10,000[ ㅇ8/)]의 SF 를 매시간당 107 [ki] 사용하고 있다고 한다. 이 발전기의 열효율 7 및 송전단 열효율 7,2 구하여라."
추출됨,낮음,최신 발전공학,발전공학,240,8.19,word,(예제 8.19 최대출력 400[41의 화력발전소가 일부하율 90[% 로 운전하고 있다. 중유의,"(예제 8.19 최대출력 400[41의 화력발전소가 일부하율 90[% 로 운전하고 있다. 중유의 BASS 9,600[kcal/ ], 발전소의 열효율을 39.21%]라고 한다면 이 발전소의 하루 동안의 중유 소비량은 얼마 [0]가 되겠는가",ex-generation-0240-02,"최대출력 400[41의 화력발전소가 일부하율 90[% 로 운전하고 있다. 중유의 BASS 9,600[kcal/ ], 발전소의 열효율을 39.21%]라고 한다면 이 발전소의 하루 동안의 중유 소비량은 얼마 [0]가 되겠는가 먼저 하루(24시간)의 발생 전력량 kWh W= 400 x 10 x 0.9 x 24 = 8,640 x 10 [kWh] 이다. 7 =39.2[%], H=9,600[kcal/t"
추출됨,낮음,최신 발전공학,발전공학,241,8.20,word,"(예제 8.20 기력발전소에서 1일에 5,000[1의 석탄을 소비하고 있다. 석탄의 발열량은","(예제 8.20 기력발전소에서 1일에 5,000[1의 석탄을 소비하고 있다. 석탄의 발열량은 6,000[kcal/kg], 발전소 효율이 30[%]라고 할 때 이 발전소에서 1일간에 발생 할 수 있는 전력량 [kwh] 및 이 발전소의 평균출력 [kw]s 계산하여라.",ex-generation-0241-01,"기력발전소에서 1일에 5,000[1의 석탄을 소비하고 있다. 석탄의 발열량은 6,000[kcal/kg], 발전소 효율이 30[%]라고 할 때 이 발전소에서 1일간에 발생 할 수 있는 전력량 [kwh] 및 이 발전소의 평균출력 [kw]s 계산하여라."
추출됨,낮음,최신 발전공학,발전공학,242,8.22,word,"예제 8.22_ 현재 우리나라의 주요 석탄화력발전소의 발전기 최대출력은 500,000[ ]급","예제 8.22_ 현재 우리나라의 주요 석탄화력발전소의 발전기 최대출력은 500,000[ ]급 이다. 쓰발전소는 이러한 발전기를 6대 설치해서 일부하율 90[%]로 운전하고 있다. 이 발전소가 한달(30일) 동안에 소비할 석탄량을 구하여라. Et 석탄의 발",ex-generation-0242-01,"_ 현재 우리나라의 주요 석탄화력발전소의 발전기 최대출력은 500,000[ ]급 이다. 쓰발전소는 이러한 발전기를 6대 설치해서 일부하율 90[%]로 운전하고 있다. 이 발전소가 한달(30일) 동안에 소비할 석탄량을 구하여라."
추출됨,낮음,최신 발전공학,발전공학,242,8.23,word,"예제8.23 수력 발전소와 화력발전소로부터 수용단에서 최대전력 200,000[kW], 연부하","예제8.23 수력 발전소와 화력발전소로부터 수용단에서 최대전력 200,000[kW], 연부하 율 70[%]의 부하에 대하여 전력을 공급하고 있다. 수력 발전소의 출력이 150,000[kW], 연이용률이 60[%]라고 하면 화력발전소의 연간 석탄 소비량은",ex-generation-0242-02,"수력 발전소와 화력발전소로부터 수용단에서 최대전력 200,000[kW], 연부하 율 70[%]의 부하에 대하여 전력을 공급하고 있다. 수력 발전소의 출력이 150,000[kW], 연이용률이 60[%]라고 하면 화력발전소의 연간 석탄 소비량은 얼마인가 단, 수력 발전소로부터 수용단까지의 SHAMS 10 [%], 화력발전 소로부터의 송전손실은 무시하고, 화력발전소의 석탄 소비율은 0.65 [kg"
추출됨,낮음,최신 발전공학,발전공학,243,8.24,word,"(예제 8.24 최대 출력 SOO[MW], 부하을 70[%]로 발열량 9800[kcal/ ]91 SSS 연소하면","(예제 8.24 최대 출력 SOO[MW], 부하을 70[%]로 발열량 9800[kcal/ ]91 SSS 연소하면 A 운전하는 화력발전소가 있다. 이 발전소의 열효율이 39[%]라고 할 때 (1) 1일간의 중유 소요량",ex-generation-0243-01,"최대 출력 SOO[MW], 부하을 70[%]로 발열량 9800[kcal/ ]91 SSS 연소하면 A 운전하는 화력발전소가 있다. 이 발전소의 열효율이 39[%]라고 할 때 (1) 1일간의 중유 소요량 (2) 1 [kwh] 당의 발전원가 를 구하여라."
추출됨,낮음,최신 발전공학,발전공학,244,8.25,word,(에제 8.25 출력 GORE [kW] 발전기의 발전원가 (발전단 및 송전단)를 계산하여라.,"(에제 8.25 출력 GORE [kW] 발전기의 발전원가 (발전단 및 송전단)를 계산하여라. 단, 건설단가 800,000[원//] 이용률 70[%]",ex-generation-0244-01,출력 GORE [kW] 발전기의 발전원가 (발전단 및 송전단)를 계산하여라.
추출됨,낮음,최신 발전공학,발전공학,256,9.1,word,( 예제 9.1 관류 보일러에 대해서 간단히 설명하고 이 관류 보일러 제어의 특징에 대해 설,( 예제 9.1 관류 보일러에 대해서 간단히 설명하고 이 관류 보일러 제어의 특징에 대해 설 명하여라. 관류 보일러는 SAIS 분리기)이 없는 보일러로서 여기서는 급수펌프로 물이 파,ex-generation-0256-01,"관류 보일러에 대해서 간단히 설명하고 이 관류 보일러 제어의 특징에 대해 설 명하여라. 관류 보일러는 SAIS 분리기)이 없는 보일러로서 여기서는 급수펌프로 물이 파 이프(쓸)의 한 끝으로부터 공급되어 절탄기, 증발수관, 과열기를 거치면서 곧바로 과 열 중기로 되어 반대편 끝단으로 나오기 때문에 중간에 물의 순환은 없다. 따라서 이 관류 보일러의 장점은 드럼이 없고 또한 강제 순환형과 마찬가"
추출됨,낮음,최신 발전공학,발전공학,259,9.2,word,"( 예제9.2 급수의 엔탈피 15,04[kcal/kg], 압력 160 9/00 ], 보일러 출구의 증기 엔탈피","( 예제9.2 급수의 엔탈피 15,04[kcal/kg], 압력 160 9/00 ], 보일러 출구의 증기 엔탈피 703.2[ 081/ 9]를 3001 발생하는 보일러가 있다. 저위 발열량 5.5000 08/91 인 석탄을 시간당 4.690[ 9] 소비한다고 할 경우 이 보일러의 효율은 얼마인",ex-generation-0259-01,"급수의 엔탈피 15,04[kcal/kg], 압력 160 9/00 ], 보일러 출구의 증기 엔탈피 703.2[ 081/ 9]를 3001 발생하는 보일러가 있다. 저위 발열량 5.5000 08/91 인 석탄을 시간당 4.690[ 9] 소비한다고 할 경우 이 보일러의 효율은 얼마인 가 제의에 따라 . = SLB 급수량은 같다.) i, =15.04 [kcal/kg] i, = 703.2 [kcal/k"
추출됨,낮음,최신 발전공학,발전공학,265,9.4,word,( 예제 9.4 LNG Ｌ6에 대해 설명하여라.,( 예제 9.4 LNG Ｌ6에 대해 설명하여라. 먼저 LNGE 액화 천연가스(11001860 Natural 089)의 약자로서 이것은 가스전이,ex-generation-0265-01,LNG Ｌ6에 대해 설명하여라.
추출됨,낮음,최신 발전공학,발전공학,265,9.5,word,( 예제 9.5 LNG 연료의 득징에 대해 설명하여라.,( 예제 9.5 LNG 연료의 득징에 대해 설명하여라. 최근 저공해 연료로서 APS 받고 있는 1040에는 다음과 같은 특징이 있다.,ex-generation-0265-02,LNG 연료의 득징에 대해 설명하여라.
추출됨,낮음,최신 발전공학,발전공학,266,9.6,word,( 예제 9.6 매시간당 70[[의 BSS 사용하고 있는 화력발전소의 보일러에서 연소에 필요,"( 예제 9.6 매시간당 70[[의 BSS 사용하고 있는 화력발전소의 보일러에서 연소에 필요 한 이론 공기량 [Nm /h] 및 실제의 공기 소요량 [Nm Je 얼마인가 단, 중유의 화학성분(중량)은 탄소 C=85[%], 수소 H=12[%], 유황 6=21%]라 하고 각 성",ex-generation-0266-01,"매시간당 70[[의 BSS 사용하고 있는 화력발전소의 보일러에서 연소에 필요 한 이론 공기량 [Nm /h] 및 실제의 공기 소요량 [Nm Je 얼마인가 단, 중유의 화학성분(중량)은 탄소 C=85[%], 수소 H=12[%], 유황 6=21%]라 하고 각 성 분의 원자량은 각각 12, 1, 32 그리고 공기의 산소농도는 21.%]라고 한다. 먼저 중유 중에 포함되는 0, 및 SS 계산한다. C"
추출됨,낮음,최신 발전공학,발전공학,275,9.8,word,( 예제9.8 보일러 자동제어에 대해 간단히 설명하여라.,( 예제9.8 보일러 자동제어에 대해 간단히 설명하여라. Ey Beal 자동제어의 목적은 규정의 증기 압력ㆍ온도 하에서 필요한 양의 중기를 안정,ex-generation-0275-01,보일러 자동제어에 대해 간단히 설명하여라.
추출됨,낮음,최신 발전공학,발전공학,279,9.9,word,( 예제 9.9 화력발전소에서 1[ ]의 석탄으로 발생할 수 있는 전력량은 몇 [kwh]el7t,"( 예제 9.9 화력발전소에서 1[ ]의 석탄으로 발생할 수 있는 전력량은 몇 [kwh]el7t 단, 석탄의 발열량은 6,000[ 608 / 9], 발전소의 효율은 36[%]라고 한다. 석탄 1 [1]의 발열량 중에서 전력으로 변환된 총열량 QE",ex-generation-0279-01,"화력발전소에서 1[ ]의 석탄으로 발생할 수 있는 전력량은 몇 [kwh]el7t 단, 석탄의 발열량은 6,000[ 608 / 9], 발전소의 효율은 36[%]라고 한다. 석탄 1 [1]의 발열량 중에서 전력으로 변환된 총열량 QE Q=1,000 x 6,000 x 0.36 = 21.6 x 10 [kcal] 한편 1[kWhl 860 160811이므로 이 OB 전력량 LS 환산하면"
추출됨,낮음,최신 발전공학,발전공학,280,9.10,word,"(예제 9.10 석탄화력발전소에서 매일 최대출력 80,000[kW], 부하율 90[%]로 30일간 연","(예제 9.10 석탄화력발전소에서 매일 최대출력 80,000[kW], 부하율 90[%]로 30일간 연 속운전할 경우 필요한 석탄량은 몇 [1]인가 단, 열효율은 35[%], 보일러 효율 은 85[%], 터빈 SBS 85[%], 발전기 효율은 98[%]라 하고 석탄의 발열량은",ex-generation-0280-01,"석탄화력발전소에서 매일 최대출력 80,000[kW], 부하율 90[%]로 30일간 연 속운전할 경우 필요한 석탄량은 몇 [1]인가 단, 열효율은 35[%], 보일러 효율 은 85[%], 터빈 SBS 85[%], 발전기 효율은 98[%]라 하고 석탄의 발열량은 5,500[ 6081/ 9]라고 한다. 먼저 30일간의 전력 발생량 BE E= 80,000 x 0.9 x 24 x 30 = 51.84 "
추출됨,낮음,최신 발전공학,발전공학,286,9.12,word,(예제 9.12 회분 30[%]를 포함한 석탄을 매시간마다 40[ 의 비율로 태우는 미분탄 연소,(예제 9.12 회분 30[%]를 포함한 석탄을 매시간마다 40[ 의 비율로 태우는 미분탄 연소 보일러가 있다. 연소 시에 생기는 재의 약 20[%]가 화로의 바닥에 떨어지고 나 머지 80[%]는 연소가스와 함께 연도로 운반되는 것으로 한다. 연도에 집진장치,ex-generation-0286-01,"회분 30[%]를 포함한 석탄을 매시간마다 40[ 의 비율로 태우는 미분탄 연소 보일러가 있다. 연소 시에 생기는 재의 약 20[%]가 화로의 바닥에 떨어지고 나 머지 80[%]는 연소가스와 함께 연도로 운반되는 것으로 한다. 연도에 집진장치 를 설치해서 이 비산회(1/351))를 채취한다면 하루에 몇 [ ]의 재가 채취되겠는 가 단, 집진효율은 90[%]라고 한다. 1일의 전체 회분량은 4"
추출됨,낮음,최신 발전공학,발전공학,286,9.13,word,( 예제 9.13 기력발전소에서의 공해 방지대책으로서 각광을 받고 있는 SAR (SOx 제거),( 예제 9.13 기력발전소에서의 공해 방지대책으로서 각광을 받고 있는 SAR (SOx 제거) 와 탈초장치(40× 제거)에 대해서 설명하여라. 0) 탈유장치(유황산화몰 제거),ex-generation-0286-02,기력발전소에서의 공해 방지대책으로서 각광을 받고 있는 SAR (SOx 제거) 와 탈초장치(40× 제거)에 대해서 설명하여라.
추출됨,낮음,최신 발전공학,발전공학,295,9.15,word,"(예제9.15 증발량 40007], 압력 120[1 9/07 의 보일러에 급수펌프 2 대로 급수하고 있","(예제9.15 증발량 40007], 압력 120[1 9/07 의 보일러에 급수펌프 2 대로 급수하고 있 다. 급수펌프의 평균효율을 75[%]라고 하면 이것을 운전하는 전동기의 용량은 몇 [1/]면 적당하겠는가",ex-generation-0295-01,"증발량 40007], 압력 120[1 9/07 의 보일러에 급수펌프 2 대로 급수하고 있 다. 급수펌프의 평균효율을 75[%]라고 하면 이것을 운전하는 전동기의 용량은 몇 [1/]면 적당하겠는가 펌프의 소요동력을 [100], 소요수위를 Alm), 급수량을 [ㅠ /9], 펌프 효율을 7, 라고 하면 p= 28QH % 일반적으로 급수 펌프일 경우에는 Me 1.3배, 는 1.5배 정도로 설계하는 "
추출됨,낮음,최신 발전공학,발전공학,295,9.16,word,(이제 9.16 우리나라의 기력발전소에서는 관류 보일러를 많이 쓰고 있다. 관류 보일러의,(이제 9.16 우리나라의 기력발전소에서는 관류 보일러를 많이 쓰고 있다. 관류 보일러의 급수처리에서 특히 유의해야 할 점에 대해서 설명하여라. 관류 보일러에서 중기와 수분의 분리기가 없는 것에서는 FEBS 강제추기(610,ex-generation-0295-02,우리나라의 기력발전소에서는 관류 보일러를 많이 쓰고 있다. 관류 보일러의 급수처리에서 특히 유의해야 할 점에 대해서 설명하여라.
추출됨,낮음,최신 발전공학,발전공학,296,917,word,(예제917 대용량 석탄화력의 환경보존 대책에 대해 설명하여라.,"(예제917 대용량 석탄화력의 환경보존 대책에 대해 설명하여라. 우리나라의 대용량 화력발전소는 대부분 유연탄 연소방식으로서. 연소 후 발생하는 배연, 분진, 유해가스(60,, NO.) Fo] 주된 환경장애 요인으로 나타나고 있다.",ex-generation-0296-01,대용량 석탄화력의 환경보존 대책에 대해 설명하여라.
추출됨,낮음,최신 발전공학,발전공학,310,10.1,word,(예제10.1 속도복식 충동터빈. 압력복식 충동터빈에 대해 설명하여라.,"(예제10.1 속도복식 충동터빈. 압력복식 충동터빈에 대해 설명하여라. 그림 10.10 (8/에서와 같은 단식충동 터빈에서는 1단에서 전압력 강하를 해서 속도 를 얻고 있기 때문에 고속회전 터빈(10,000~30,000[050ㅁ))으로 되어 출력도 작은",ex-generation-0310-01,속도복식 충동터빈. 압력복식 충동터빈에 대해 설명하여라.
추출됨,낮음,최신 발전공학,발전공학,311,10.2,word,(예제10.2 크로스형(크로스 콤파운드형) 터빈에 대해서 간단히 설명하여라.,(예제10.2 크로스형(크로스 콤파운드형) 터빈에 대해서 간단히 설명하여라. 6300 주기터빈은 융량이 중대됨에 따라서 고온고압의 중기를 사용한다. 증기는 일을 함에,ex-generation-0311-01,크로스형(크로스 콤파운드형) 터빈에 대해서 간단히 설명하여라.
추출됨,낮음,최신 발전공학,발전공학,315,10.3,word,"(에제 10.3 100,000[kw]el 증가터빈에서 증기 소비율은 7.50 9/0]인데 그 중 15[%]가","(에제 10.3 100,000[kw]el 증가터빈에서 증기 소비율은 7.50 9/0]인데 그 중 15[%]가 급수가열을 위해 추기된다고 한다. 시간당의 냉각수의 소요량을 계산하여라. 단, 복수기의 냉각수는 복수의 80 배가 필요한 것으로 한다.",ex-generation-0315-01,"100,000[kw]el 증가터빈에서 증기 소비율은 7.50 9/0]인데 그 중 15[%]가 급수가열을 위해 추기된다고 한다. 시간당의 냉각수의 소요량을 계산하여라."
추출됨,낮음,최신 발전공학,발전공학,315,10.4,word,"(예제 10.4 전열량 736[ 08/ 9104 기압, 30 [ ))의 증기를 발전소 배압터빈에서 사용하","(예제 10.4 전열량 736[ 08/ 9104 기압, 30 [ ))의 증기를 발전소 배압터빈에서 사용하 고 전열량 6601 08 /9](2.5 기압)을 갖는 일부 증기를 공장 작업용으로 사용하 고자 한다. 지금 터빈 내의 열량의 변화는 이것의 80[%]가 전력으로 되는 것으",ex-generation-0315-02,"전열량 736[ 08/ 9104 기압, 30 [ ))의 증기를 발전소 배압터빈에서 사용하 고 전열량 6601 08 /9](2.5 기압)을 갖는 일부 증기를 공장 작업용으로 사용하 고자 한다. 지금 터빈 내의 열량의 변화는 이것의 80[%]가 전력으로 되는 것으 로 가정하면, 1 [kWh] 발전하는 데 필요한 증기량은 몇 9]으로 되겠는가 터빈 내에서 일을 하는 열량은 736 650 = 86["
추출됨,낮음,최신 발전공학,발전공학,317,10.6,word,"(예제10.6 60721 2극, 200,000[kWI2] 터빈 발전기가 전력계통과 연계되어 운전하고","(예제10.6 60721 2극, 200,000[kWI2] 터빈 발전기가 전력계통과 연계되어 운전하고 있다. 지금 계통의 주파수가 갑자기 60.2[시까지 상승하였다고 하면 이 발전 기의 출력은 몇 [까지 감소하겠는가",ex-generation-0317-01,"60721 2극, 200,000[kWI2] 터빈 발전기가 전력계통과 연계되어 운전하고 있다. 지금 계통의 주파수가 갑자기 60.2[시까지 상승하였다고 하면 이 발전 기의 출력은 몇 [까지 감소하겠는가 단, 이 터빈의 속도 조정를은 4.%]라고 한다. 속도 조정률은 정격 회전수를 N, 무부하 상승에 의한 회전수를 Met 하면 e= 0 1001%] 회전수와 주파수는 비례관계에 있으므로 NM 대신"
추출됨,낮음,최신 발전공학,발전공학,330,10.9,word,(예제 10.9 열병합 발전은 열에너지의 이용순서에 따라 어떤 방식으로 구분되는가,(예제 10.9 열병합 발전은 열에너지의 이용순서에 따라 어떤 방식으로 구분되는가 열병합 발전 방식은 열에너지의 사용순서에 따라 토핑 사이클과 버터밍 사이클로 구 분된다.,ex-generation-0330-01,"열병합 발전은 열에너지의 이용순서에 따라 어떤 방식으로 구분되는가 열병합 발전 방식은 열에너지의 사용순서에 따라 토핑 사이클과 버터밍 사이클로 구 분된다. 토핑 사이클 연료 연소로 생산된 증기를 전력생산에 먼저 사용하고, 배열이나 잉여 Be 열에너지로 이용하는 방식이다. 버터밍 사이클 증기를 열에너지로 먼저 사용하고, 여열이나 산업공정에서 발생하 는 폐열을 이용하여 발전하는 방식이다."
추출됨,낮음,최신 발전공학,발전공학,331,10.10,word,(에제10.10 열병합 발전을 확대해 나가야 할 필요성을 설명하여라.,(에제10.10 열병합 발전을 확대해 나가야 할 필요성을 설명하여라. 열병합 발전 시스템은 기존의 화력발전 시스템과는 달리 입력된 연료로부터 전기 에,ex-generation-0331-01,열병합 발전을 확대해 나가야 할 필요성을 설명하여라.
추출됨,낮음,최신 발전공학,발전공학,335,10.11,word,"예제 10.11 증기 소비율 4[kg/kWh], 4 300,000[kw]2] 증기터빈을 전부하 운전하는","예제 10.11 증기 소비율 4[kg/kWh], 4 300,000[kw]2] 증기터빈을 전부하 운전하는 데 필요한 표면 복수기의 냉각면적 및 1시간당의 냉각수량을 구하여라. ch 단위냉각 면적당의 복수량은 45[ 9/ ㆍ7 ], 단위 복수량당의 냉각수량은",ex-generation-0335-01,"증기 소비율 4[kg/kWh], 4 300,000[kw]2] 증기터빈을 전부하 운전하는 데 필요한 표면 복수기의 냉각면적 및 1시간당의 냉각수량을 구하여라."
추출됨,낮음,최신 발전공학,발전공학,360,11.1,word,( 예제11.1 가스 터빈의 배기를 배열회수 보일러에 유도해서 증기를 발생시켜 중기터빈을,"( 예제11.1 가스 터빈의 배기를 배열회수 보일러에 유도해서 증기를 발생시켜 중기터빈을 구동하는 복합 사이클 발전소에서, 가스 터빈 효율이 32[%], 배기가 보유하는 열량에 대한 증기터빈 발전효율이 20[%]였다고 한다. 이 발전소에서 복합 사이",ex-generation-0360-01,"가스 터빈의 배기를 배열회수 보일러에 유도해서 증기를 발생시켜 중기터빈을 구동하는 복합 사이클 발전소에서, 가스 터빈 효율이 32[%], 배기가 보유하는 열량에 대한 증기터빈 발전효율이 20[%]였다고 한다. 이 발전소에서 복합 사이 클 발전전체의 효율은 얼마인가"
추출됨,낮음,최신 발전공학,발전공학,363,1.2,word,(예제 1.2 가스 터빈 발전의 동향에 대해 설명하여라.,"(예제 1.2 가스 터빈 발전의 동향에 대해 설명하여라. 1980년대 유럽에서 개발된 이래 가스 터빈 발전기는 그 특징을 살려서 비상 발전용, 첨두 부하용으로서 착실하게 발전해 오고 있다. 우리나라에서는 급격한 전력수요의",ex-generation-0363-01,가스 터빈 발전의 동향에 대해 설명하여라.
추출됨,낮음,최신 발전공학,발전공학,386,13.1,word,"( 예제 13.1 . 28[6171의 알루미늄 APFO 있다. 최초의 BX Ny = 6.02 ×10[300051이고,","( 예제 13.1 . 28[6171의 알루미늄 APFO 있다. 최초의 BX Ny = 6.02 ×10[300051이고, ㅅ= 0.8309[077 ]일 때 2.24 분 후에 남아 있는 원자의 수 및 이때의 방사능의 세기를 구하여라.",ex-generation-0386-01,". 28[6171의 알루미늄 APFO 있다. 최초의 BX Ny = 6.02 ×10[300051이고, ㅅ= 0.8309[077 ]일 때 2.24 분 후에 남아 있는 원자의 수 및 이때의 방사능의 세기를 구하여라."
추출됨,낮음,최신 발전공학,발전공학,387,13.3,word,"( 에제 13.3 UO] 오늘 존재비는 0.72[%]이고 반감기는 7.04×109./68/이다, 의 존재","( 에제 13.3 UO] 오늘 존재비는 0.72[%]이고 반감기는 7.04×109./68/이다, 의 존재 비가 3[%]였을 때는 지금부터 몇 년 전이겠는가 N= Me 식에",ex-generation-0387-01,"UO] 오늘 존재비는 0.72[%]이고 반감기는 7.04×109./68/이다, 의 존재 비가 3[%]였을 때는 지금부터 몇 년 전이겠는가 N= Me 식에 N=0.72, M=3"
추출됨,낮음,최신 발전공학,발전공학,396,13.4,word,(예제13.4 1[3041의 에너지를 [09] 및 [46 / 로 나타내어라.,"(예제13.4 1[3041의 에너지를 [09] 및 [46 / 로 나타내어라. APS Mel, 광속을 CBX 10 [cm/sec] eT 하면 아인슈타인의 공식에 따라 에너 지 Be 2=7ㅠ으로 표현된다. 1[8041는 1.66×10 [6]이므로",ex-generation-0396-01,"1[3041의 에너지를 [09] 및 [46 / 로 나타내어라. APS Mel, 광속을 CBX 10 [cm/sec] eT 하면 아인슈타인의 공식에 따라 에너 지 Be 2=7ㅠ으로 표현된다. 1[8041는 1.66×10 [6]이므로 1[62피의 에너지 =(1.66×10 그) x (3x 10 ) =0.00149 [erg]=931 [MeV] (QAI13.5 1[MeVIE 몇 [081인가 반대로 1["
추출됨,낮음,최신 발전공학,발전공학,397,13.4,word,로 환산하면 1[82041는 931[8461]이므로(예제 13.4 참조),로 환산하면 1[82041는 931[8461]이므로(예제 13.4 참조) 0.215[8001×9310061] = 200[MeV]=3.2x 10 [erg] ( 예제 13.7 1 [MWD]E 몇 [kWh]2I71 CHE 이 1 [MWD]O 에너지를 얻기 위해서는 20,ex-generation-0397-01,참조) 0.215[8001×9310061] = 200[MeV]=3.2x 10 [erg] (
추출됨,낮음,최신 발전공학,발전공학,397,13.7,word,( 예제 13.7 1 [MWD]E 몇 [kWh]2I71 CHE 이 1 [MWD]O 에너지를 얻기 위해서는 20,"( 예제 13.7 1 [MWD]E 몇 [kWh]2I71 CHE 이 1 [MWD]O 에너지를 얻기 위해서는 20 를 몇 [9] 필요로 하겠는가 또, 이때 발생한 OLIALE 5,500[kcal/kg]2] 발열 SS 갖는 석탄 몇 [toy 해당하는가 단, oO] 원자핵 1 개가 핵분열하면",ex-generation-0397-02,"1 [MWD]E 몇 [kWh]2I71 CHE 이 1 [MWD]O 에너지를 얻기 위해서는 20 를 몇 [9] 필요로 하겠는가 또, 이때 발생한 OLIALE 5,500[kcal/kg]2] 발열 SS 갖는 석탄 몇 [toy 해당하는가 단, oO] 원자핵 1 개가 핵분열하면 200[MeV]J2 에너지가 방출되는 것으로 한다."
추출됨,낮음,최신 발전공학,발전공학,398,13.8,word,(에제 13.8 220 1[0]이 핵분열함으로써 발생하는 에너지는 6.000[ 08/ 9의 발열량을,(에제 13.8 220 1[0]이 핵분열함으로써 발생하는 에너지는 6.000[ 08/ 9의 발열량을 갖는 석탄 몇 [toll 상당하는가 40 1 [glo] 발생하는 에너지는 oF 1.961×10 [66811 이므로 석탄량 TE,ex-generation-0398-01,"220 1[0]이 핵분열함으로써 발생하는 에너지는 6.000[ 08/ 9의 발열량을 갖는 석탄 몇 [toll 상당하는가 40 1 [glo] 발생하는 에너지는 oF 1.961×10 [66811 이므로 석탄량 TE _1,965x 10 . 은 그 Fag 이 06061 5 334 (주) 앞 예제에서 0 1.05 [81이 1[MWD]= 2,064 x 10 [kcal]o] 해당하였으므로 이로부터 05 "
추출됨,낮음,최신 발전공학,발전공학,399,13.10,word,( 예제 13.10 ger 1008 [의 발전소가 이용를 70[% 로 운전할 AS 연간 소요될 연료의,( 예제 13.10 ger 1008 [의 발전소가 이용를 70[% 로 운전할 AS 연간 소요될 연료의 소비량을 각각 ()) 석유,ex-generation-0399-03,ger 1008 [의 발전소가 이용를 70[% 로 운전할 AS 연간 소요될 연료의 소비량을 각각 ()) 석유 (2) 석탄 (3) 원자력 의 경우에 대해 구하여라.
추출됨,낮음,최신 발전공학,발전공학,399,13.9,word,(예제 13.9 전기출력 OOO[MW]2 원자력발전소가 있다. 열효율은 33.2[%]라고 할 때 이,(예제 13.9 전기출력 OOO[MW]2 원자력발전소가 있다. 열효율은 33.2[%]라고 할 때 이 발전소를 1년간 운전하려면 UPS 몇 [ko] 필요로 하겠는가 이때 천연 우라 늄을 사용한다고 하면 몇 [to] 필요하겠는가,ex-generation-0399-01,"전기출력 OOO[MW]2 원자력발전소가 있다. 열효율은 33.2[%]라고 할 때 이 발전소를 1년간 운전하려면 UPS 몇 [ko] 필요로 하겠는가 이때 천연 우라 늄을 사용한다고 하면 몇 [to] 필요하겠는가 원자로의 열출력 PIMWhE 열효율이 33.2[% 이고 전기출력이 900[40 ]이므로 - 000 _ R= 79908 2710-81MW] 따라서 2,71106 ]의 열출력으로 1년간 운"
추출됨,낮음,최신 발전공학,발전공학,402,13.1,word,( 에제 13.1 1[0]의 020 가 HAS 하였을 때 발생한 에너지가 전부 열에너지였다면 그,"( 에제 13.1 1[0]의 020 가 HAS 하였을 때 발생한 에너지가 전부 열에너지였다면 그 크기는 몇 [kcal] 되겠는가 단, UME 1핵분열당 200[ /6 /1의 에너지를 방 출하는 것으로 한다.",ex-generation-0402-01,"1[0]의 020 가 HAS 하였을 때 발생한 에너지가 전부 열에너지였다면 그 크기는 몇 [kcal] 되겠는가 단, UME 1핵분열당 200[ /6 /1의 에너지를 방 출하는 것으로 한다. 1amu)= 1.6610 [g] 이로부터 1[g]= 6.023 x 10 [amu] 004 의 한 개의 BAPE 235 [3ㅁ11]이므로 1[8]의 원자수는 6.023 x 10 x (1/235) = 2.56"
추출됨,낮음,최신 발전공학,발전공학,409,13.14,word,(예제13.14 어느 원자로에서 한 개의 열중성자가 Ul 흡수(충돌)될 적마다 발생하는,"(예제13.14 어느 원자로에서 한 개의 열중성자가 Ul 흡수(충돌)될 적마다 발생하는 고속 중성자의 평균수가 1.32, 고속 중성자의 핵분열 효과가 1025, 고속 중성 자가 열중성자로 되는 과정에서 공명을 벗어나는 SHH] 0.892, 열중성자의 이",ex-generation-0409-02,"어느 원자로에서 한 개의 열중성자가 Ul 흡수(충돌)될 적마다 발생하는 고속 중성자의 평균수가 1.32, 고속 중성자의 핵분열 효과가 1025, 고속 중성 자가 열중성자로 되는 과정에서 공명을 벗어나는 SHH] 0.892, 열중성자의 이 용률이 0.897이었다. 이 원자로에서 중성자의 누출이 전혀 없다고 하면 중성자 증배율은 얼마로 되겠는가 누출이 전혀 없는 원자로의 중성자 증배율은 무한대 "
추출됨,낮음,최신 발전공학,발전공학,409,19.13,word,"(여제 19.13 PB 연료로 하는 무한대 원자로의 열중성자 배율 ,,는 다음 식으로 주어","(여제 19.13 PB 연료로 하는 무한대 원자로의 열중성자 배율 ,,는 다음 식으로 주어 진다고 한다. Ko = nepf",ex-generation-0409-01,"PB 연료로 하는 무한대 원자로의 열중성자 배율 ,,는 다음 식으로 주어 진다고 한다. Ko = nepf 이 식 우변의 각 정수에 대해서 간단히 설명하여라."
추출됨,낮음,최신 발전공학,발전공학,415,13.17,word,(에제13.17 -원자로에 사용되는 감속재와 냉각재의 구비조건을 열거하여라.,(에제13.17 -원자로에 사용되는 감속재와 냉각재의 구비조건을 열거하여라. (1 감속재에 요구되는 조건 OD 중성자 에너지몰 빨리 감속시킬수 있을 ACPAD 밀도가 큰 원소),ex-generation-0415-01,원자로에 사용되는 감속재와 냉각재의 구비조건을 열거하여라.
추출됨,낮음,최신 발전공학,발전공학,416,13.19,word,( 예제13.19 원자력발전에 관한 다음 용어를 간단히 설명하여라.,( 예제13.19 원자력발전에 관한 다음 용어를 간단히 설명하여라. () 붕괴열 (2) ev (3) 0선 (4) 반응도 (1) 붕괴열 원자로는 정지한 뒤에도 핵분열 생성물로부터 상당한 시간 동안 /선이나,ex-generation-0416-01,원자력발전에 관한 다음 용어를 간단히 설명하여라.
추출됨,낮음,최신 발전공학,발전공학,436,14.1,word,( 예제14.1 현재 실응화되고 있는 경수형 원자력발전소에 사용되는 터빈이 일반적인 화력,( 예제14.1 현재 실응화되고 있는 경수형 원자력발전소에 사용되는 터빈이 일반적인 화력 BUS 터빈과 비교해서 어떤 특징을 지니고 있는가에 대하여 설명하여라. OD 원자로에서 얻어지는 증기는 포화중기이다. 그러나 원자로에서의 중기조건이 좋지,ex-generation-0436-01,현재 실응화되고 있는 경수형 원자력발전소에 사용되는 터빈이 일반적인 화력 BUS 터빈과 비교해서 어떤 특징을 지니고 있는가에 대하여 설명하여라.
추출됨,낮음,최신 발전공학,발전공학,439,14.2,word,(에제14.2 전기 출력 1000[ / 1의 원자력발전소가 있다. 열효율을 33.2[%]라고 할 때 이,(에제14.2 전기 출력 1000[ / 1의 원자력발전소가 있다. 열효율을 33.2[%]라고 할 때 이 발전소를 1년간 운전하려면 US 몇 [9] 필요로 하겠는가 이때 천연 우라,ex-generation-0439-01,"전기 출력 1000[ / 1의 원자력발전소가 있다. 열효율을 33.2[%]라고 할 때 이 발전소를 1년간 운전하려면 US 몇 [9] 필요로 하겠는가 이때 천연 우라 SS 사용한다고 하면 몇 [ ]이 필요하겠는가 원자로의 dee [14 ]는 열효율이 38.2[%(이고 전기출력이 1000[40 1이므로 R= 2000 = 3,012.00]"
추출됨,낮음,최신 발전공학,발전공학,443,14.3,word,"(에제14.3 고속 중식로의 냉각재로서는 어떤 성질이 요구되는가 또, 현재 SUS 많이","(에제14.3 고속 중식로의 냉각재로서는 어떤 성질이 요구되는가 또, 현재 SUS 많이 사용하고 있는가 먼저 고속 중식로의 냉각재로서는 다음과 같은 성질이 요구된다.",ex-generation-0443-01,"고속 중식로의 냉각재로서는 어떤 성질이 요구되는가 또, 현재 SUS 많이 사용하고 있는가 먼저 고속 중식로의 냉각재로서는 다음과 같은 성질이 요구된다. (2 고속 중성자를 감속하지 않을 것, 곧 가능한 한 원자량이 클 것 열전도울이 높고 열 제거 효윤이 좋을 것 ( 응점이 낮고 운전 및 취급이 쉽게 되는 것 등이다. 현재 개발도상에 있는 고속 SALAS Nas 많이 쓰고 있다,"
추출됨,낮음,최신 발전공학,발전공학,474,15.3,word,(예제15.3 핵연료가 연소되면서 반응도는 어떻게 변화하는가에 대해 설명하여라.,(예제15.3 핵연료가 연소되면서 반응도는 어떻게 변화하는가에 대해 설명하여라. 원자로의 운전이 장기에 걸치면 핵분열성 물질은 점점 감소되어 열중성자 흡수에 의,ex-generation-0474-01,핵연료가 연소되면서 반응도는 어떻게 변화하는가에 대해 설명하여라.
추출됨,낮음,최신 발전공학,발전공학,474,15.4,word,(이제15.4. 핵연료의 연소에 따른 반응도 변화를 나타내는 데 사용되는 반응도 계수에 대,(이제15.4. 핵연료의 연소에 따른 반응도 변화를 나타내는 데 사용되는 반응도 계수에 대 해 설명하여라.,ex-generation-0474-02,. 핵연료의 연소에 따른 반응도 변화를 나타내는 데 사용되는 반응도 계수에 대 해 설명하여라.
추출됨,낮음,최신 발전공학,발전공학,491,16.2,word,(예제16.2 최근에 발생한 일본의 후쿠시마 원자력발전소의 사고에 대해 설명하라.,"(예제16.2 최근에 발생한 일본의 후쿠시마 원자력발전소의 사고에 대해 설명하라. 201년 3월 1일, 후쿠시마 제1 원자력발전소는 동북지방태평양 대지진과 이에 따른 쓰나미(해일)에 휠쓸리고 말았다. 저진의 규모는 진도 9.0였으나 쓰나미는 14[20]가",ex-generation-0491-01,"최근에 발생한 일본의 후쿠시마 원자력발전소의 사고에 대해 설명하라. 201년 3월 1일, 후쿠시마 제1 원자력발전소는 동북지방태평양 대지진과 이에 따른 쓰나미(해일)에 휠쓸리고 말았다. 저진의 규모는 진도 9.0였으나 쓰나미는 14[20]가 넘는 초유의 것이었다. 당시 후쿠시마 제1원발(1-3호기), 제3원발(1-4호기)이 가동 증이었는데, 지진발생 직후 모든 원자로는 자동정지되었다. 그러나"
추출됨,낮음,최신 발전공학,발전공학,492,16.3,word,(이제16.3 원전 입지문제와 관련해서 자주 거론되는 활성단충 이란 무엇인가 이에 대,"(이제16.3 원전 입지문제와 관련해서 자주 거론되는 활성단충 이란 무엇인가 이에 대 한 원전의 지진대책에 대해 설명하여라. 먼저 지진이 왜 일어나는가를 설명하면 다음과 같다, 우리가 살고 있는 지구의 표면",ex-generation-0492-01,원전 입지문제와 관련해서 자주 거론되는 활성단충 이란 무엇인가 이에 대 한 원전의 지진대책에 대해 설명하여라.
추출됨,낮음,최신 발전공학,발전공학,493,16.4,word,(예제16.4 원자력발전과 플루토늄 생산과의 관계를 설명하여라.,(예제16.4 원자력발전과 플루토늄 생산과의 관계를 설명하여라. 600 인자로를 운전하면 Uy us 일부 핵분열하면서 중성자를 흠수해서 여러 가지 초,ex-generation-0493-01,원자력발전과 플루토늄 생산과의 관계를 설명하여라.
추출됨,낮음,최신 발전공학,발전공학,494,16.5,word,(예제16.5 방사선과 방사능에 대해 설명하여라.,"(예제16.5 방사선과 방사능에 대해 설명하여라. 방사선은 불안정한 방사성 핵종이 좀더 안정된 핵종으로 변환될 때 방출되는 전자파 나 입자형태의 에너지 집함체로써 매질(물질/공기)을 전리(여기, 투과, 흡수, 산란)시",ex-generation-0494-01,방사선과 방사능에 대해 설명하여라.
추출됨,낮음,최신 발전공학,발전공학,498,16.6,word,(에제 16.6 우리나라에서의 사용 후 핵연료의 저장 현황에 대해 설명하여라.,"(에제 16.6 우리나라에서의 사용 후 핵연료의 저장 현황에 대해 설명하여라. 원자력발전에 사용되었던 우라늄 ASS 사용 후 핵연료(80606 Nuclear 061)라 하는데, 사용 후 핵연료는 높은 열과 방사능 준위가 높아 고준위 방사성 폐기물 에 속",ex-generation-0498-01,우리나라에서의 사용 후 핵연료의 저장 현황에 대해 설명하여라.
추출됨,낮음,최신 발전공학,발전공학,501,16.7,word,(예제16.7 원자력 개발이나 안전성에 관련한 원자력 관계의 국제기관 중 주된 것을 간추,(예제16.7 원자력 개발이나 안전성에 관련한 원자력 관계의 국제기관 중 주된 것을 간추 려 설명하여라.,ex-generation-0501-01,원자력 개발이나 안전성에 관련한 원자력 관계의 국제기관 중 주된 것을 간추 려 설명하여라.
추출됨,낮음,최신 발전공학,발전공학,506,17.1,word,( 예제 17.1 화력발전에서 쓰고 있는 열량과 관련된 에너지 단위에 대해 설명하여라.,"( 예제 17.1 화력발전에서 쓰고 있는 열량과 관련된 에너지 단위에 대해 설명하여라. 에너지에는 여러 가지 단위가 사용되고 있기 때문에 주의할 필요가 있다. 표 17.2 발열량의 환산표이다, BAS 나타낼 경우에는 [kl ]외에 유럽이나 미국에서는 [bbl]",ex-generation-0506-01,화력발전에서 쓰고 있는 열량과 관련된 에너지 단위에 대해 설명하여라.
추출됨,낮음,최신 발전공학,발전공학,509,17.2,word,(여제 17.2 MHD 발전의 문제점에 대해 설명하여라.,"(여제 17.2 MHD 발전의 문제점에 대해 설명하여라. MHD 발전은 이제 실용화에 가까운 단계까저 와 있지만, 현재 이것이 안고 있는 최대 의 문제점은 발전채널이다. 즉, 발전채널은 부식성 시드 물질을 포함한 2.500[ ] 정",ex-generation-0509-01,MHD 발전의 문제점에 대해 설명하여라.
추출됨,낮음,최신 발전공학,발전공학,509,17.3,word,(예제 17.3 /110-화력복합 시스템에 대해서 간단히 설명하여라.,"(예제 17.3 /110-화력복합 시스템에 대해서 간단히 설명하여라. MHD 발전장치를 통과한 연소 플라즈마는 아직도 상당한 고온(약 2,000[ ])을 유지 하고 있기 때문에 다시 이것을 화력발전에서의 보일러의 연소용 가스로 사용함으로써",ex-generation-0509-02,/110-화력복합 시스템에 대해서 간단히 설명하여라.
추출됨,낮음,최신 발전공학,발전공학,514,77.5,word,(에제77.5 석탄 가스화에 의한 대체 천연가스(3406) 제조법에 대해 간단히 설명하여라.,(에제77.5 석탄 가스화에 의한 대체 천연가스(3406) 제조법에 대해 간단히 설명하여라. 석탄을 가스화해서 대체 천연가스를 제조하는 방식에는 아래와 같이 기본적으로는 ㆍ석탄부분산화 + 매탄화법,ex-generation-0514-01,석탄 가스화에 의한 대체 천연가스(3406) 제조법에 대해 간단히 설명하여라.
추출됨,낮음,최신 발전공학,발전공학,532,17.8,word,예제 17.8 태양전지의 변환효율을 15[%]라고 할 때 가로. 세로의 길이가 각각 10[07)]인,"예제 17.8 태양전지의 변환효율을 15[%]라고 할 때 가로. 세로의 길이가 각각 10[07)]인 태양전지의 최소단위인 솔라 셀을 직렬로 36개 접속한 태양전지 모듈(스트링) 의 최대 SAS 얼마가 되겠는가 Ct, 태양광의 반사조도는 1000[ /0 라고",ex-generation-0532-01,"태양전지의 변환효율을 15[%]라고 할 때 가로. 세로의 길이가 각각 10[07)]인 태양전지의 최소단위인 솔라 셀을 직렬로 36개 접속한 태양전지 모듈(스트링) 의 최대 SAS 얼마가 되겠는가 Ct, 태양광의 반사조도는 1000[ /0 라고 한다. 또, 셀의 출력전압을 0.5[ /]라고 하면 모듈의 출력전압은 얼마인가 태양전지의 SAS 일사량에 의존하기 때문에 먼저 기준 상태를 정해주어야 "
추출됨,낮음,최신 발전공학,발전공학,532,17.9,word,(예제17.9 평균의 일조시간을 4시간/일 이라고 할 때 30 0]의 태양광발전 시스템의 연간,(예제17.9 평균의 일조시간을 4시간/일 이라고 할 때 30 0]의 태양광발전 시스템의 연간 발전량은 얼마가 되는가,ex-generation-0532-02,평균의 일조시간을 4시간/일 이라고 할 때 30 0]의 태양광발전 시스템의 연간 발전량은 얼마가 되는가 여기서 주어진 평균의 일조시간 4시간/일 이란 태양광발전 시스템이 하루 24시간 중 에서 100(%] 풀로 SAS 낼 수 있는 시간이 4시간이라고 하는 것이므로 연간 발전량 = 3[kW] x 4(시간) × 365(일) = 4380[kWh] 세계 규모로 본다면 태양광발전은 풍력발전에 이어 두
추출됨,낮음,최신 발전공학,발전공학,534,17.10,word,( 에제 17.10 오늘날 우리나라에서도 일부 보급되기 시작하고 있는 주택용 태양광 발전 시스,( 에제 17.10 오늘날 우리나라에서도 일부 보급되기 시작하고 있는 주택용 태양광 발전 시스 템의 기본구성에 대해 설명하여라.,ex-generation-0534-01,오늘날 우리나라에서도 일부 보급되기 시작하고 있는 주택용 태양광 발전 시스 템의 기본구성에 대해 설명하여라.
추출됨,낮음,최신 발전공학,발전공학,535,17.11,word,( 예제17.11 최근 외국에서는 신재생에너지의 보급 확대를 위해 고정가격 매입제도 라는,( 예제17.11 최근 외국에서는 신재생에너지의 보급 확대를 위해 고정가격 매입제도 라는 것을 채용하고 있다는 데 이에 대해 설명하여라. 최근 세계 각국에서는 신재생에너지의 보급 확대를 위해 여러 가지 정책을 펴고 있다.,ex-generation-0535-01,최근 외국에서는 신재생에너지의 보급 확대를 위해 고정가격 매입제도 라는 것을 채용하고 있다는 데 이에 대해 설명하여라.
추출됨,낮음,최신 발전공학,발전공학,536,17.13,word,( 예제17.13 태양광의 출력 변동에 대응하는 화력발전의 자동주파수 제어(냐ㅇ)에 대해 설,( 예제17.13 태양광의 출력 변동에 대응하는 화력발전의 자동주파수 제어(냐ㅇ)에 대해 설 명하여라.,ex-generation-0536-02,태양광의 출력 변동에 대응하는 화력발전의 자동주파수 제어(냐ㅇ)에 대해 설 명하여라.
추출됨,낮음,최신 발전공학,발전공학,536,7.12,word,( 예제 7.12 2009142) 우리나라의 총수요 전력(총판매 전력량)은 약 4.4 ×10 [ 7였다.,"( 예제 7.12 2009142) 우리나라의 총수요 전력(총판매 전력량)은 약 4.4 ×10 [ 7였다. 이것을 변환효율 10[%]의 태양전지로 발전하려면 어느 정도의 면적이 필요하 겠는가 또, 이것은 우리나라 면적의 몇 [%]에 해당하겠는가 ct 연간 일조시",ex-generation-0536-01,"2009142) 우리나라의 총수요 전력(총판매 전력량)은 약 4.4 ×10 [ 7였다. 이것을 변환효율 10[%]의 태양전지로 발전하려면 어느 정도의 면적이 필요하 겠는가 또, 이것은 우리나라 면적의 몇 [%]에 해당하겠는가 ct 연간 일조시 간은 2000 시간, 태양복사 에너지는 평균 0.5[4/0 ]라고 한다. 소요될 수광면적을 라고 하면 그 A= PESO 4.4 10 [m ]= 4.4 "
추출됨,낮음,최신 발전공학,발전공학,549,7.16,word,( 예제 7.16 실용화 되고 있는 풍력발전에서는 프로펠러형 풍차의 날개 수가 3매로 된 것이,( 예제 7.16 실용화 되고 있는 풍력발전에서는 프로펠러형 풍차의 날개 수가 3매로 된 것이 많은데 그 이유를 설명하라. 최근 우리나라에서도 여기저기서 풍력발전을 위한 대형 풍차가 돌고 있는 것을 보게,ex-generation-0549-02,"실용화 되고 있는 풍력발전에서는 프로펠러형 풍차의 날개 수가 3매로 된 것이 많은데 그 이유를 설명하라. 최근 우리나라에서도 여기저기서 풍력발전을 위한 대형 풍차가 돌고 있는 것을 보게 된다. 그 대부분이 날개가 3매의 것들인데, 저렇게 날개와 날개 사이가 벌어져 있으면"
추출됨,낮음,최신 발전공학,발전공학,550,17.17,word,"( 예제17.17 품력발전의 운전특성을 나타내는 데 사용되는 아래의 용어를 설명하라,","( 예제17.17 품력발전의 운전특성을 나타내는 데 사용되는 아래의 용어를 설명하라, (1) 설비 이용률 (2) 시간 가동률",ex-generation-0550-01,"품력발전의 운전특성을 나타내는 데 사용되는 아래의 용어를 설명하라, (1) 설비 이용률 (2) 시간 가동률 1. 설비 이용률(80801 Factor) 풍력발전에서의 설비이용률은 주어진 풍력발전장치가 어느 기간에 최대의 발전 능력(정격출력)으로 발전했을 때의 출력에 대한 그 기간의 실제의 발전량의 비율 을 말한다. 일반적으로는 연간발전량으로 비교하기 때문에 그 풍력발전장치의 1년간의 발전량을 "
추출됨,낮음,최신 발전공학,발전공학,550,17.18,word,( 예제 17.18 최근 풍력발전에서 양상풍력발전의 도입이 크게 증대하고 있다고 한다. 이제까,( 예제 17.18 최근 풍력발전에서 양상풍력발전의 도입이 크게 증대하고 있다고 한다. 이제까 지의 개발현황과 앞으로의 개발전망에 대해서 간단히 설명하여라.,ex-generation-0550-02,최근 풍력발전에서 양상풍력발전의 도입이 크게 증대하고 있다고 한다. 이제까 지의 개발현황과 앞으로의 개발전망에 대해서 간단히 설명하여라.
추출됨,낮음,최신 발전공학,발전공학,554,17.19,word,( 예제 17.19 해양 온도차 발전의 문제점에 대해서 설명하여라.,( 예제 17.19 해양 온도차 발전의 문제점에 대해서 설명하여라. 해양 온도차 발전에서는 다음과 같은 문제점이 있다.,ex-generation-0554-01,해양 온도차 발전의 문제점에 대해서 설명하여라.
추출됨,낮음,최신 발전공학,발전공학,554,17.20,word,"(이제17.20 온도 30[×ㅇ의 표층해수와 온도 5[6ㅁ의 심층해수를 각각 고온, 저온의 Wao","(이제17.20 온도 30[×ㅇ의 표층해수와 온도 5[6ㅁ의 심층해수를 각각 고온, 저온의 Wao 로 하는 열기관을 생각해 본다. 이와 같은 열기관의 실현은 실제로 가능한 것인",ex-generation-0554-02,"온도 30[×ㅇ의 표층해수와 온도 5[6ㅁ의 심층해수를 각각 고온, 저온의 Wao 로 하는 열기관을 생각해 본다. 이와 같은 열기관의 실현은 실제로 가능한 것인 지 검토하여라 ( 카르노 열기관의 효율을 참조해서 검토할 것)."
추출됨,낮음,최신 발전공학,발전공학,568,7.21,word,( 예제 7.21 1차 전지와 2차 전지에 대해서 설명하여라.,( 예제 7.21 1차 전지와 2차 전지에 대해서 설명하여라. 오늘날 전기 SAIS 이용해서 건전지라든지 자동차에서 사용하는 납축전지 등 이 널리 사용되고 있다. 건전지 내에는 그림 17.44 (8)처럼 1400 와 22이 밀페된 상,ex-generation-0568-01,1차 전지와 2차 전지에 대해서 설명하여라.
추출됨,낮음,최신 발전공학,발전공학,590,18.2,word,(에제 18.2 낙차 100[7의 양수 발전소가 있다. 단위 수량당의 저장 에너지를 구하여라.,"(에제 18.2 낙차 100[7의 양수 발전소가 있다. 단위 수량당의 저장 에너지를 구하여라. Qulm1(Q, ×10 [66))의 몰을 him] 낙하시켰을 때 얻어질 일(위치 에너지) We ,",ex-generation-0590-01,낙차 100[7의 양수 발전소가 있다. 단위 수량당의 저장 에너지를 구하여라.
추출됨,낮음,최신 발전공학,발전공학,606,18.3,word,(에제 18.3 열에너지 저장에서의 축열에 관해서 설명하여라.,"(에제 18.3 열에너지 저장에서의 축열에 관해서 설명하여라. 열이라는 에너지 SAS 바꾸지 않고 열원의 발생량과 수용가의 소비열량과의 시간 A, 공간적인 AS 없애는 기능을 가진 것을 축열이라고 부른다.",ex-generation-0606-01,열에너지 저장에서의 축열에 관해서 설명하여라.
추출됨,낮음,최신 송배전공학,송배전공학,36,1.5,word,(의제 1.5 j 그림 1102 같은 1분기 선로 및 7분기 선로의 차이점을 설명하여라.,(의제 1.5 j 그림 1102 같은 1분기 선로 및 7분기 선로의 차이점을 설명하여라. A B 기설 송전선,ex-song-0036-01,j 그림 1102 같은 1분기 선로 및 7분기 선로의 차이점을 설명하여라.
추출됨,낮음,최신 송배전공학,송배전공학,44,1.9,word,( 에제 1.9 우리나라의 송전설비 현황과 그 발달 과정을 설명하라.,"( 에제 1.9 우리나라의 송전설비 현황과 그 발달 과정을 설명하라. 그림 1.18~그림 1.159] 보는 바와 같이 초창기(1950년대)에는 154[eV] 방사상 계통 에서 환상망 계통으로 운영하다가 1980년대부터는 송전전압이 345[611로 격상,",ex-song-0044-02,"우리나라의 송전설비 현황과 그 발달 과정을 설명하라. 그림 1.18~그림 1.159] 보는 바와 같이 초창기(1950년대)에는 154[eV] 방사상 계통 에서 환상망 계통으로 운영하다가 1980년대부터는 송전전압이 345[611로 격상, 84504] 망상계통으로 확충되었다. 그 후 경제성장을 거듭하면서 수요가 크게 늘어나 각처에 대용량 화력발전단지, 대용 량 원자력발전단지가 들어서면서 다시 "
추출됨,낮음,최신 송배전공학,송배전공학,44,17,word,( 의제17 j SHAS 765(kV]Z 격상시켰을 경우에 AS 수 있는 효과는,"( 의제17 j SHAS 765(kV]Z 격상시켰을 경우에 AS 수 있는 효과는 1. 대규모 전력 수송이 용이(34506]에 비해 8.4배 중대) 2, 건설에 필요한 소요용지 최소화(34506 ]의 53[%] 경감)",ex-song-0044-01,"j SHAS 765(kV]Z 격상시켰을 경우에 AS 수 있는 효과는 1. 대규모 전력 수송이 용이(34506]에 비해 8.4배 중대) 2, 건설에 필요한 소요용지 최소화(34506 ]의 53[%] 경감) 3. 전력 손실 감소(345[6]보다 20[%] 정도 감소) 4. 전력계통의 안정도 향상 5. 국내 전략 분야 기술 도약으로 국제 경쟁력 향상 Cora 1.8 if 우리나라의 SHASS 7O"
추출됨,낮음,최신 송배전공학,송배전공학,58,21,word,"( 여제 21 j 경동선을 77KVIA 송전선에 사용할 SS 최대 송전 AAS 30,000[kw], 역률","( 여제 21 j 경동선을 77KVIA 송전선에 사용할 SS 최대 송전 AAS 30,000[kw], 역률 을 0.8로 하면 얼마만한 F712] 전선이 가장 경제적으로 되겠는가 Et 전선 1 9]의 가격은 9,000[원/(9], 전기 BSS 54[원/ 1], p=0.1,",ex-song-0058-01,"j 경동선을 77KVIA 송전선에 사용할 SS 최대 송전 AAS 30,000[kw], 역률 을 0.8로 하면 얼마만한 F712] 전선이 가장 경제적으로 되겠는가 Et 전선 1 9]의 가격은 9,000[원/(9], 전기 BSS 54[원/ 1], p=0.1, 송전 선로의 연간 이용듈온 60[%]라고 한다. 켈빈의 법칙에 따라 송전 선로의 연간 이용률이 60[%(이므로 가장 경제적인 전류 밀도는 "
추출됨,낮음,최신 송배전공학,송배전공학,63,2.3,word,(이제 2.3 j 38[mm ]2] 경동 연선을 사용해서 높이가 같고 경간이 330[]인 철탑에 가선,"(이제 2.3 j 38[mm ]2] 경동 연선을 사용해서 높이가 같고 경간이 330[]인 철탑에 가선 하는 경우 OEE 얼마인가 단, 이 경동 AM] 인장 하중은 1180[(9], 안전율 은 2.2이고 전선 자체의 무게는 0.348[9/00]라고 한다.",ex-song-0063-01,"j 38[mm ]2] 경동 연선을 사용해서 높이가 같고 경간이 330[]인 철탑에 가선 하는 경우 OEE 얼마인가 단, 이 경동 AM] 인장 하중은 1180[(9], 안전율 은 2.2이고 전선 자체의 무게는 0.348[9/00]라고 한다. 인장 하중이 1480[681이고 HAL] 8.8이므로 최대 사용 장력 Ty =~ orate T= Tp = Tyt+wD = Ty +0.348D) 이도 DE "
추출됨,낮음,최신 송배전공학,송배전공학,63,2.5,word,( 예제 2.5 j 평평한 RUA 같은 장력으로 가선된 2경간의 이도가 각각 4[m] 및 9[07]였다.,"( 예제 2.5 j 평평한 RUA 같은 장력으로 가선된 2경간의 이도가 각각 4[m] 및 9[07]였다. 여기서, 중간 지지점에서 전선이 떨어져서 처지게 되었다고 하면 이도는 얼마로 되겠는가 단, 지지점의 높이는 모두 다 같다고 하고 전선의 신장은 무시하는 것",ex-song-0063-02,"j 평평한 RUA 같은 장력으로 가선된 2경간의 이도가 각각 4[m] 및 9[07]였다. 여기서, 중간 지지점에서 전선이 떨어져서 처지게 되었다고 하면 이도는 얼마로 되겠는가 단, 지지점의 높이는 모두 다 같다고 하고 전선의 신장은 무시하는 것 으로 한다."
추출됨,낮음,최신 송배전공학,송배전공학,87,3.2,word,"( 에제 3.2 j 전압 66[kV], 주파수 6O[Hz], 길이 12[17]의 34 3선식 1회선 지중 송전 선로","( 에제 3.2 j 전압 66[kV], 주파수 6O[Hz], 길이 12[17]의 34 3선식 1회선 지중 송전 선로 가 있다. 케이블의 심선 1선당의 정전 용량이 0.4[//1070]라고 할 때 이 선로의 3 상 무부하 충전 ARIA] 및 충전 용량[ / ]을 구하여라.",ex-song-0087-01,"j 전압 66[kV], 주파수 6O[Hz], 길이 12[17]의 34 3선식 1회선 지중 송전 선로 가 있다. 케이블의 심선 1선당의 정전 용량이 0.4[//1070]라고 할 때 이 선로의 3 상 무부하 충전 ARIA] 및 충전 용량[ / ]을 구하여라."
추출됨,낮음,최신 송배전공학,송배전공학,101,3.3,word,( 예제 3.3 j 발송배전 설비에서 가장 많이 사용되고 있는 케이블 3가지를 들고 이들의 SAS,( 예제 3.3 j 발송배전 설비에서 가장 많이 사용되고 있는 케이블 3가지를 들고 이들의 SAS 설명하여라. 전력 케이블은 3.3절에서 설명한 바와 같이(그림 3.5 참조) 여러 가지 것이 있으나 실제,ex-song-0101-01,j 발송배전 설비에서 가장 많이 사용되고 있는 케이블 3가지를 들고 이들의 SAS 설명하여라.
추출됨,낮음,최신 송배전공학,송배전공학,136,4.3,word,(여제 4.3 if 7/3.7[0717]인 경동 연선(반지름 0.555[07])을 그림 4.24처럼 배치한 완전 연,"(여제 4.3 if 7/3.7[0717]인 경동 연선(반지름 0.555[07])을 그림 4.24처럼 배치한 완전 연 가의 1회선 송전선이 있다. 이 선로의 IkmIF 작용 인덕턴스, 작용 정전 용량 및 대지 정전 SS 구하여라. Ct, 지표 위의 높이는 이도(010)의 영향을 고려한",ex-song-0136-01,"if 7/3.7[0717]인 경동 연선(반지름 0.555[07])을 그림 4.24처럼 배치한 완전 연 가의 1회선 송전선이 있다. 이 선로의 IkmIF 작용 인덕턴스, 작용 정전 용량 및 대지 정전 SS 구하여라."
추출됨,낮음,최신 송배전공학,송배전공학,137,4.4,word,( 이제 4.4 j 3상 1회선의 송전 선로에 3상 전압을 인가해서 충전하였을 때 전선 1선에 흐르는,"( 이제 4.4 j 3상 1회선의 송전 선로에 3상 전압을 인가해서 충전하였을 때 전선 1선에 흐르는 충전 ARE 32[4], 또 3선을 일괄해서 이것과 대지간에 위와 같은 선간 전압의 Fe 인가해서 중전하였을 때 전 충전 전류는 60[4]였다. 이때 전선 1선의 대",ex-song-0137-01,"j 3상 1회선의 송전 선로에 3상 전압을 인가해서 충전하였을 때 전선 1선에 흐르는 충전 ARE 32[4], 또 3선을 일괄해서 이것과 대지간에 위와 같은 선간 전압의 Fe 인가해서 중전하였을 때 전 충전 전류는 60[4]였다. 이때 전선 1선의 대 지 정전 용량과 선간 정전용량과의 비를 구하여라."
추출됨,낮음,최신 송배전공학,송배전공학,154,4.9,word,"(이제 4.9 66[4],1회선 송전 선로에서 1선의 리액턴스가 22[ㅇ1], 전류가 ZOOLA]A 때 %","(이제 4.9 66[4],1회선 송전 선로에서 1선의 리액턴스가 22[ㅇ1], 전류가 ZOOLA]A 때 % 리액턴스는 얼마인가 먼저 주어진 데이터로부터 기준 용량 Pek 구하면",ex-song-0154-01,"66[4],1회선 송전 선로에서 1선의 리액턴스가 22[ㅇ1], 전류가 ZOOLA]A 때 % 리액턴스는 얼마인가 먼저 주어진 데이터로부터 기준 용량 Pek 구하면 P, = V3 VI= V3x 66 x 300 = 34,293.6[kVA] 따라서, _ 2 Py _ 22% 34,2036 _ 가 아아 0 (66) 1732[%] (94 4.10 j 송전단에서는 발전기 전압 6.6[kVIE 66(kVI"
추출됨,낮음,최신 송배전공학,송배전공학,160,4.12,word,(예제 4.12 j 그림 4.41과 같은 154[kV] 계통이 있다. 각 기기 및 선로의 용량[ / ]별 %임피,"(예제 4.12 j 그림 4.41과 같은 154[kV] 계통이 있다. 각 기기 및 선로의 용량[ / ]별 %임피 던스 값은 그림에 기입한 값과 같다고 할 때 10,000[kVA] 기준으로 환산한 점 에서 본 합성 임피던스를 구하여라.",ex-song-0160-01,"j 그림 4.41과 같은 154[kV] 계통이 있다. 각 기기 및 선로의 용량[ / ]별 %임피 던스 값은 그림에 기입한 값과 같다고 할 때 10,000[kVA] 기준으로 환산한 점 에서 본 합성 임피던스를 구하여라."
추출됨,낮음,최신 송배전공학,송배전공학,161,4.13,word,"(의제 4.13 그림 4.43 (8)에 나타낸 바와 같은 계통이 있다. 이 계통에 대해서 100,000[ 4 ]","(의제 4.13 그림 4.43 (8)에 나타낸 바와 같은 계통이 있다. 이 계통에 대해서 100,000[ 4 ] 를 기준 용량으로 한 %임피던스도는 그림 4.43 (b)2 같다고 한다. 선로의 점에서 본 전계통의 %.를 구하여라. 단, 변압기 TE 3권선 변압기로서 00,000[ 4]",ex-song-0161-01,"그림 4.43 (8)에 나타낸 바와 같은 계통이 있다. 이 계통에 대해서 100,000[ 4 ] 를 기준 용량으로 한 %임피던스도는 그림 4.43 (b)2 같다고 한다. 선로의 점에서 본 전계통의 %.를 구하여라."
추출됨,낮음,최신 송배전공학,송배전공학,171,4.15,word,"(의제 4.15 j 154[kV], 60[Hz]2] 3상 송전선이 있다. 전선으로서는 37/2.6[0001], 강심 알루","(의제 4.15 j 154[kV], 60[Hz]2] 3상 송전선이 있다. 전선으로서는 37/2.6[0001], 강심 알루 미늄선(지름 1.82[07])을 쓰고 2 = 430[cm] 2] 정3각형 배치로 되어 있다. 기 압 b= 721[mmHg], 71S = 30[ C], 우천의 경우 코로나 임계 전압 및 100]",ex-song-0171-01,"j 154[kV], 60[Hz]2] 3상 송전선이 있다. 전선으로서는 37/2.6[0001], 강심 알루 미늄선(지름 1.82[07])을 쓰고 2 = 430[cm] 2] 정3각형 배치로 되어 있다. 기 압 b= 721[mmHg], 71S = 30[ C], 우천의 경우 코로나 임계 전압 및 100] 당의 코로나 손실을 구하여라."
추출됨,낮음,최신 송배전공학,송배전공학,186,5.5,word,"(예제 5.5 j 100[mm ] 경동 연선(7/4.3[0007])을 전선으로 사용한 38 60[Hz], 길이 100","(예제 5.5 j 100[mm ] 경동 연선(7/4.3[0007])을 전선으로 사용한 38 60[Hz], 길이 100 [km], 등가 선간 거리 3[77]의 1회선 송전 선로가 있다. 전선의 사용 온도를 40[ ㅇ] 라고 가정해서",ex-song-0186-01,"j 100[mm ] 경동 연선(7/4.3[0007])을 전선으로 사용한 38 60[Hz], 길이 100 [km], 등가 선간 거리 3[77]의 1회선 송전 선로가 있다. 전선의 사용 온도를 40[ ㅇ] 라고 가정해서 (1) 이 송전 선로를 (가) 집중 임피던스 회로 (나) TS 회로 (다) 7형 회로 로 하였을 때의 등가 회로"
추출됨,낮음,최신 송배전공학,송배전공학,195,5.6,word,(이제 5.6 j HO 300[km]2] 3상 1회선 송전선이 있다. 지금 단위 길이당의 임피던스 및 어,(이제 5.6 j HO 300[km]2] 3상 1회선 송전선이 있다. 지금 단위 길이당의 임피던스 및 어 드미턴스가 각각 2 =rt jx =0.09475 + 7 0.4932[0/km],ex-song-0195-01,"j HO 300[km]2] 3상 1회선 송전선이 있다. 지금 단위 길이당의 임피던스 및 어 드미턴스가 각각 2 =rt jx =0.09475 + 7 0.4932[0/km] y =jwC= 73.325 x 107 [6/km] 라고 한다. HBS 무시한 경우의 이 송전선의 특성 임피던스 2,, 및 전파 ys + 를 구하여라."
추출됨,낮음,최신 송배전공학,송배전공학,203,5.9,word,(예제 5.9 j 길이 100[07]의 34 3선식 1회선 송전 선로가 있다.,"(예제 5.9 j 길이 100[07]의 34 3선식 1회선 송전 선로가 있다. 이 선로의 저항 r=0.1905[Q/km], 리액턴스 = 0.4821[0/km], 서셉턴스 8= 3.410 ×10 [65/ 07]라 할 때 이 선로의",ex-song-0203-01,"j 길이 100[07]의 34 3선식 1회선 송전 선로가 있다. 이 선로의 저항 r=0.1905[Q/km], 리액턴스 = 0.4821[0/km], 서셉턴스 8= 3.410 ×10 [65/ 07]라 할 때 이 선로의 (1) 4단자 정수 4, 2, , DE 구하여라."
추출됨,낮음,최신 송배전공학,송배전공학,206,5.11,word,"(의제 5.11 그림 5.15처럼 송전단 및 수전단 변압기의 임피던스를 각각 , , 2, 라 하고 선","(의제 5.11 그림 5.15처럼 송전단 및 수전단 변압기의 임피던스를 각각 , , 2, 라 하고 선 로의 4단자 정수를 A, 2, C, 2라고 할 때 이 회로의 합성 4단자 정수 Ay, B, Co, DoS 구하여라. .",ex-song-0206-01,"그림 5.15처럼 송전단 및 수전단 변압기의 임피던스를 각각 , , 2, 라 하고 선 로의 4단자 정수를 A, 2, C, 2라고 할 때 이 회로의 합성 4단자 정수 Ay, B, Co, DoS 구하여라."
추출됨,낮음,최신 송배전공학,송배전공학,207,5.12,word,(의제 5.12 그림 5.17처럼 정수가 다른 선로가 병렬로 접속되어 있을 경우 이들을 종합한 합,"(의제 5.12 그림 5.17처럼 정수가 다른 선로가 병렬로 접속되어 있을 경우 이들을 종합한 합 성 4단자 정수 Ay, By, , Dy 구하여라. - - in",ex-song-0207-01,"그림 5.17처럼 정수가 다른 선로가 병렬로 접속되어 있을 경우 이들을 종합한 합 성 4단자 정수 Ay, By, , Dy 구하여라."
추출됨,낮음,최신 송배전공학,송배전공학,223,5.14,word,(여제 5.14 j 송전 거리 100[km]2] 1회선 3상 SA 선로가 있다. 이 선로의 선로 정수는,"(여제 5.14 j 송전 거리 100[km]2] 1회선 3상 SA 선로가 있다. 이 선로의 선로 정수는 r=0.2[0/km], 2 = 0.5[으/70]라고 한다. 지금 수전단의 부하가 30,000[ 4], 역률 80[%](지상)일 때 송전단 전압을",ex-song-0223-01,"j 송전 거리 100[km]2] 1회선 3상 SA 선로가 있다. 이 선로의 선로 정수는 r=0.2[0/km], 2 = 0.5[으/70]라고 한다. 지금 수전단의 부하가 30,000[ 4], 역률 80[%](지상)일 때 송전단 전압을 77,000[V], 수전단 전압을 70,000[ /]로 유지하고자 한다면 이때 소요될 조상 SBE 얼마[ 81]가 되겠는가 단, 선로의 정전 용량, 송ㆍ수전단의 "
추출됨,낮음,최신 송배전공학,송배전공학,230,5.16,word,(의제 5.16 j 345[kV] 2회선 선로가 있다. 선로 길이가 250[07]이고 선로의 작용 용량이,"(의제 5.16 j 345[kV] 2회선 선로가 있다. 선로 길이가 250[07]이고 선로의 작용 용량이 0.01[//600]라고 한다. 이것을 자기 여자를 일으키지 않고 충전하기 위해서는 최소한 몇 [kVA] 이상의 발전기를 사용하여야 하는가 단, 발전기의 단락비는",ex-song-0230-01,"j 345[kV] 2회선 선로가 있다. 선로 길이가 250[07]이고 선로의 작용 용량이 0.01[//600]라고 한다. 이것을 자기 여자를 일으키지 않고 충전하기 위해서는 최소한 몇 [kVA] 이상의 발전기를 사용하여야 하는가 단, 발전기의 단락비는 11, 포화율은 0.12라고 한다. 선로의 충전 용량을 구하기 위해서는 먼저 1선을 흐르는 충전 전류 를 계산하여야 한 다. L.=2nfCl "
추출됨,낮음,최신 송배전공학,송배전공학,258,6.3,word,( 여제 6.3 j 154[0]의 송전선이 그림과 같이 연가되어 있을 경우 중성점과 대지간에 나타나,"( 여제 6.3 j 154[0]의 송전선이 그림과 같이 연가되어 있을 경우 중성점과 대지간에 나타나 는 잔류 전압을 계산하여라. 단, 전선 1[00]당의 대지 정전 SSS 맨 윗선 0.004[ pF], 가운데선 0.0045[,], 맨 아래선 0.005 ,사]라 하고 다른 선로 정",ex-song-0258-01,j 154[0]의 송전선이 그림과 같이 연가되어 있을 경우 중성점과 대지간에 나타나 는 잔류 전압을 계산하여라.
추출됨,낮음,최신 송배전공학,송배전공학,281,7.4,word,"예제 7.4 154[(01/22.9[60],12,000[/4]의 3상 변압기 1대를 갖는 변전소로부터 길이","예제 7.4 154[(01/22.9[60],12,000[/4]의 3상 변압기 1대를 갖는 변전소로부터 길이 3[1000]의 1회선 고압 배전 MES 공급되는 수용가 인입구에서의 3상 단락 전류 를 구하여라. 또, 이 수용가에 사용하는 차단기로서는 몇 [MVA]O 것이 적당하",ex-song-0281-01,"154[(01/22.9[60],12,000[/4]의 3상 변압기 1대를 갖는 변전소로부터 길이 3[1000]의 1회선 고압 배전 MES 공급되는 수용가 인입구에서의 3상 단락 전류 를 구하여라."
추출됨,낮음,최신 송배전공학,송배전공학,282,7.5,word,예제 7.5 ( 그림 7.4와 같은 발전소에서 각 유입 차단기(28)의 차단 용량을 계산하여라.,"예제 7.5 ( 그림 7.4와 같은 발전소에서 각 유입 차단기(28)의 차단 용량을 계산하여라. 단, 발전기 6, BB 10,000[KVAI, 40 10[%] 발전기 6, 용량 20,000[kVAI, xe 14[%]",ex-song-0282-01,( 그림 7.4와 같은 발전소에서 각 유입 차단기(28)의 차단 용량을 계산하여라.
추출됨,낮음,최신 송배전공학,송배전공학,289,7.6,word,"예제 7.6 지금 3상 전압이 불평형으로 되어 각각 y,=7.3/12.5 , ,=0.4 / 100 ,","예제 7.6 지금 3상 전압이 불평형으로 되어 각각 y,=7.3/12.5 , ,=0.4 / 100 , = 4.47154 로주어져 있다교할경우 이들의 대칭 성분 Vo, Vi, 를구하여 라.",ex-song-0289-01,"지금 3상 전압이 불평형으로 되어 각각 y,=7.3/12.5 , ,=0.4 / 100 , = 4.47154 로주어져 있다교할경우 이들의 대칭 성분 Vo, Vi, 를구하여 라."
추출됨,낮음,최신 송배전공학,송배전공학,293,7.7,word,"( 이제 7.7 j BA 10[MVA], 무부하 단자 Het 6.6[kV]2 동기 발전기가 있다. 이 발전기의","( 이제 7.7 j BA 10[MVA], 무부하 단자 Het 6.6[kV]2 동기 발전기가 있다. 이 발전기의 대칭분 임피던스는 다음과 같다. 스=0.08+74.38[0]",ex-song-0293-01,"j BA 10[MVA], 무부하 단자 Het 6.6[kV]2 동기 발전기가 있다. 이 발전기의 대칭분 임피던스는 다음과 같다. 스=0.08+74.38[0] Zy = 0.49 + 51.34[Q)] 4 = 0.16 +50.54[Q] 지금 이 발전기의 a, 6, 상의 전기자 권선에 다음과 같은 불평형 전류 4, =338-7516[41 5, =- 146-7474[A] Z,= 108+ 5352[A] "
추출됨,낮음,최신 송배전공학,송배전공학,299,7.9,word,"( 여제 7.9 그림 7.13과 같이 3상 교류 발전기의 6, 상이 단락했을 경우 흐르게 될 고장 전류","( 여제 7.9 그림 7.13과 같이 3상 교류 발전기의 6, 상이 단락했을 경우 흐르게 될 고장 전류 및 각 상에 나타나는 전압을 구하여라.",ex-song-0299-01,"그림 7.13과 같이 3상 교류 발전기의 6, 상이 단락했을 경우 흐르게 될 고장 전류 및 각 상에 나타나는 전압을 구하여라."
추출됨,낮음,최신 송배전공학,송배전공학,301,7.10,word,"(의제 7.10 j 그림 7.142 같은 발전기에 대해서 6, 상의 2단자가 접지하였을 경우(2선 접지","(의제 7.10 j 그림 7.142 같은 발전기에 대해서 6, 상의 2단자가 접지하였을 경우(2선 접지 사고)의 지락 전류를 계산하며라. 또, 이때 개방 단자 상의 전압도 구하여라. a io oi",ex-song-0301-01,"j 그림 7.142 같은 발전기에 대해서 6, 상의 2단자가 접지하였을 경우(2선 접지 사고)의 지락 전류를 계산하며라. 또, 이때 개방 단자 상의 전압도 구하여라."
추출됨,낮음,최신 송배전공학,송배전공학,311,7.11,word,(의제 7.11 j 그림 7.232 BE 154[kV] 1회선 SAMO] 있다. 선로의 중앙에서 141 지락 고장,"(의제 7.11 j 그림 7.232 BE 154[kV] 1회선 SAMO] 있다. 선로의 중앙에서 141 지락 고장 이 발생하였을 경우 지락 전류의 크기를 구하여라. 단, 각 부분의 정수는 cheap 같다고 한다.",ex-song-0311-01,j 그림 7.232 BE 154[kV] 1회선 SAMO] 있다. 선로의 중앙에서 141 지락 고장 이 발생하였을 경우 지락 전류의 크기를 구하여라.
추출됨,낮음,최신 송배전공학,송배전공학,312,7.12,word,(의제 7.12 j 그림과 같은 DAS 접지의 SH 계통에 있어서 점에서 1선 지락 고장이 발생하,"(의제 7.12 j 그림과 같은 DAS 접지의 SH 계통에 있어서 점에서 1선 지락 고장이 발생하 였을 경우의 지락 전류를 계산하여라. 단, 기기의 정수는 도시한 바와 같이 송전 선로의 정상 임피던스는 %,= 0.07+ 0.408[Q/km], 영상 임피던스는 % 의 4",ex-song-0312-01,j 그림과 같은 DAS 접지의 SH 계통에 있어서 점에서 1선 지락 고장이 발생하 였을 경우의 지락 전류를 계산하여라.
추출됨,낮음,최신 송배전공학,송배전공학,328,8.2,word,( 여제 8.2 j 그림 8.6과 같이 700[14 1의 발전기가 WYO] 345[kV]o 무한대 모선에 연결,"( 여제 8.2 j 그림 8.6과 같이 700[14 1의 발전기가 WYO] 345[kV]o 무한대 모선에 연결 되어 550[14 ], 역률 0.9(지상)로 HAS 공급하고 US 때 이 계통의 정태 안정 극한 전력은 얼마로 되겠는가 단, 그림에 표시되지 않는 다른 정수는 무시하는",ex-song-0328-01,"j 그림 8.6과 같이 700[14 1의 발전기가 WYO] 345[kV]o 무한대 모선에 연결 되어 550[14 ], 역률 0.9(지상)로 HAS 공급하고 US 때 이 계통의 정태 안정 극한 전력은 얼마로 되겠는가 단, 그림에 표시되지 않는 다른 정수는 무시하는 것으로 한다. 발전기 변압기 변압기 부하 55000) 70000 역들 09(저장) (8) 계통도 E=Mstk ) S 지=3080 2"
추출됨,낮음,최신 송배전공학,송배전공학,330,8.3,word,"( 이제 8.3 [ 그림 8.7과 같은 17] 무한대 모선 ASS 정태 안정도를 해석하여라. 단, 모든 at","( 이제 8.3 [ 그림 8.7과 같은 17] 무한대 모선 ASS 정태 안정도를 해석하여라. 단, 모든 at 2 1,000[MVA] 기준의 단위값이라고 한다. 주 705 jlo",ex-song-0330-01,"[ 그림 8.7과 같은 17] 무한대 모선 ASS 정태 안정도를 해석하여라. 단, 모든 at 2 1,000[MVA] 기준의 단위값이라고 한다. 주 705 jlo Ea 1.05/6, Loot 모밀 계통 Qe 받전기의 전류 be , _ Fil, ~ Blo a= =, [90 발전기의 내부 전압 He B= 476 + 1% E,[0, ~By/0 = E, (8, +2490 ie , al of Te) ="
추출됨,낮음,최신 송배전공학,송배전공학,339,8.5,word,"( 예제 8.5 j 그림 8.14에 보인 계통에서 1선 지락, 2선 지락, 2선 단락 사고가 발생하였을 경우","( 예제 8.5 j 그림 8.14에 보인 계통에서 1선 지락, 2선 지락, 2선 단락 사고가 발생하였을 경우 의 각각의 등가 정상 고장 임피던스를 구하여라. 여기서, , 고장점에서의 고장 전의 상전압",ex-song-0339-01,"j 그림 8.14에 보인 계통에서 1선 지락, 2선 지락, 2선 단락 사고가 발생하였을 경우 의 각각의 등가 정상 고장 임피던스를 구하여라."
추출됨,낮음,최신 송배전공학,송배전공학,370,9.1,word,"예제 9.1 파동 임피던스가 500[으]인 가공 SAN [km] so] 정전 용량, 인덕턴스를 구","예제 9.1 파동 임피던스가 500[으]인 가공 SAN [km] so] 정전 용량, 인덕턴스를 구 하여라. Lkm) 39] 인덕턴스를 L[mH/km], VA 용량을 0[/ /1021라고 하면",ex-song-0370-01,"파동 임피던스가 500[으]인 가공 SAN [km] so] 정전 용량, 인덕턴스를 구 하여라. Lkm) 39] 인덕턴스를 L[mH/km], VA 용량을 0[/ /1021라고 하면 4 파동 임피던스 2 = 5 =s0001 a 전파 속도 v= Jie 3 10 [km/s] 이므로, 이 두 식으로부터 4, ㅇ를 구하면 L=167x 10 [H/km] = 1.67[mH/km] =6.7X10- [F/km"
추출됨,낮음,최신 송배전공학,송배전공학,370,9.2,word,"예제 9.2 ( 파동 임피던스 2, = 400[Q]e 선로의 종단에 파동 임피던스 , =1,200[0]2","예제 9.2 ( 파동 임피던스 2, = 400[Q]e 선로의 종단에 파동 임피던스 , =1,200[0]2 변압기가 접속되어 있다. 지금 선로로부터 파고 , = 800[ /]1의 전압이 진입하 였다. 접속점에 있어서의 전압의 반사파, 투과파를 구하여라.",ex-song-0370-02,"( 파동 임피던스 2, = 400[Q]e 선로의 종단에 파동 임피던스 , =1,200[0]2 변압기가 접속되어 있다. 지금 선로로부터 파고 , = 800[ /]1의 전압이 진입하 였다. 접속점에 있어서의 전압의 반사파, 투과파를 구하여라."
추출됨,낮음,최신 송배전공학,송배전공학,371,9.3,word,( 에제 9.3 j 그림 9.50] 나타낸 바와 같이 변압기의 중성점이 변압기와 같은 크기(값)의 파동,( 에제 9.3 j 그림 9.50] 나타낸 바와 같이 변압기의 중성점이 변압기와 같은 크기(값)의 파동 임피던스를 가진 리액터로 접지되고 있다. 만일 이때 변압기의 1권선에 전압의 진 입파가 침입해 왔을 경우 중성점의 전위는 얼마로 되겠는가,ex-song-0371-01,"j 그림 9.50] 나타낸 바와 같이 변압기의 중성점이 변압기와 같은 크기(값)의 파동 임피던스를 가진 리액터로 접지되고 있다. 만일 이때 변압기의 1권선에 전압의 진 입파가 침입해 왔을 경우 중성점의 전위는 얼마로 되겠는가 변압기 ~ n ey 변압기와 중성점의 리액터의 파동 임피던스를 어느 것이나 ZZ 나타내면 4] (9.16)으 로부터 전류의 부과파 , 는 다음과 같이 된다. 26 Fat"
추출됨,낮음,최신 송배전공학,송배전공학,379,9.6,word,"(/ 이제 9.6 j 그림 9.132 같이 파동 임피던스 % = 500[ㅇ] 및 , = 400[으]의 2개의 선로의","(/ 이제 9.6 j 그림 9.132 같이 파동 임피던스 % = 500[ㅇ] 및 , = 400[으]의 2개의 선로의 접속점 Pol 피뢰기를 설치하였을 경우 의 선로로부터 파고 = 600[ /]의 전압파가 내습하였다. 선로 에의 전압 투과파의 파고를 250[ /]로 억제하기",ex-song-0379-01,"j 그림 9.132 같이 파동 임피던스 % = 500[ㅇ] 및 , = 400[으]의 2개의 선로의 접속점 Pol 피뢰기를 설치하였을 경우 의 선로로부터 파고 = 600[ /]의 전압파가 내습하였다. 선로 에의 전압 투과파의 파고를 250[ /]로 억제하기 위해서는 피뢰기의 저항 의 값은 얼마로 하면 되겠는가 P qu aL 3317)"
추출됨,낮음,최신 송배전공학,송배전공학,380,9.7,word,( 여제 9.7 j 파고값 25[kA]Ol 장방형(구형)의 전류파가 가공 지선상을 최종단 철탑올 향해,"( 여제 9.7 j 파고값 25[kA]Ol 장방형(구형)의 전류파가 가공 지선상을 최종단 철탑올 향해 내습하였을 경우 BHO] 전위는 얼마로 되겠는가 Et, 가공 지선의 파동 임피던 A Z=500[0], AB 접지 MSR, = 10[으]라 하고 기타의 정수는 무시한다.",ex-song-0380-01,"j 파고값 25[kA]Ol 장방형(구형)의 전류파가 가공 지선상을 최종단 철탑올 향해 내습하였을 경우 BHO] 전위는 얼마로 되겠는가 Et, 가공 지선의 파동 임피던 A Z=500[0], AB 접지 MSR, = 10[으]라 하고 기타의 정수는 무시한다. 그림 9.14는 이 BA] 설명도이다. 여기서 ,, iE 전압, AH] 내습파이고 ,, AE 이의 반사파, 그리고 e, = 철탑에 대한 투과"
추출됨,낮음,최신 송배전공학,송배전공학,406,10.3,word,(의제10.3 그림 10.129 같은 송전 계통에서 변전소로부터 Ofkm] 떨어진 점에서 각각,(의제10.3 그림 10.129 같은 송전 계통에서 변전소로부터 Ofkm] 떨어진 점에서 각각 (1) 3상 단락 고장 (2) 1선 지락 고장,ex-song-0406-01,"그림 10.129 같은 송전 계통에서 변전소로부터 Ofkm] 떨어진 점에서 각각 (1) 3상 단락 고장 (2) 1선 지락 고장 이 발생하였을 때의 3상 단락 전류( ,)와 1선 지락 전류( )를 구하여라."
추출됨,낮음,최신 송배전공학,송배전공학,408,10.4,word,(의제 10.4 앞 메제에서 지락 고장이 각각 Of 40[으]일 때의 1선 지락 전류를 구하여라.,"(의제 10.4 앞 메제에서 지락 고장이 각각 Of 40[으]일 때의 1선 지락 전류를 구하여라. 여제 10.8에서 zy BX 2,681 100",ex-song-0408-01,앞 메제에서 지락 고장이 각각 Of 40[으]일 때의 1선 지락 전류를 구하여라.
추출됨,낮음,최신 송배전공학,송배전공학,417,10.9,word,"(여제 10.9 j 그림 10.19에서 GE 1,000[kVA]2t 2,000[ kVA] 갖는 소수력 발전소로서 발","(여제 10.9 j 그림 10.19에서 GE 1,000[kVA]2t 2,000[ kVA] 갖는 소수력 발전소로서 발 전소 내에는 정격 차단 용량 ASO[MVAIS] 차단기가 사용되고 있다. 이 발전소를 10,000[kVA]2 주변압기를 갖는 인접한 변전소 5와 연계해서 운전하고자 할 경",ex-song-0417-01,"j 그림 10.19에서 GE 1,000[kVA]2t 2,000[ kVA] 갖는 소수력 발전소로서 발 전소 내에는 정격 차단 용량 ASO[MVAIS] 차단기가 사용되고 있다. 이 발전소를 10,000[kVA]2 주변압기를 갖는 인접한 변전소 5와 연계해서 운전하고자 할 경 우 발전기의 차단기는 절체하지 않고 연계선에 한류 리액터 를 삽입하려고 한 다. 이때 의 리액턴스는 얼마로 하면 되겠는가 "
추출됨,낮음,최신 송배전공학,송배전공학,434,11.3,word,(의제 11.3 if 변전소에서 접지를 하는 목적을 설명하여라.,(의제 11.3 if 변전소에서 접지를 하는 목적을 설명하여라. 366 변전소어서 접지를 하는 목적은 O 기기의 보호,ex-song-0434-01,if 변전소에서 접지를 하는 목적을 설명하여라.
추출됨,낮음,최신 송배전공학,송배전공학,438,11.8,word,(의제 11.8 그림 11.140] 보이는 바와 같은 전력 계통이 있다. 각 부분의 %2는 그림에서와 같,(의제 11.8 그림 11.140] 보이는 바와 같은 전력 계통이 있다. 각 부분의 %2는 그림에서와 같 으며 이들은 모두 100[MVA 기준으로 환산된 것이라고 한다. 이 전력 계통에서 차단기 a 및 차단기 의 차단 용량은 각각 얼마로 하여야 하는가,ex-song-0438-01,"그림 11.140] 보이는 바와 같은 전력 계통이 있다. 각 부분의 %2는 그림에서와 같 으며 이들은 모두 100[MVA 기준으로 환산된 것이라고 한다. 이 전력 계통에서 차단기 a 및 차단기 의 차단 용량은 각각 얼마로 하여야 하는가 b dj 8 ae 6 51%] 3[%] 다 000 다 다 Oe 7 a 다 000 다 다 = ) em RS 440 고장 전류 중 0,으로부터의 성분을 Ja, 0"
추출됨,낮음,최신 송배전공학,송배전공학,440,1.10,word,(의제 1.10 j 최근 우리 나라에서의 변전소에 관한 새로운 AST 운용 추세에 대해 설명하여,"(의제 1.10 j 최근 우리 나라에서의 변전소에 관한 새로운 AST 운용 추세에 대해 설명하여 라. (1) 변전소의 고전압, 대용량화",ex-song-0440-01,"j 최근 우리 나라에서의 변전소에 관한 새로운 AST 운용 추세에 대해 설명하여 라. (1) 변전소의 고전압, 대용량화 1970년대 중반 이후 우리 나라에서도 345[kV] 변전소가 건설되고 계동 강화를 위 해서 345[kV] 변전소가 계속 건설됨과 동시에, 송전 용량의 증대에 따라 단일 변전 소 S48 2,000~4,000[MVA]2 대형화하는 등 계속 고전압 대용량화의 추세를 보이고 있다"
추출됨,낮음,최신 송배전공학,송배전공학,440,1.11,word,(의제 1.11 j 최근 우리 나라 전력 계통에서도 많이 사용되고 QE SCADA 시스템에 대해 설,(의제 1.11 j 최근 우리 나라 전력 계통에서도 많이 사용되고 QE SCADA 시스템에 대해 설 명하여라. 최근 전력 시스템의 대용량화에 따라 고신뢰성 운용의 필요성이 날로 중대하고 있는 가,ex-song-0440-02,"j 최근 우리 나라 전력 계통에서도 많이 사용되고 QE SCADA 시스템에 대해 설 명하여라. 최근 전력 시스템의 대용량화에 따라 고신뢰성 운용의 필요성이 날로 중대하고 있는 가 운데, 특히 컴퓨터의 등장으로 정보 처리의 자농화 및 감시 제어의 자동화를 이룩함으 로써 더욱 효율적인 운용이 이루어지고 있다. 이러한 시스팀 중의 하나가 원방 감시 제 O (Supervisory Control An"
추출됨,낮음,최신 송배전공학,송배전공학,455,121,word,(에제121 어떤 공장이 있다. 이 공장이 가까운 변전소로부터 수전하고자 할 경우 선택할 수,"(에제121 어떤 공장이 있다. 이 공장이 가까운 변전소로부터 수전하고자 할 경우 선택할 수 있는 수전 방식(회로 BANS 열거하고 각각의 특징을 설명하여라. 먼저 수전 전압의 선정은 수전 용량, 공장의 지리적 조건 SS 고려해서 전력 회사측과",ex-song-0455-01,어떤 공장이 있다. 이 공장이 가까운 변전소로부터 수전하고자 할 경우 선택할 수 있는 수전 방식(회로 BANS 열거하고 각각의 특징을 설명하여라.
추출됨,낮음,최신 송배전공학,송배전공학,461,12.5,word,(의제12.5 j 배전 선로의 선간 전압을 3.3[( /]에서 6.6[kV]E BAS 경우 같은 전선을 사용,"(의제12.5 j 배전 선로의 선간 전압을 3.3[( /]에서 6.6[kV]E BAS 경우 같은 전선을 사용 하면 같은 전력 및 같은 전력 손실 하에서 송전 거리는 몇 배로 늘어나겠는가 승압 전 전압을 VY, SUF 전압을 라 하면 같은 전력이므로 역률이 같다면",ex-song-0461-01,"j 배전 선로의 선간 전압을 3.3[( /]에서 6.6[kV]E BAS 경우 같은 전선을 사용 하면 같은 전력 및 같은 전력 손실 하에서 송전 거리는 몇 배로 늘어나겠는가 승압 전 전압을 VY, SUF 전압을 라 하면 같은 전력이므로 역률이 같다면 P = V3 640050 = 73 40060 . 4 6 66 0 BUY 33 1 제의에 따라 전력 손실은 같으므로 3RR, =38R, . Ay. "
추출됨,낮음,최신 송배전공학,송배전공학,471,12.6,word,(의제 12.6 j 220[V] 단상 2선식 배젼에 의한 BP 220[V] 3상 3선식 배전에 의한 경우에,"(의제 12.6 j 220[V] 단상 2선식 배젼에 의한 BP 220[V] 3상 3선식 배전에 의한 경우에 있어서 배전선의 길이, 배젼선에 사용되는 전선의 총중량 및 전선 내의 전력 손실 이 같다고 할 경우 각 방식으로 보낼 수 있는 전력을 비교하여라. 단, 부하의 역률",ex-song-0471-01,"j 220[V] 단상 2선식 배젼에 의한 BP 220[V] 3상 3선식 배전에 의한 경우에 있어서 배전선의 길이, 배젼선에 사용되는 전선의 총중량 및 전선 내의 전력 손실 이 같다고 할 경우 각 방식으로 보낼 수 있는 전력을 비교하여라."
추출됨,낮음,최신 송배전공학,송배전공학,473,12.8,word,(의제12.8 f 전선의 HAE 같은 3상 3선식 220[V] 배전선과 단상 2선식 10[ /] 배전선이 있,"(의제12.8 f 전선의 HAE 같은 3상 3선식 220[V] 배전선과 단상 2선식 10[ /] 배전선이 있 Ch 선로 길이, 부하 전력 및 역률이 같을 경우 3상 3선식 배전선과 단상 2선식 배 전선의 선로 손실의 비틀 구하여라.",ex-song-0473-01,"f 전선의 HAE 같은 3상 3선식 220[V] 배전선과 단상 2선식 10[ /] 배전선이 있 Ch 선로 길이, 부하 전력 및 역률이 같을 경우 3상 3선식 배전선과 단상 2선식 배 전선의 선로 손실의 비틀 구하여라."
추출됨,낮음,최신 송배전공학,송배전공학,484,13.1,word,(의제 13.1 직류 선로에서의 전압 강하을 및 전압 변동률에 대해서 설명하여라.,"(의제 13.1 직류 선로에서의 전압 강하을 및 전압 변동률에 대해서 설명하여라. 직류 선로에서는 인덕턴스를 생각할 필요가 없기 때문에(곧 이 경우에는 AB, = Ho 다.) 전압 변동룰과 전압 강하을은 서로 같게 된다. 지금 244] 직류 선로에 대해서 생",ex-song-0484-01,직류 선로에서의 전압 강하을 및 전압 변동률에 대해서 설명하여라.
추출됨,낮음,최신 송배전공학,송배전공학,487,13.2,word,"(의제13.2 j 3상 3선식 고압 배전선로의 말단에 3, OOOLKW], 역률 80[%](지상)의 부하가 접","(의제13.2 j 3상 3선식 고압 배전선로의 말단에 3, OOOLKW], 역률 80[%](지상)의 부하가 접 속되어 있다. 부하단의 전압을 20,400[ ]라고 하면 SAS 전압은 얼마인가 또 한 이때의 전압강하율은 얼마인가 단, 선로의 임피던스는 1선당 0.5 + j1.0[0]",ex-song-0487-01,"j 3상 3선식 고압 배전선로의 말단에 3, OOOLKW], 역률 80[%](지상)의 부하가 접 속되어 있다. 부하단의 전압을 20,400[ ]라고 하면 SAS 전압은 얼마인가 또 한 이때의 전압강하율은 얼마인가 단, 선로의 임피던스는 1선당 0.5 + j1.0[0] 이라고 한다. 송ㆍ수전단 전압을 각각 Vv, VV), 부하 ASS 0050, 부하전력을 PW), 부하전류 를 7[시라고 하면 "
추출됨,낮음,최신 송배전공학,송배전공학,488,13.3,word,(의제 13.3 j 3상 3선식 1회선 배전선로의 말단에 역률 80[%](지상)의 평형 3상부하가 있다.,"(의제 13.3 j 3상 3선식 1회선 배전선로의 말단에 역률 80[%](지상)의 평형 3상부하가 있다. 변전소 인출구(곧 송전단) AO] 22,900[V], 부하의 단자전압이 20,600[ ]일 때 부하전력은 몇 [( ]인가 Et, 전선 1가닥당의 저항은 1.4[ㅇ)], 리액턴스는",ex-song-0488-01,"j 3상 3선식 1회선 배전선로의 말단에 역률 80[%](지상)의 평형 3상부하가 있다. 변전소 인출구(곧 송전단) AO] 22,900[V], 부하의 단자전압이 20,600[ ]일 때 부하전력은 몇 [( ]인가 Et, 전선 1가닥당의 저항은 1.4[ㅇ)], 리액턴스는 1.8[0]이라 하고 기타의 선로정수는 무시한다. 배전선의 전압 강하 ㅇ[ 는 선전류를 라고 하면 식 (13.20)으로부터 ="
추출됨,낮음,최신 송배전공학,송배전공학,489,13.5,word,"(의제13.5 j 저항이 [AQ], 리액턴스가 14[0]인 22.9[kV] 배전 선로에서 수전단의 피상 전","(의제13.5 j 저항이 [AQ], 리액턴스가 14[0]인 22.9[kV] 배전 선로에서 수전단의 피상 전 력이 10,000[/], 송전단 전압이 22.9[kV], 수전단 전압이 20.6[]이면 수 전단 역를은 얼마인가",ex-song-0489-01,"j 저항이 [AQ], 리액턴스가 14[0]인 22.9[kV] 배전 선로에서 수전단의 피상 전 력이 10,000[/], 송전단 전압이 22.9[kV], 수전단 전압이 20.6[]이면 수 전단 역를은 얼마인가 선전류는 피상 전력으로부터 직접 구할 수 있으므로 1000 _ ne 277 A] V, = V+ V31(Reosd + Xsiné) 9] 관계로부터 22.9 = 20.64 /3 x 277 x "
추출됨,낮음,최신 송배전공학,송배전공학,502,13.1,word,"(의제 13.1 용량 100[ 44], 6,600/105[ /]인 변압기의 철손이 11000], 전부하 동손이","(의제 13.1 용량 100[ 44], 6,600/105[ /]인 변압기의 철손이 11000], 전부하 동손이 1.25[6 0]이다. 이 변압기의 효율이 최고로 될 때에 부하[ ]는 얼마인가 또, 이 변압기가 무부하로 18시간, 역률 100[%]의 반부하로 4시간, 역를 80[%]의 전",ex-song-0502-01,"용량 100[ 44], 6,600/105[ /]인 변압기의 철손이 11000], 전부하 동손이 1.25[6 0]이다. 이 변압기의 효율이 최고로 될 때에 부하[ ]는 얼마인가 또, 이 변압기가 무부하로 18시간, 역률 100[%]의 반부하로 4시간, 역를 80[%]의 전 부하로 2시간 운전된다고 할 때 이 변압기의 전일 SSS 구하여라."
추출됨,낮음,최신 송배전공학,송배전공학,509,13.12,word,(에제 13.12 역를 0.6의 유도 전동기 부하 30[kW]Lt 전열기 부하 25[ ]가 있다. 이 부하에,(에제 13.12 역를 0.6의 유도 전동기 부하 30[kW]Lt 전열기 부하 25[ ]가 있다. 이 부하에 공급할 주상 변압기의 SAKVAIS 얼마로 하면 적당하겠는가 제의에 따라,ex-song-0509-01,역를 0.6의 유도 전동기 부하 30[kW]Lt 전열기 부하 25[ ]가 있다. 이 부하에 공급할 주상 변압기의 SAKVAIS 얼마로 하면 적당하겠는가 제의에 따라 부하의 유효 Ae P=30+25=55[kW] 부하(전동기)의 무효 전력 Q. = Wind = a + sino= 22x y=08F= 40lkVer] ( 전열기의 역률은 100[%]임) 따라서 부하의 합성 피상 전력 W= (유효 전력
추출됨,낮음,최신 송배전공학,송배전공학,511,13.16,word,(의제13.16 어느 지역에서의 전등 수용가의 SAY) 용량(보유 설비의 ])은 120[( 4]로,"(의제13.16 어느 지역에서의 전등 수용가의 SAY) 용량(보유 설비의 ])은 120[( 4]로 서 각 수용가의 수용률은 어느 곳이나 0.5라고 한다. 이 수용가군을 설비 용량 SOLKW], 40100] 및 30[kW]9] 3군으로 나누어 그림 13.15처럼 변압기, 21, 7",ex-song-0511-01,"어느 지역에서의 전등 수용가의 SAY) 용량(보유 설비의 ])은 120[( 4]로 서 각 수용가의 수용률은 어느 곳이나 0.5라고 한다. 이 수용가군을 설비 용량 SOLKW], 40100] 및 30[kW]9] 3군으로 나누어 그림 13.15처럼 변압기, 21, 7 및 7,22 공급할 때 각 변압기마다의 종합 최대 수용 전력 및 평균 수용 전력, 고 압 간선에 걸리는 최대 부하 및 종합 HOS"
추출됨,낮음,최신 송배전공학,송배전공학,527,14.1,word,"(예제 14.1 j 단상 교류 회로에서 AB 두 점간에 전압은 3,000[ /]이다. 지금 HAS 올려 주기","(예제 14.1 j 단상 교류 회로에서 AB 두 점간에 전압은 3,000[ /]이다. 지금 HAS 올려 주기 위해서 33300/220[ 0]의 변압기를 다음 그림처럼 접속해서 40[( ]의 전력을 전등 부하에 공급하고자 한다. 이때 승압기의 용량은 얼마로 하여야 하는가",ex-song-0527-01,"j 단상 교류 회로에서 AB 두 점간에 전압은 3,000[ /]이다. 지금 HAS 올려 주기 위해서 33300/220[ 0]의 변압기를 다음 그림처럼 접속해서 40[( ]의 전력을 전등 부하에 공급하고자 한다. 이때 승압기의 용량은 얼마로 하여야 하는가 이 Baie 권수비= 205, 부하측의 az 전압은 식 (14.1)로부더 Ag Mi 30000 Ee BS z =s,000 1+ 4 - 3,2"
추출됨,낮음,최신 송배전공학,송배전공학,527,14.2,word,"(에제 14.2 3상3선식 3000[4 ], 200[ /]의 배전 선로의 전압을 37100[ /]로 승압하기 위","(에제 14.2 3상3선식 3000[4 ], 200[ /]의 배전 선로의 전압을 37100[ /]로 승압하기 위 해서 단상 변압기 3대를 다음 그림과 같이 접속하였다. 이 변압기의 1차, 2차 전압 및 SSS 구하여라. 단, 변압기의 손실은 무시하는 것으로 한다.",ex-song-0527-02,"3상3선식 3000[4 ], 200[ /]의 배전 선로의 전압을 37100[ /]로 승압하기 위 해서 단상 변압기 3대를 다음 그림과 같이 접속하였다. 이 변압기의 1차, 2차 전압 및 SSS 구하여라."
추출됨,낮음,최신 송배전공학,송배전공학,536,14.3,word,"(의제 14.3 j 어떤 공장의 3상 부하가 20[kW], 역률이 60[%](지상)라고 한다. 이것을 역를","(의제 14.3 j 어떤 공장의 3상 부하가 20[kW], 역률이 60[%](지상)라고 한다. 이것을 역를 80[% 로 개선하기 위해서 소요되는 콘덴서의 용량[]를 구하여라. 또, 이 콘 덴서에 걸리는 전압이 200[ /]라고 하면 그 정전 용량[/사]은 얼마로 되겠는가",ex-song-0536-01,"j 어떤 공장의 3상 부하가 20[kW], 역률이 60[%](지상)라고 한다. 이것을 역를 80[% 로 개선하기 위해서 소요되는 콘덴서의 용량[]를 구하여라."
추출됨,낮음,최신 송배전공학,송배전공학,537,14.4,word,(이제 14.4 OL 수용가가 당초 역률 80[%] (지상)로 60[ /]의 부하를 사용하고 있었는데,(이제 14.4 OL 수용가가 당초 역률 80[%] (지상)로 60[ /]의 부하를 사용하고 있었는데 새로이 역률 60[%] (지상)인 40[ ]의 부하를 추가해서 사용하게 되었다. 이때 콘덴서로 합성 역률올 90[%]로 개선하려고 할 경우 이에 소요될 콘덴서 용량 Q,ex-song-0537-01,OL 수용가가 당초 역률 80[%] (지상)로 60[ /]의 부하를 사용하고 있었는데 새로이 역률 60[%] (지상)인 40[ ]의 부하를 추가해서 사용하게 되었다. 이때 콘덴서로 합성 역률올 90[%]로 개선하려고 할 경우 이에 소요될 콘덴서 용량 Q 를 구하여라.
추출됨,낮음,최신 송배전공학,송배전공학,537,14.5,word,"(예제14.5 j 3[07]의 3상 3선식 배전 선로의 말단에 1,000[kW], 역률 80[%)(지상)의 부하","(예제14.5 j 3[07]의 3상 3선식 배전 선로의 말단에 1,000[kW], 역률 80[%)(지상)의 부하 가 접속되어 있다. 지금 전력용 콘덴서로 역률이 100[%]로 개선되었다면 이 선로 의",ex-song-0537-02,"j 3[07]의 3상 3선식 배전 선로의 말단에 1,000[kW], 역률 80[%)(지상)의 부하 가 접속되어 있다. 지금 전력용 콘덴서로 역률이 100[%]로 개선되었다면 이 선로 의 (1) 전압 강하 (2) 전력 손실 은 역률 개선 전의 몇 [%]로 되겠는가 단, 선로의 임피던스는 1선당 0.3+ 70.4[0/107]라 하고 부하 전압은 66000[ ] 로 일정하다고 한다. 선로의 저항 "
추출됨,낮음,최신 송배전공학,송배전공학,542,14.7,word,(의제 14.7 BA 용량 300[ ]의 변압기에서 지상 역률 70[%]의 부하에 300[kVA]S 공,(의제 14.7 BA 용량 300[ ]의 변압기에서 지상 역률 70[%]의 부하에 300[kVA]S 공 급하고 있다. 지금 합성 ABS 90[%]로 개선해서 이 변압기의 전용량까지 공급 하려고 한다. 여기에 소요될 전력용 콘덴서의 용량 및 이때 증가시킬 수 있는 부하,ex-song-0542-01,"BA 용량 300[ ]의 변압기에서 지상 역률 70[%]의 부하에 300[kVA]S 공 급하고 있다. 지금 합성 ABS 90[%]로 개선해서 이 변압기의 전용량까지 공급 하려고 한다. 여기에 소요될 전력용 콘덴서의 용량 및 이때 증가시킬 수 있는 부하 (SBS 지상 70[%])는 얼마인가 전력 콘덴서의 용량 는 식 (14.19)로부터 Q= W008, a - iio, cos, =800 09 f"
추출됨,낮음,최신 송배전공학,송배전공학,546,14.10,word,"(의제 14.10 어느 평형 3상 3선식 배전 선로로 100[ ], 지상 역를 60[%]의 부하에 전력을","(의제 14.10 어느 평형 3상 3선식 배전 선로로 100[ ], 지상 역를 60[%]의 부하에 전력을 공급할 경우 이 선로의 전력 손실률은 12[%]라고 한다. 지금 부하에 병렬로 콘덴서를 설치해서 이 선로의 전력 손실를을 5[%]로 감소",ex-song-0546-01,"어느 평형 3상 3선식 배전 선로로 100[ ], 지상 역를 60[%]의 부하에 전력을 공급할 경우 이 선로의 전력 손실률은 12[%]라고 한다. 지금 부하에 병렬로 콘덴서를 설치해서 이 선로의 전력 손실를을 5[%]로 감소 시키기 위해서는 몇 [의 콘덴서를 필요로 하게 되는가롤 계산하여라."
추출됨,낮음,최신 송배전공학,송배전공학,574,14.14,word,(의제 14.14 [Sie 우리나라 배전 계통의 운용 HO BAS 모으고 있는 배전 자동화 시스,(의제 14.14 [Sie 우리나라 배전 계통의 운용 HO BAS 모으고 있는 배전 자동화 시스 템에 대해서 설명하여라. 배전 설비는 다양하고 방대한 양의 설비가 지역적으로 분산해서 설치되어 있을 뿐만 아,ex-song-0574-01,[Sie 우리나라 배전 계통의 운용 HO BAS 모으고 있는 배전 자동화 시스 템에 대해서 설명하여라.
